ply
format ascii 1.0
element vertex 26400
property float x
property float y
property float z
end_header
0.0000 -1.0000 2.7000
0.0200 -1.0000 2.7000
0.0400 -1.0000 2.7000
0.0600 -1.0000 2.7000
0.0800 -1.0000 2.7000
0.1000 -1.0000 2.7000
0.1200 -1.0000 2.7000
0.1400 -1.0000 2.7000
0.1600 -1.0000 2.7000
0.1800 -1.0000 2.7000
0.2000 -1.0000 2.7000
0.2200 -1.0000 2.7000
0.2400 -1.0000 2.7000
0.2600 -1.0000 2.7000
0.2800 -1.0000 2.7000
0.3000 -1.0000 2.7000
0.3200 -1.0000 2.7000
0.3400 -1.0000 2.7000
0.3600 -1.0000 2.7000
0.3800 -1.0000 2.7000
0.4000 -1.0000 2.7000
0.4200 -1.0000 2.7000
0.4400 -1.0000 2.7000
0.4600 -1.0000 2.7000
0.4800 -1.0000 2.7000
0.5000 -1.0000 2.7000
0.5200 -1.0000 2.7000
0.5400 -1.0000 2.7000
0.5600 -1.0000 2.7000
0.5800 -1.0000 2.7000
0.6000 -1.0000 2.7000
0.6200 -1.0000 2.7000
0.6400 -1.0000 2.7000
0.6600 -1.0000 2.7000
0.6800 -1.0000 2.7000
0.7000 -1.0000 2.7000
0.7200 -1.0000 2.7000
0.7400 -1.0000 2.7000
0.7600 -1.0000 2.7000
0.7800 -1.0000 2.7000
0.8000 -1.0000 2.7000
0.8200 -1.0000 2.7000
0.8400 -1.0000 2.7000
0.8600 -1.0000 2.7000
0.8800 -1.0000 2.7000
0.9000 -1.0000 2.7000
0.9200 -1.0000 2.7000
0.9400 -1.0000 2.7000
0.9600 -1.0000 2.7000
0.9800 -1.0000 2.7000
1.0000 -1.0000 2.7000
1.0200 -1.0000 2.7000
1.0400 -1.0000 2.7000
1.0600 -1.0000 2.7000
1.0800 -1.0000 2.7000
1.1000 -1.0000 2.7000
1.1200 -1.0000 2.7000
1.1400 -1.0000 2.7000
1.1600 -1.0000 2.7000
1.1800 -1.0000 2.7000
1.2000 -1.0000 2.7000
1.2200 -1.0000 2.7000
1.2400 -1.0000 2.7000
1.2600 -1.0000 2.7000
1.2800 -1.0000 2.7000
1.3000 -1.0000 2.7000
1.3200 -1.0000 2.7000
1.3400 -1.0000 2.7000
1.3600 -1.0000 2.7000
1.3800 -1.0000 2.7000
1.4000 -1.0000 2.7000
1.4200 -1.0000 2.7000
1.4400 -1.0000 2.7000
1.4600 -1.0000 2.7000
1.4800 -1.0000 2.7000
1.5000 -1.0000 2.7000
1.5200 -1.0000 2.7000
1.5400 -1.0000 2.7000
1.5600 -1.0000 2.7000
1.5800 -1.0000 2.7000
1.6000 -1.0000 2.7000
1.6200 -1.0000 2.7000
1.6400 -1.0000 2.7000
1.6600 -1.0000 2.7000
1.6800 -1.0000 2.7000
1.7000 -1.0000 2.7000
1.7200 -1.0000 2.7000
1.7400 -1.0000 2.7000
1.7600 -1.0000 2.7000
1.7800 -1.0000 2.7000
1.8000 -1.0000 2.7000
1.8200 -1.0000 2.7000
1.8400 -1.0000 2.7000
1.8600 -1.0000 2.7000
1.8800 -1.0000 2.7000
1.9000 -1.0000 2.7000
1.9200 -1.0000 2.7000
1.9400 -1.0000 2.7000
1.9600 -1.0000 2.7000
1.9800 -1.0000 2.7000
2.0000 -1.0000 2.7000
2.0200 -1.0000 2.7000
2.0400 -1.0000 2.7000
2.0600 -1.0000 2.7000
2.0800 -1.0000 2.7000
2.1000 -1.0000 2.7000
2.1200 -1.0000 2.7000
2.1400 -1.0000 2.7000
2.1600 -1.0000 2.7000
2.1800 -1.0000 2.7000
2.2000 -1.0000 2.7000
2.2200 -1.0000 2.7000
2.2400 -1.0000 2.7000
2.2600 -1.0000 2.7000
2.2800 -1.0000 2.7000
2.3000 -1.0000 2.7000
2.3200 -1.0000 2.7000
2.3400 -1.0000 2.7000
2.3600 -1.0000 2.7000
2.3800 -1.0000 2.7000
2.4000 -1.0000 2.7000
2.4200 -1.0000 2.7000
2.4400 -1.0000 2.7000
2.4600 -1.0000 2.7000
2.4800 -1.0000 2.7000
2.5000 -1.0000 2.7000
2.5200 -1.0000 2.7000
2.5400 -1.0000 2.7000
2.5600 -1.0000 2.7000
2.5800 -1.0000 2.7000
2.6000 -1.0000 2.7000
2.6200 -1.0000 2.7000
2.6400 -1.0000 2.7000
2.6600 -1.0000 2.7000
2.6800 -1.0000 2.7000
2.7000 -1.0000 2.7000
2.7200 -1.0000 2.7000
2.7400 -1.0000 2.7000
2.7600 -1.0000 2.7000
2.7800 -1.0000 2.7000
2.8000 -1.0000 2.7000
2.8200 -1.0000 2.7000
2.8400 -1.0000 2.7000
2.8600 -1.0000 2.7000
2.8800 -1.0000 2.7000
2.9000 -1.0000 2.7000
2.9200 -1.0000 2.7000
2.9400 -1.0000 2.7000
2.9600 -1.0000 2.7000
2.9800 -1.0000 2.7000
3.0000 -1.0000 2.7000
3.0200 -1.0000 2.7000
3.0400 -1.0000 2.7000
3.0600 -1.0000 2.7000
3.0800 -1.0000 2.7000
3.1000 -1.0000 2.7000
3.1200 -1.0000 2.7000
3.1400 -1.0000 2.7000
3.1600 -1.0000 2.7000
3.1800 -1.0000 2.7000
3.2000 -1.0000 2.7000
3.2200 -1.0000 2.7000
3.2400 -1.0000 2.7000
3.2600 -1.0000 2.7000
3.2800 -1.0000 2.7000
3.3000 -1.0000 2.7000
3.3200 -1.0000 2.7000
3.3400 -1.0000 2.7000
3.3600 -1.0000 2.7000
3.3800 -1.0000 2.7000
3.4000 -1.0000 2.7000
3.4200 -1.0000 2.7000
3.4400 -1.0000 2.7000
3.4600 -1.0000 2.7000
3.4800 -1.0000 2.7000
3.5000 -1.0000 2.7000
3.5200 -1.0000 2.7000
3.5400 -1.0000 2.7000
3.5600 -1.0000 2.7000
3.5800 -1.0000 2.7000
3.6000 -1.0000 2.7000
3.6200 -1.0000 2.7000
3.6400 -1.0000 2.7000
3.6600 -1.0000 2.7000
3.6800 -1.0000 2.7000
3.7000 -1.0000 2.7000
3.7200 -1.0000 2.7000
3.7400 -1.0000 2.7000
3.7600 -1.0000 2.7000
3.7800 -1.0000 2.7000
3.8000 -1.0000 2.7000
3.8200 -1.0000 2.7000
3.8400 -1.0000 2.7000
3.8600 -1.0000 2.7000
3.8800 -1.0000 2.7000
3.9000 -1.0000 2.7000
3.9200 -1.0000 2.7000
3.9400 -1.0000 2.7000
3.9600 -1.0000 2.7000
3.9800 -1.0000 2.7000
4.0000 -1.0000 2.7000
4.0200 -1.0000 2.7000
4.0400 -1.0000 2.7000
4.0600 -1.0000 2.7000
4.0800 -1.0000 2.7000
4.1000 -1.0000 2.7000
4.1200 -1.0000 2.7000
4.1400 -1.0000 2.7000
4.1600 -1.0000 2.7000
4.1800 -1.0000 2.7000
4.2000 -1.0000 2.7000
4.2200 -1.0000 2.7000
4.2400 -1.0000 2.7000
4.2600 -1.0000 2.7000
4.2800 -1.0000 2.7000
4.3000 -1.0000 2.7000
4.3200 -1.0000 2.7000
4.3400 -1.0000 2.7000
4.3600 -1.0000 2.7000
4.3800 -1.0000 2.7000
4.4000 -1.0000 2.7000
4.4200 -1.0000 2.7000
4.4400 -1.0000 2.7000
4.4600 -1.0000 2.7000
4.4800 -1.0000 2.7000
4.5000 -1.0000 2.7000
4.5200 -1.0000 2.7000
4.5400 -1.0000 2.7000
4.5600 -1.0000 2.7000
4.5800 -1.0000 2.7000
4.6000 -1.0000 2.7000
4.6200 -1.0000 2.7000
4.6400 -1.0000 2.7000
4.6600 -1.0000 2.7000
4.6800 -1.0000 2.7000
4.7000 -1.0000 2.7000
4.7200 -1.0000 2.7000
4.7400 -1.0000 2.7000
4.7600 -1.0000 2.7000
4.7800 -1.0000 2.7000
4.8000 -1.0000 2.7000
4.8200 -1.0000 2.7000
4.8400 -1.0000 2.7000
4.8600 -1.0000 2.7000
4.8800 -1.0000 2.7000
4.9000 -1.0000 2.7000
4.9200 -1.0000 2.7000
4.9400 -1.0000 2.7000
4.9600 -1.0000 2.7000
4.9800 -1.0000 2.7000
5.0000 -1.0000 2.7000
5.0200 -1.0000 2.7000
5.0400 -1.0000 2.7000
5.0600 -1.0000 2.7000
5.0800 -1.0000 2.7000
5.1000 -1.0000 2.7000
5.1200 -1.0000 2.7000
5.1400 -1.0000 2.7000
5.1600 -1.0000 2.7000
5.1800 -1.0000 2.7000
5.2000 -1.0000 2.7000
5.2200 -1.0000 2.7000
5.2400 -1.0000 2.7000
5.2600 -1.0000 2.7000
0.0000 -0.9800 2.7000
0.0200 -0.9800 2.7000
0.0400 -0.9800 2.7000
0.0600 -0.9800 2.7000
0.0800 -0.9800 2.7000
0.1000 -0.9800 2.7000
0.1200 -0.9800 2.7000
0.1400 -0.9800 2.7000
0.1600 -0.9800 2.7000
0.1800 -0.9800 2.7000
0.2000 -0.9800 2.7000
0.2200 -0.9800 2.7000
0.2400 -0.9800 2.7000
0.2600 -0.9800 2.7000
0.2800 -0.9800 2.7000
0.3000 -0.9800 2.7000
0.3200 -0.9800 2.7000
0.3400 -0.9800 2.7000
0.3600 -0.9800 2.7000
0.3800 -0.9800 2.7000
0.4000 -0.9800 2.7000
0.4200 -0.9800 2.7000
0.4400 -0.9800 2.7000
0.4600 -0.9800 2.7000
0.4800 -0.9800 2.7000
0.5000 -0.9800 2.7000
0.5200 -0.9800 2.7000
0.5400 -0.9800 2.7000
0.5600 -0.9800 2.7000
0.5800 -0.9800 2.7000
0.6000 -0.9800 2.7000
0.6200 -0.9800 2.7000
0.6400 -0.9800 2.7000
0.6600 -0.9800 2.7000
0.6800 -0.9800 2.7000
0.7000 -0.9800 2.7000
0.7200 -0.9800 2.7000
0.7400 -0.9800 2.7000
0.7600 -0.9800 2.7000
0.7800 -0.9800 2.7000
0.8000 -0.9800 2.7000
0.8200 -0.9800 2.7000
0.8400 -0.9800 2.7000
0.8600 -0.9800 2.7000
0.8800 -0.9800 2.7000
0.9000 -0.9800 2.7000
0.9200 -0.9800 2.7000
0.9400 -0.9800 2.7000
0.9600 -0.9800 2.7000
0.9800 -0.9800 2.7000
1.0000 -0.9800 2.7000
1.0200 -0.9800 2.7000
1.0400 -0.9800 2.7000
1.0600 -0.9800 2.7000
1.0800 -0.9800 2.7000
1.1000 -0.9800 2.7000
1.1200 -0.9800 2.7000
1.1400 -0.9800 2.7000
1.1600 -0.9800 2.7000
1.1800 -0.9800 2.7000
1.2000 -0.9800 2.7000
1.2200 -0.9800 2.7000
1.2400 -0.9800 2.7000
1.2600 -0.9800 2.7000
1.2800 -0.9800 2.7000
1.3000 -0.9800 2.7000
1.3200 -0.9800 2.7000
1.3400 -0.9800 2.7000
1.3600 -0.9800 2.7000
1.3800 -0.9800 2.7000
1.4000 -0.9800 2.7000
1.4200 -0.9800 2.7000
1.4400 -0.9800 2.7000
1.4600 -0.9800 2.7000
1.4800 -0.9800 2.7000
1.5000 -0.9800 2.7000
1.5200 -0.9800 2.7000
1.5400 -0.9800 2.7000
1.5600 -0.9800 2.7000
1.5800 -0.9800 2.7000
1.6000 -0.9800 2.7000
1.6200 -0.9800 2.7000
1.6400 -0.9800 2.7000
1.6600 -0.9800 2.7000
1.6800 -0.9800 2.7000
1.7000 -0.9800 2.7000
1.7200 -0.9800 2.7000
1.7400 -0.9800 2.7000
1.7600 -0.9800 2.7000
1.7800 -0.9800 2.7000
1.8000 -0.9800 2.7000
1.8200 -0.9800 2.7000
1.8400 -0.9800 2.7000
1.8600 -0.9800 2.7000
1.8800 -0.9800 2.7000
1.9000 -0.9800 2.7000
1.9200 -0.9800 2.7000
1.9400 -0.9800 2.7000
1.9600 -0.9800 2.7000
1.9800 -0.9800 2.7000
2.0000 -0.9800 2.7000
2.0200 -0.9800 2.7000
2.0400 -0.9800 2.7000
2.0600 -0.9800 2.7000
2.0800 -0.9800 2.7000
2.1000 -0.9800 2.7000
2.1200 -0.9800 2.7000
2.1400 -0.9800 2.7000
2.1600 -0.9800 2.7000
2.1800 -0.9800 2.7000
2.2000 -0.9800 2.7000
2.2200 -0.9800 2.7000
2.2400 -0.9800 2.7000
2.2600 -0.9800 2.7000
2.2800 -0.9800 2.7000
2.3000 -0.9800 2.7000
2.3200 -0.9800 2.7000
2.3400 -0.9800 2.7000
2.3600 -0.9800 2.7000
2.3800 -0.9800 2.7000
2.4000 -0.9800 2.7000
2.4200 -0.9800 2.7000
2.4400 -0.9800 2.7000
2.4600 -0.9800 2.7000
2.4800 -0.9800 2.7000
2.5000 -0.9800 2.7000
2.5200 -0.9800 2.7000
2.5400 -0.9800 2.7000
2.5600 -0.9800 2.7000
2.5800 -0.9800 2.7000
2.6000 -0.9800 2.7000
2.6200 -0.9800 2.7000
2.6400 -0.9800 2.7000
2.6600 -0.9800 2.7000
2.6800 -0.9800 2.7000
2.7000 -0.9800 2.7000
2.7200 -0.9800 2.7000
2.7400 -0.9800 2.7000
2.7600 -0.9800 2.7000
2.7800 -0.9800 2.7000
2.8000 -0.9800 2.7000
2.8200 -0.9800 2.7000
2.8400 -0.9800 2.7000
2.8600 -0.9800 2.7000
2.8800 -0.9800 2.7000
2.9000 -0.9800 2.7000
2.9200 -0.9800 2.7000
2.9400 -0.9800 2.7000
2.9600 -0.9800 2.7000
2.9800 -0.9800 2.7000
3.0000 -0.9800 2.7000
3.0200 -0.9800 2.7000
3.0400 -0.9800 2.7000
3.0600 -0.9800 2.7000
3.0800 -0.9800 2.7000
3.1000 -0.9800 2.7000
3.1200 -0.9800 2.7000
3.1400 -0.9800 2.7000
3.1600 -0.9800 2.7000
3.1800 -0.9800 2.7000
3.2000 -0.9800 2.7000
3.2200 -0.9800 2.7000
3.2400 -0.9800 2.7000
3.2600 -0.9800 2.7000
3.2800 -0.9800 2.7000
3.3000 -0.9800 2.7000
3.3200 -0.9800 2.7000
3.3400 -0.9800 2.7000
3.3600 -0.9800 2.7000
3.3800 -0.9800 2.7000
3.4000 -0.9800 2.7000
3.4200 -0.9800 2.7000
3.4400 -0.9800 2.7000
3.4600 -0.9800 2.7000
3.4800 -0.9800 2.7000
3.5000 -0.9800 2.7000
3.5200 -0.9800 2.7000
3.5400 -0.9800 2.7000
3.5600 -0.9800 2.7000
3.5800 -0.9800 2.7000
3.6000 -0.9800 2.7000
3.6200 -0.9800 2.7000
3.6400 -0.9800 2.7000
3.6600 -0.9800 2.7000
3.6800 -0.9800 2.7000
3.7000 -0.9800 2.7000
3.7200 -0.9800 2.7000
3.7400 -0.9800 2.7000
3.7600 -0.9800 2.7000
3.7800 -0.9800 2.7000
3.8000 -0.9800 2.7000
3.8200 -0.9800 2.7000
3.8400 -0.9800 2.7000
3.8600 -0.9800 2.7000
3.8800 -0.9800 2.7000
3.9000 -0.9800 2.7000
3.9200 -0.9800 2.7000
3.9400 -0.9800 2.7000
3.9600 -0.9800 2.7000
3.9800 -0.9800 2.7000
4.0000 -0.9800 2.7000
4.0200 -0.9800 2.7000
4.0400 -0.9800 2.7000
4.0600 -0.9800 2.7000
4.0800 -0.9800 2.7000
4.1000 -0.9800 2.7000
4.1200 -0.9800 2.7000
4.1400 -0.9800 2.7000
4.1600 -0.9800 2.7000
4.1800 -0.9800 2.7000
4.2000 -0.9800 2.7000
4.2200 -0.9800 2.7000
4.2400 -0.9800 2.7000
4.2600 -0.9800 2.7000
4.2800 -0.9800 2.7000
4.3000 -0.9800 2.7000
4.3200 -0.9800 2.7000
4.3400 -0.9800 2.7000
4.3600 -0.9800 2.7000
4.3800 -0.9800 2.7000
4.4000 -0.9800 2.7000
4.4200 -0.9800 2.7000
4.4400 -0.9800 2.7000
4.4600 -0.9800 2.7000
4.4800 -0.9800 2.7000
4.5000 -0.9800 2.7000
4.5200 -0.9800 2.7000
4.5400 -0.9800 2.7000
4.5600 -0.9800 2.7000
4.5800 -0.9800 2.7000
4.6000 -0.9800 2.7000
4.6200 -0.9800 2.7000
4.6400 -0.9800 2.7000
4.6600 -0.9800 2.7000
4.6800 -0.9800 2.7000
4.7000 -0.9800 2.7000
4.7200 -0.9800 2.7000
4.7400 -0.9800 2.7000
4.7600 -0.9800 2.7000
4.7800 -0.9800 2.7000
4.8000 -0.9800 2.7000
4.8200 -0.9800 2.7000
4.8400 -0.9800 2.7000
4.8600 -0.9800 2.7000
4.8800 -0.9800 2.7000
4.9000 -0.9800 2.7000
4.9200 -0.9800 2.7000
4.9400 -0.9800 2.7000
4.9600 -0.9800 2.7000
4.9800 -0.9800 2.7000
5.0000 -0.9800 2.7000
5.0200 -0.9800 2.7000
5.0400 -0.9800 2.7000
5.0600 -0.9800 2.7000
5.0800 -0.9800 2.7000
5.1000 -0.9800 2.7000
5.1200 -0.9800 2.7000
5.1400 -0.9800 2.7000
5.1600 -0.9800 2.7000
5.1800 -0.9800 2.7000
5.2000 -0.9800 2.7000
5.2200 -0.9800 2.7000
5.2400 -0.9800 2.7000
5.2600 -0.9800 2.7000
0.0000 -0.9600 2.7000
0.0200 -0.9600 2.7000
0.0400 -0.9600 2.7000
0.0600 -0.9600 2.7000
0.0800 -0.9600 2.7000
0.1000 -0.9600 2.7000
0.1200 -0.9600 2.7000
0.1400 -0.9600 2.7000
0.1600 -0.9600 2.7000
0.1800 -0.9600 2.7000
0.2000 -0.9600 2.7000
0.2200 -0.9600 2.7000
0.2400 -0.9600 2.7000
0.2600 -0.9600 2.7000
0.2800 -0.9600 2.7000
0.3000 -0.9600 2.7000
0.3200 -0.9600 2.7000
0.3400 -0.9600 2.7000
0.3600 -0.9600 2.7000
0.3800 -0.9600 2.7000
0.4000 -0.9600 2.7000
0.4200 -0.9600 2.7000
0.4400 -0.9600 2.7000
0.4600 -0.9600 2.7000
0.4800 -0.9600 2.7000
0.5000 -0.9600 2.7000
0.5200 -0.9600 2.7000
0.5400 -0.9600 2.7000
0.5600 -0.9600 2.7000
0.5800 -0.9600 2.7000
0.6000 -0.9600 2.7000
0.6200 -0.9600 2.7000
0.6400 -0.9600 2.7000
0.6600 -0.9600 2.7000
0.6800 -0.9600 2.7000
0.7000 -0.9600 2.7000
0.7200 -0.9600 2.7000
0.7400 -0.9600 2.7000
0.7600 -0.9600 2.7000
0.7800 -0.9600 1.3064
0.8000 -0.9600 2.7000
0.8200 -0.9600 2.7000
0.8400 -0.9600 2.7000
0.8600 -0.9600 2.7000
0.8800 -0.9600 2.7000
0.9000 -0.9600 2.7000
0.9200 -0.9600 2.7000
0.9400 -0.9600 2.7000
0.9600 -0.9600 2.7000
0.9800 -0.9600 2.7000
1.0000 -0.9600 2.7000
1.0200 -0.9600 2.7000
1.0400 -0.9600 2.7000
1.0600 -0.9600 2.7000
1.0800 -0.9600 2.7000
1.1000 -0.9600 2.7000
1.1200 -0.9600 2.7000
1.1400 -0.9600 2.7000
1.1600 -0.9600 2.7000
1.1800 -0.9600 2.7000
1.2000 -0.9600 2.7000
1.2200 -0.9600 2.7000
1.2400 -0.9600 2.7000
1.2600 -0.9600 2.7000
1.2800 -0.9600 2.7000
1.3000 -0.9600 2.7000
1.3200 -0.9600 2.7000
1.3400 -0.9600 2.7000
1.3600 -0.9600 2.7000
1.3800 -0.9600 2.7000
1.4000 -0.9600 2.7000
1.4200 -0.9600 2.7000
1.4400 -0.9600 2.7000
1.4600 -0.9600 2.7000
1.4800 -0.9600 2.7000
1.5000 -0.9600 2.7000
1.5200 -0.9600 2.7000
1.5400 -0.9600 2.7000
1.5600 -0.9600 2.7000
1.5800 -0.9600 2.7000
1.6000 -0.9600 2.7000
1.6200 -0.9600 2.7000
1.6400 -0.9600 2.7000
1.6600 -0.9600 2.7000
1.6800 -0.9600 2.7000
1.7000 -0.9600 2.7000
1.7200 -0.9600 2.7000
1.7400 -0.9600 2.7000
1.7600 -0.9600 2.7000
1.7800 -0.9600 2.7000
1.8000 -0.9600 2.7000
1.8200 -0.9600 2.7000
1.8400 -0.9600 2.7000
1.8600 -0.9600 2.7000
1.8800 -0.9600 2.7000
1.9000 -0.9600 2.7000
1.9200 -0.9600 2.7000
1.9400 -0.9600 2.7000
1.9600 -0.9600 2.7000
1.9800 -0.9600 2.7000
2.0000 -0.9600 2.7000
2.0200 -0.9600 1.2504
2.0400 -0.9600 2.7000
2.0600 -0.9600 2.7000
2.0800 -0.9600 2.7000
2.1000 -0.9600 2.7000
2.1200 -0.9600 2.7000
2.1400 -0.9600 1.2424
2.1600 -0.9600 2.7000
2.1800 -0.9600 2.7000
2.2000 -0.9600 2.7000
2.2200 -0.9600 2.7000
2.2400 -0.9600 2.7000
2.2600 -0.9600 2.7000
2.2800 -0.9600 2.7000
2.3000 -0.9600 1.2760
2.3200 -0.9600 2.7000
2.3400 -0.9600 2.7000
2.3600 -0.9600 2.7000
2.3800 -0.9600 2.7000
2.4000 -0.9600 2.7000
2.4200 -0.9600 2.7000
2.4400 -0.9600 2.7000
2.4600 -0.9600 2.7000
2.4800 -0.9600 2.7000
2.5000 -0.9600 1.2320
2.5200 -0.9600 2.7000
2.5400 -0.9600 2.7000
2.5600 -0.9600 1.2288
2.5800 -0.9600 2.7000
2.6000 -0.9600 2.7000
2.6200 -0.9600 2.7000
2.6400 -0.9600 2.7000
2.6600 -0.9600 2.7000
2.6800 -0.9600 2.7000
2.7000 -0.9600 2.7000
2.7200 -0.9600 2.7000
2.7400 -0.9600 2.7000
2.7600 -0.9600 2.7000
2.7800 -0.9600 1.2400
2.8000 -0.9600 2.7000
2.8200 -0.9600 2.7000
2.8400 -0.9600 2.7000
2.8600 -0.9600 2.7000
2.8800 -0.9600 2.7000
2.9000 -0.9600 2.7000
2.9200 -0.9600 2.7000
2.9400 -0.9600 2.7000
2.9600 -0.9600 2.7000
2.9800 -0.9600 2.7000
3.0000 -0.9600 2.7000
3.0200 -0.9600 2.7000
3.0400 -0.9600 2.7000
3.0600 -0.9600 2.7000
3.0800 -0.9600 2.7000
3.1000 -0.9600 2.7000
3.1200 -0.9600 2.7000
3.1400 -0.9600 2.7000
3.1600 -0.9600 2.7000
3.1800 -0.9600 2.7000
3.2000 -0.9600 2.7000
3.2200 -0.9600 2.7000
3.2400 -0.9600 2.7000
3.2600 -0.9600 2.7000
3.2800 -0.9600 2.7000
3.3000 -0.9600 2.7000
3.3200 -0.9600 2.7000
3.3400 -0.9600 2.7000
3.3600 -0.9600 2.7000
3.3800 -0.9600 2.7000
3.4000 -0.9600 2.7000
3.4200 -0.9600 2.7000
3.4400 -0.9600 2.7000
3.4600 -0.9600 2.7000
3.4800 -0.9600 2.7000
3.5000 -0.9600 2.7000
3.5200 -0.9600 2.7000
3.5400 -0.9600 2.7000
3.5600 -0.9600 2.7000
3.5800 -0.9600 2.7000
3.6000 -0.9600 2.7000
3.6200 -0.9600 2.7000
3.6400 -0.9600 2.7000
3.6600 -0.9600 2.7000
3.6800 -0.9600 2.7000
3.7000 -0.9600 2.7000
3.7200 -0.9600 2.7000
3.7400 -0.9600 2.7000
3.7600 -0.9600 2.7000
3.7800 -0.9600 2.7000
3.8000 -0.9600 2.7000
3.8200 -0.9600 2.7000
3.8400 -0.9600 2.7000
3.8600 -0.9600 2.7000
3.8800 -0.9600 1.3040
3.9000 -0.9600 1.3112
3.9200 -0.9600 2.7000
3.9400 -0.9600 2.7000
3.9600 -0.9600 2.7000
3.9800 -0.9600 2.7000
4.0000 -0.9600 1.2560
4.0200 -0.9600 2.7000
4.0400 -0.9600 2.7000
4.0600 -0.9600 2.7000
4.0800 -0.9600 2.7000
4.1000 -0.9600 2.7000
4.1200 -0.9600 2.7000
4.1400 -0.9600 2.7000
4.1600 -0.9600 2.7000
4.1800 -0.9600 2.7000
4.2000 -0.9600 2.7000
4.2200 -0.9600 2.7000
4.2400 -0.9600 2.7000
4.2600 -0.9600 2.7000
4.2800 -0.9600 2.7000
4.3000 -0.9600 2.7000
4.3200 -0.9600 2.7000
4.3400 -0.9600 2.7000
4.3600 -0.9600 2.7000
4.3800 -0.9600 2.7000
4.4000 -0.9600 2.7000
4.4200 -0.9600 2.7000
4.4400 -0.9600 2.7000
4.4600 -0.9600 2.7000
4.4800 -0.9600 2.7000
4.5000 -0.9600 2.7000
4.5200 -0.9600 1.2840
4.5400 -0.9600 0.9330
4.5600 -0.9600 1.2864
4.5800 -0.9600 2.7000
4.6000 -0.9600 2.7000
4.6200 -0.9600 1.2816
4.6400 -0.9600 2.7000
4.6600 -0.9600 2.7000
4.6800 -0.9600 2.7000
4.7000 -0.9600 2.7000
4.7200 -0.9600 2.7000
4.7400 -0.9600 2.7000
4.7600 -0.9600 2.7000
4.7800 -0.9600 2.7000
4.8000 -0.9600 2.7000
4.8200 -0.9600 2.7000
4.8400 -0.9600 2.7000
4.8600 -0.9600 2.7000
4.8800 -0.9600 2.7000
4.9000 -0.9600 2.7000
4.9200 -0.9600 2.7000
4.9400 -0.9600 2.7000
4.9600 -0.9600 2.7000
4.9800 -0.9600 2.7000
5.0000 -0.9600 2.7000
5.0200 -0.9600 2.7000
5.0400 -0.9600 2.7000
5.0600 -0.9600 2.7000
5.0800 -0.9600 2.7000
5.1000 -0.9600 2.7000
5.1200 -0.9600 2.7000
5.1400 -0.9600 2.7000
5.1600 -0.9600 2.7000
5.1800 -0.9600 2.7000
5.2000 -0.9600 0.8736
5.2200 -0.9600 1.2400
5.2400 -0.9600 2.7000
5.2600 -0.9600 1.2736
0.0000 -0.9400 1.0104
0.0200 -0.9400 2.3616
0.0400 -0.9400 1.0080
0.0600 -0.9400 2.3622
0.0800 -0.9400 1.0104
0.1000 -0.9400 1.0110
0.1200 -0.9400 1.3464
0.1400 -0.9400 1.0014
0.1600 -0.9400 1.0140
0.1800 -0.9400 0.9874
0.2000 -0.9400 0.9880
0.2200 -0.9400 0.9850
0.2400 -0.9400 0.9784
0.2600 -0.9400 0.9922
0.2800 -0.9400 2.3576
0.3000 -0.9400 0.9952
0.3200 -0.9400 1.0074
0.3400 -0.9400 2.3604
0.3600 -0.9400 0.9952
0.3800 -0.9400 0.9996
0.4000 -0.9400 0.9980
0.4200 -0.9400 1.0034
0.4400 -0.9400 1.0010
0.4600 -0.9400 1.0110
0.4800 -0.9400 1.0164
0.5000 -0.9400 1.0164
0.5200 -0.9400 2.3628
0.5400 -0.9400 1.0244
0.5600 -0.9400 1.0170
0.5800 -0.9400 1.0104
0.6000 -0.9400 1.0068
0.6200 -0.9400 1.0140
0.6400 -0.9400 1.0244
0.6600 -0.9400 1.0044
0.6800 -0.9400 0.9980
0.7000 -0.9400 1.0098
0.7200 -0.9400 0.9928
0.7400 -0.9400 0.9538
0.7600 -0.9400 0.9482
0.7800 -0.9400 0.9482
0.8000 -0.9400 0.9354
0.8200 -0.9400 0.9264
0.8400 -0.9400 0.9034
0.8600 -0.9400 0.9004
0.8800 -0.9400 0.9072
0.9000 -0.9400 0.9200
0.9200 -0.9400 0.9066
0.9400 -0.9400 0.9128
0.9600 -0.9400 0.9164
0.9800 -0.9400 0.9240
1.0000 -0.9400 0.9140
1.0200 -0.9400 0.9140
1.0400 -0.9400 0.9232
1.0600 -0.9400 0.9140
1.0800 -0.9400 0.9256
1.1000 -0.9400 0.9226
1.1200 -0.9400 0.9134
1.1400 -0.9400 0.9240
1.1600 -0.9400 0.8950
1.1800 -0.9400 0.8980
1.2000 -0.9400 0.9004
1.2200 -0.9400 0.8980
1.2400 -0.9400 0.8980
1.2600 -0.9400 0.9010
1.2800 -0.9400 0.8980
1.3000 -0.9400 0.9010
1.3200 -0.9400 0.8836
1.3400 -0.9400 0.8936
1.3600 -0.9400 0.8750
1.3800 -0.9400 0.8936
1.4000 -0.9400 0.8680
1.4200 -0.9400 0.8680
1.4400 -0.9400 0.8534
1.4600 -0.9400 0.8496
1.4800 -0.9400 0.8510
1.5000 -0.9400 0.8680
1.5200 -0.9400 0.8534
1.5400 -0.9400 0.8674
1.5600 -0.9400 0.9140
1.5800 -0.9400 0.8760
1.6000 -0.9400 0.8674
1.6200 -0.9400 0.8880
1.6400 -0.9400 0.9096
1.6600 -0.9400 0.8774
1.6800 -0.9400 0.8642
1.7000 -0.9400 0.9010
1.7200 -0.9400 0.9096
1.7400 -0.9400 0.8936
1.7600 -0.9400 0.8836
1.7800 -0.9400 2.3370
1.8000 -0.9400 0.8850
1.8200 -0.9400 0.8596
1.8400 -0.9400 0.8642
1.8600 -0.9400 0.8650
1.8800 -0.9400 0.8860
1.9000 -0.9400 0.9104
1.9200 -0.9400 0.8960
1.9400 -0.9400 0.8974
1.9600 -0.9400 0.8666
1.9800 -0.9400 0.8650
2.0000 -0.9400 0.8674
2.0200 -0.9400 0.8628
2.0400 -0.9400 0.8874
2.0600 -0.9400 0.8936
2.0800 -0.9400 0.8850
2.1000 -0.9400 0.8736
2.1200 -0.9400 0.8780
2.1400 -0.9400 0.8774
2.1600 -0.9400 0.8854
2.1800 -0.9400 0.8960
2.2000 -0.9400 0.8980
2.2200 -0.9400 0.9048
2.2400 -0.9400 0.9104
2.2600 -0.9400 0.9072
2.2800 -0.9400 0.9110
2.3000 -0.9400 0.9164
2.3200 -0.9400 0.8974
2.3400 -0.9400 0.8974
2.3600 -0.9400 0.9194
2.3800 -0.9400 0.8950
2.4000 -0.9400 0.9128
2.4200 -0.9400 0.9072
2.4400 -0.9400 0.8596
2.4600 -0.9400 0.8930
2.4800 -0.9400 0.8434
2.5000 -0.9400 0.8440
2.5200 -0.9400 0.8440
2.5400 -0.9400 0.8540
2.5600 -0.9400 1.2128
2.5800 -0.9400 0.8410
2.6000 -0.9400 0.8230
2.6200 -0.9400 0.8490
2.6400 -0.9400 0.8364
2.6600 -0.9400 0.8364
2.6800 -0.9400 0.8332
2.7000 -0.9400 0.8340
2.7200 -0.9400 0.8222
2.7400 -0.9400 0.8190
2.7600 -0.9400 0.8434
2.7800 -0.9400 0.8736
2.8000 -0.9400 0.8340
2.8200 -0.9400 0.8874
2.8400 -0.9400 0.8850
2.8600 -0.9400 0.8836
2.8800 -0.9400 0.8402
2.9000 -0.9400 0.8650
2.9200 -0.9400 0.8642
2.9400 -0.9400 0.8836
2.9600 -0.9400 0.8490
2.9800 -0.9400 0.8650
3.0000 -0.9400 0.8680
3.0200 -0.9400 0.8760
3.0400 -0.9400 0.9086
3.0600 -0.9400 0.8596
3.0800 -0.9400 0.8674
3.1000 -0.9400 0.8980
3.1200 -0.9400 0.8960
3.1400 -0.9400 0.8674
3.1600 -0.9400 0.8830
3.1800 -0.9400 0.8666
3.2000 -0.9400 0.9134
3.2200 -0.9400 0.9264
3.2400 -0.9400 0.9232
3.2600 -0.9400 0.9294
3.2800 -0.9400 0.9300
3.3000 -0.9400 0.9420
3.3200 -0.9400 0.9384
3.3400 -0.9400 0.9502
3.3600 -0.9400 0.9790
3.3800 -0.9400 0.9980
3.4000 -0.9400 0.9940
3.4200 -0.9400 0.9928
3.4400 -0.9400 0.9862
3.4600 -0.9400 0.9748
3.4800 -0.9400 0.9444
3.5000 -0.9400 0.9450
3.5200 -0.9400 0.9200
3.5400 -0.9400 0.9300
3.5600 -0.9400 0.9294
3.5800 -0.9400 0.9294
3.6000 -0.9400 0.9194
3.6200 -0.9400 0.9170
3.6400 -0.9400 0.9040
3.6600 -0.9400 2.3408
3.6800 -0.9400 0.9104
3.7000 -0.9400 0.8974
3.7200 -0.9400 0.8736
3.7400 -0.9400 0.8680
3.7600 -0.9400 0.9232
3.7800 -0.9400 0.9170
3.8000 -0.9400 0.9128
3.8200 -0.9400 0.9140
3.8400 -0.9400 0.9110
3.8600 -0.9400 0.9232
3.8800 -0.9400 0.9414
3.9000 -0.9400 0.9530
3.9200 -0.9400 0.9140
3.9400 -0.9400 0.9164
3.9600 -0.9400 0.9010
3.9800 -0.9400 0.8894
4.0000 -0.9400 0.8794
4.0200 -0.9400 0.9066
4.0400 -0.9400 0.8960
4.0600 -0.9400 2.3376
4.0800 -0.9400 0.8794
4.1000 -0.9400 0.8894
4.1200 -0.9400 0.8874
4.1400 -0.9400 0.8880
4.1600 -0.9400 0.8736
4.1800 -0.9400 0.8540
4.2000 -0.9400 0.8836
4.2200 -0.9400 0.8750
4.2400 -0.9400 0.8680
4.2600 -0.9400 0.8780
4.2800 -0.9400 0.9164
4.3000 -0.9400 0.9110
4.3200 -0.9400 0.8980
4.3400 -0.9400 0.9034
4.3600 -0.9400 0.9170
4.3800 -0.9400 0.9146
4.4000 -0.9400 0.9140
4.4200 -0.9400 0.9240
4.4400 -0.9400 0.9270
4.4600 -0.9400 0.9270
4.4800 -0.9400 0.9270
4.5000 -0.9400 0.9324
4.5200 -0.9400 0.9270
4.5400 -0.9400 0.9294
4.5600 -0.9400 0.9294
4.5800 -0.9400 0.9414
4.6000 -0.9400 0.9270
4.6200 -0.9400 0.9270
4.6400 -0.9400 0.9232
4.6600 -0.9400 0.9140
4.6800 -0.9400 0.9096
4.7000 -0.9400 0.8980
4.7200 -0.9400 0.8950
4.7400 -0.9400 0.9164
4.7600 -0.9400 0.8874
4.7800 -0.9400 0.8774
4.8000 -0.9400 0.9004
4.8200 -0.9400 0.8974
4.8400 -0.9400 0.9232
4.8600 -0.9400 0.9300
4.8800 -0.9400 0.9164
4.9000 -0.9400 0.9134
4.9200 -0.9400 0.9034
4.9400 -0.9400 0.8960
4.9600 -0.9400 0.8874
4.9800 -0.9400 0.8936
5.0000 -0.9400 0.8610
5.0200 -0.9400 0.8440
5.0400 -0.9400 0.8736
5.0600 -0.9400 0.8642
5.0800 -0.9400 0.8736
5.1000 -0.9400 0.8998
5.1200 -0.9400 0.9164
5.1400 -0.9400 0.9164
5.1600 -0.9400 0.8974
5.1800 -0.9400 0.8434
5.2000 -0.9400 0.8534
5.2200 -0.9400 0.8596
5.2400 -0.9400 0.9086
5.2600 -0.9400 0.9240
0.0000 -0.9200 0.9904
0.0200 -0.9200 2.0176
0.0400 -0.9200 0.9796
0.0600 -0.9200 0.9862
0.0800 -0.9200 1.6710
0.1000 -0.9200 1.6728
0.1200 -0.9200 0.9598
0.1400 -0.9200 0.9664
0.1600 -0.9200 0.9960
0.1800 -0.9200 0.9604
0.2000 -0.9200 0.9616
0.2200 -0.9200 0.9384
0.2400 -0.9200 0.9372
0.2600 -0.9200 0.9526
0.2800 -0.9200 0.9616
0.3000 -0.9200 0.9526
0.3200 -0.9200 0.9688
0.3400 -0.9200 0.9664
0.3600 -0.9200 0.9586
0.3800 -0.9200 0.9796
0.4000 -0.9200 0.9616
0.4200 -0.9200 0.9448
0.4400 -0.9200 0.9526
0.4600 -0.9200 0.9796
0.4800 -0.9200 0.9972
0.5000 -0.9200 0.9960
0.5200 -0.9200 0.9978
0.5400 -0.9200 0.9924
0.5600 -0.9200 1.6728
0.5800 -0.9200 0.9826
0.6000 -0.9200 0.9736
0.6200 -0.9200 0.9916
0.6400 -0.9200 0.9984
0.6600 -0.9200 0.9682
0.6800 -0.9200 0.9664
0.7000 -0.9200 0.9826
0.7200 -0.9200 0.9724
0.7400 -0.9200 0.9282
0.7600 -0.9200 0.9282
0.7800 -0.9200 0.9252
0.8000 -0.9200 0.9104
0.8200 -0.9200 0.9056
0.8400 -0.9200 0.8638
0.8600 -0.9200 0.8584
0.8800 -0.9200 0.8720
0.9000 -0.9200 0.8974
0.9200 -0.9200 0.8662
0.9400 -0.9200 0.8708
0.9600 -0.9200 0.8890
0.9800 -0.9200 0.9122
1.0000 -0.9200 0.8666
1.0200 -0.9200 0.8584
1.0400 -0.9200 0.8974
1.0600 -0.9200 0.8962
1.0800 -0.9200 0.8748
1.1000 -0.9200 0.8748
1.1200 -0.9200 0.8762
1.1400 -0.9200 0.8908
1.1600 -0.9200 0.8566
1.1800 -0.9200 0.8638
1.2000 -0.9200 0.8462
1.2200 -0.9200 0.8662
1.2400 -0.9200 0.8426
1.2600 -0.9200 0.8584
1.2800 -0.9200 0.8550
1.3000 -0.9200 0.8550
1.3200 -0.9200 0.8468
1.3400 -0.9200 0.8568
1.3600 -0.9200 0.8274
1.3800 -0.9200 0.8450
1.4000 -0.9200 0.8352
1.4200 -0.9200 0.8368
1.4400 -0.9200 0.8230
1.4600 -0.9200 0.8206
1.4800 -0.9200 0.8206
1.5000 -0.9200 0.8310
1.5200 -0.9200 0.8246
1.5400 -0.9200 0.8258
1.5600 -0.9200 0.8720
1.5800 -0.9200 0.8328
1.6000 -0.9200 0.8328
1.6200 -0.9200 0.8522
1.6400 -0.9200 0.8566
1.6600 -0.9200 0.8328
1.6800 -0.9200 0.8282
1.7000 -0.9200 0.8690
1.7200 -0.9200 0.8748
1.7400 -0.9200 0.8462
1.7600 -0.9200 0.8380
1.7800 -0.9200 0.8568
1.8000 -0.9200 0.8480
1.8200 -0.9200 0.8246
1.8400 -0.9200 0.8258
1.8600 -0.9200 0.8298
1.8800 -0.9200 0.8298
1.9000 -0.9200 0.8748
1.9200 -0.9200 0.8568
1.9400 -0.9200 0.8480
1.9600 -0.9200 0.8316
1.9800 -0.9200 0.8316
2.0000 -0.9200 0.8368
2.0200 -0.9200 0.8230
2.0400 -0.9200 0.8422
2.0600 -0.9200 0.8480
2.0800 -0.9200 0.8426
2.1000 -0.9200 0.8246
2.1200 -0.9200 0.8258
2.1400 -0.9200 0.8282
2.1600 -0.9200 0.8258
2.1800 -0.9200 0.8310
2.2000 -0.9200 0.8462
2.2200 -0.9200 0.8720
2.2400 -0.9200 0.8890
2.2600 -0.9200 0.8862
2.2800 -0.9200 0.8820
2.3000 -0.9200 0.8790
2.3200 -0.9200 0.8480
2.3400 -0.9200 0.8550
2.3600 -0.9200 0.8702
2.3800 -0.9200 0.8398
2.4000 -0.9200 0.8720
2.4200 -0.9200 0.8720
2.4400 -0.9200 0.8246
2.4600 -0.9200 0.8328
2.4800 -0.9200 0.8190
2.5000 -0.9200 0.8206
2.5200 -0.9200 0.8206
2.5400 -0.9200 0.8230
2.5600 -0.9200 0.8172
2.5800 -0.9200 0.8172
2.6000 -0.9200 0.8120
2.6200 -0.9200 0.8230
2.6400 -0.9200 0.8136
2.6600 -0.9200 0.8136
2.6800 -0.9200 0.8172
2.7000 -0.9200 0.8172
2.7200 -0.9200 0.8136
2.7400 -0.9200 0.8120
2.7600 -0.9200 0.8190
2.7800 -0.9200 0.8246
2.8000 -0.9200 0.8190
2.8200 -0.9200 0.8398
2.8400 -0.9200 0.8398
2.8600 -0.9200 0.8328
2.8800 -0.9200 0.8206
2.9000 -0.9200 0.8328
2.9200 -0.9200 0.8316
2.9400 -0.9200 0.8352
2.9600 -0.9200 1.9492
2.9800 -0.9200 1.9492
3.0000 -0.9200 0.8246
3.0200 -0.9200 0.8246
3.0400 -0.9200 0.8908
3.0600 -0.9200 0.8206
3.0800 -0.9200 0.8258
3.1000 -0.9200 0.8426
3.1200 -0.9200 0.8274
3.1400 -0.9200 0.8246
3.1600 -0.9200 0.8298
3.1800 -0.9200 1.5738
3.2000 -0.9200 0.8690
3.2200 -0.9200 0.9068
3.2400 -0.9200 0.9038
3.2600 -0.9200 0.9122
3.2800 -0.9200 0.9182
3.3000 -0.9200 0.9282
3.3200 -0.9200 0.9282
3.3400 -0.9200 0.9384
3.3600 -0.9200 0.9562
3.3800 -0.9200 0.9682
3.4000 -0.9200 0.9652
3.4200 -0.9200 0.9514
3.4400 -0.9200 0.9414
3.4600 -0.9200 0.9324
3.4800 -0.9200 0.9228
3.5000 -0.9200 0.9252
3.5200 -0.9200 0.9140
3.5400 -0.9200 0.9122
3.5600 -0.9200 0.9152
3.5800 -0.9200 0.9170
3.6000 -0.9200 0.8920
3.6200 -0.9200 0.8890
3.6400 -0.9200 0.8890
3.6600 -0.9200 0.8862
3.6800 -0.9200 0.8908
3.7000 -0.9200 0.8368
3.7200 -0.9200 0.8422
3.7400 -0.9200 0.8522
3.7600 -0.9200 0.9004
3.7800 -0.9200 0.9004
3.8000 -0.9200 0.8578
3.8200 -0.9200 0.8666
3.8400 -0.9200 0.8820
3.8600 -0.9200 0.9038
3.8800 -0.9200 0.9134
3.9000 -0.9200 0.9152
3.9200 -0.9200 0.8790
3.9400 -0.9200 0.8720
3.9600 -0.9200 0.8638
3.9800 -0.9200 0.8584
4.0000 -0.9200 0.8522
4.0200 -0.9200 0.8450
4.0400 -0.9200 0.8398
4.0600 -0.9200 0.8450
4.0800 -0.9200 0.8626
4.1000 -0.9200 0.8550
4.1200 -0.9200 0.8380
4.1400 -0.9200 0.8450
4.1600 -0.9200 0.8368
4.1800 -0.9200 0.8246
4.2000 -0.9200 0.8298
4.2200 -0.9200 0.8398
4.2400 -0.9200 0.8386
4.2600 -0.9200 0.8626
4.2800 -0.9200 0.8802
4.3000 -0.9200 0.8962
4.3200 -0.9200 0.8780
4.3400 -0.9200 0.8662
4.3600 -0.9200 0.9092
4.3800 -0.9200 0.8974
4.4000 -0.9200 0.8920
4.4200 -0.9200 0.9092
4.4400 -0.9200 0.9152
4.4600 -0.9200 0.9140
4.4800 -0.9200 0.9152
4.5000 -0.9200 0.9140
4.5200 -0.9200 0.9182
4.5400 -0.9200 0.9152
4.5600 -0.9200 0.9152
4.5800 -0.9200 0.9198
4.6000 -0.9200 0.9152
4.6200 -0.9200 0.9140
4.6400 -0.9200 0.9122
4.6600 -0.9200 0.8992
4.6800 -0.9200 0.8862
4.7000 -0.9200 0.8662
4.7200 -0.9200 0.8662
4.7400 -0.9200 0.8748
4.7600 -0.9200 0.8468
4.7800 -0.9200 0.8468
4.8000 -0.9200 0.8808
4.8200 -0.9200 0.8808
4.8400 -0.9200 0.9104
4.8600 -0.9200 0.9152
4.8800 -0.9200 0.8862
4.9000 -0.9200 0.8908
4.9200 -0.9200 0.8566
4.9400 -0.9200 0.8368
4.9600 -0.9200 0.8274
4.9800 -0.9200 0.8328
5.0000 -0.9200 0.8282
5.0200 -0.9200 1.9492
5.0400 -0.9200 1.9492
5.0600 -0.9200 1.5738
5.0800 -0.9200 0.8352
5.1000 -0.9200 0.8398
5.1200 -0.9200 0.8596
5.1400 -0.9200 0.8596
5.1600 -0.9200 0.8450
5.1800 -0.9200 0.8190
5.2000 -0.9200 1.9492
5.2200 -0.9200 1.5738
5.2400 -0.9200 0.8920
5.2600 -0.9200 0.9152
0.0000 -0.9000 0.9550
0.0200 -0.9000 0.9550
0.0400 -0.9000 0.9300
0.0600 -0.9000 0.9420
0.0800 -0.9000 0.9420
0.1000 -0.9000 0.9450
0.1200 -0.9000 0.9270
0.1400 -0.9000 0.9300
0.1600 -0.9000 0.9450
0.1800 -0.9000 0.9270
0.2000 -0.9000 0.9270
0.2200 -0.9000 0.9240
0.2400 -0.9000 0.9240
0.2600 -0.9000 0.9300
0.2800 -0.9000 0.9330
0.3000 -0.9000 0.9240
0.3200 -0.9000 0.9300
0.3400 -0.9000 0.9300
0.3600 -0.9000 0.9300
0.3800 -0.9000 0.9330
0.4000 -0.9000 0.9270
0.4200 -0.9000 0.9200
0.4400 -0.9000 0.9240
0.4600 -0.9000 0.9300
0.4800 -0.9000 0.9390
0.5000 -0.9000 0.9580
0.5200 -0.9000 0.9640
0.5400 -0.9000 0.9360
0.5600 -0.9000 0.9330
0.5800 -0.9000 0.9330
0.6000 -0.9000 0.9300
0.6200 -0.9000 0.9420
0.6400 -0.9000 0.9360
0.6600 -0.9000 0.9330
0.6800 -0.9000 0.9300
0.7000 -0.9000 0.9390
0.7200 -0.9000 0.9360
0.7400 -0.9000 0.9170
0.7600 -0.9000 0.9140
0.7800 -0.9000 0.9080
0.8000 -0.9000 0.8540
0.8200 -0.9000 0.8410
0.8400 -0.9000 0.8270
0.8600 -0.9000 0.8270
0.8800 -0.9000 0.8300
0.9000 -0.9000 0.8340
0.9200 -0.9000 0.8300
0.9400 -0.9000 0.8300
0.9600 -0.9000 0.8410
0.9800 -0.9000 0.8650
1.0000 -0.9000 0.8270
1.0200 -0.9000 0.8230
1.0400 -0.9000 0.8410
1.0600 -0.9000 0.8440
1.0800 -0.9000 0.8300
1.1000 -0.9000 0.8340
1.1200 -0.9000 0.8340
1.1400 -0.9000 0.8370
1.1600 -0.9000 0.8230
1.1800 -0.9000 0.8230
1.2000 -0.9000 0.8230
1.2200 -0.9000 0.8230
1.2400 -0.9000 0.8160
1.2600 -0.9000 0.8190
1.2800 -0.9000 0.8190
1.3000 -0.9000 0.8160
1.3200 -0.9000 0.8230
1.3400 -0.9000 0.8270
1.3600 -0.9000 0.8090
1.3800 -0.9000 0.8160
1.4000 -0.9000 0.8160
1.4200 -0.9000 0.8120
1.4400 -0.9000 0.8020
1.4600 -0.9000 0.8050
1.4800 -0.9000 0.7980
1.5000 -0.9000 0.8020
1.5200 -0.9000 0.8050
1.5400 -0.9000 0.8050
1.5600 -0.9000 0.8160
1.5800 -0.9000 0.8120
1.6000 -0.9000 0.8160
1.6200 -0.9000 0.8190
1.6400 -0.9000 0.8190
1.6600 -0.9000 0.8160
1.6800 -0.9000 0.8160
1.7000 -0.9000 0.8230
1.7200 -0.9000 0.8230
1.7400 -0.9000 0.8160
1.7600 -0.9000 0.8160
1.7800 -0.9000 0.8230
1.8000 -0.9000 0.8160
1.8200 -0.9000 0.8090
1.8400 -0.9000 0.8050
1.8600 -0.9000 0.8090
1.8800 -0.9000 0.8090
1.9000 -0.9000 0.8190
1.9200 -0.9000 0.8190
1.9400 -0.9000 0.8160
1.9600 -0.9000 0.8160
1.9800 -0.9000 0.8120
2.0000 -0.9000 0.8160
2.0200 -0.9000 0.8050
2.0400 -0.9000 0.8120
2.0600 -0.9000 0.8160
2.0800 -0.9000 0.8120
2.1000 -0.9000 0.8090
2.1200 -0.9000 0.8020
2.1400 -0.9000 0.8090
2.1600 -0.9000 0.8090
2.1800 -0.9000 0.8090
2.2000 -0.9000 0.8120
2.2200 -0.9000 0.8190
2.2400 -0.9000 0.8440
2.2600 -0.9000 0.8410
2.2800 -0.9000 0.8300
2.3000 -0.9000 0.8410
2.3200 -0.9000 0.8190
2.3400 -0.9000 0.8190
2.3600 -0.9000 0.8090
2.3800 -0.9000 0.8090
2.4000 -0.9000 0.8230
2.4200 -0.9000 0.8270
2.4400 -0.9000 0.8160
2.4600 -0.9000 0.8090
2.4800 -0.9000 0.8020
2.5000 -0.9000 0.8050
2.5200 -0.9000 0.8020
2.5400 -0.9000 0.8020
2.5600 -0.9000 0.8020
2.5800 -0.9000 0.8020
2.6000 -0.9000 0.7830
2.6200 -0.9000 0.8050
2.6400 -0.9000 0.7940
2.6600 -0.9000 0.7980
2.6800 -0.9000 0.8020
2.7000 -0.9000 0.8020
2.7200 -0.9000 0.8020
2.7400 -0.9000 0.8020
2.7600 -0.9000 0.8050
2.7800 -0.9000 0.8050
2.8000 -0.9000 0.8020
2.8200 -0.9000 0.8090
2.8400 -0.9000 0.8090
2.8600 -0.9000 0.8090
2.8800 -0.9000 0.8050
2.9000 -0.9000 0.8160
2.9200 -0.9000 0.8160
2.9400 -0.9000 0.8160
2.9600 -0.9000 0.8120
2.9800 -0.9000 0.8090
3.0000 -0.9000 0.8120
3.0200 -0.9000 0.8090
3.0400 -0.9000 0.8230
3.0600 -0.9000 0.8020
3.0800 -0.9000 0.8050
3.1000 -0.9000 0.8050
3.1200 -0.9000 0.8050
3.1400 -0.9000 0.8050
3.1600 -0.9000 0.8090
3.1800 -0.9000 0.7980
3.2000 -0.9000 0.8230
3.2200 -0.9000 0.8440
3.2400 -0.9000 0.8410
3.2600 -0.9000 0.8650
3.2800 -0.9000 0.8950
3.3000 -0.9000 0.9040
3.3200 -0.9000 0.9040
3.3400 -0.9000 0.9240
3.3600 -0.9000 0.9240
3.3800 -0.9000 0.9300
3.4000 -0.9000 0.9300
3.4200 -0.9000 0.9270
3.4400 -0.9000 0.9200
3.4600 -0.9000 0.9010
3.4800 -0.9000 0.8780
3.5000 -0.9000 0.8880
3.5200 -0.9000 0.9010
3.5400 -0.9000 0.8850
3.5600 -0.9000 0.9110
3.5800 -0.9000 0.9110
3.6000 -0.9000 0.8300
3.6200 -0.9000 0.8230
3.6400 -0.9000 0.8410
3.6600 -0.9000 0.8370
3.6800 -0.9000 0.8340
3.7000 -0.9000 0.8160
3.7200 -0.9000 0.8190
3.7400 -0.9000 0.8230
3.7600 -0.9000 0.8230
3.7800 -0.9000 0.8410
3.8000 -0.9000 0.8090
3.8200 -0.9000 0.8090
3.8400 -0.9000 0.8340
3.8600 -0.9000 0.8440
3.8800 -0.9000 0.8340
3.9000 -0.9000 0.8370
3.9200 -0.9000 0.8300
3.9400 -0.9000 0.8340
3.9600 -0.9000 0.8230
3.9800 -0.9000 0.8230
4.0000 -0.9000 0.8230
4.0200 -0.9000 0.8190
4.0400 -0.9000 0.8160
4.0600 -0.9000 0.8160
4.0800 -0.9000 0.8190
4.1000 -0.9000 0.8160
4.1200 -0.9000 0.8090
4.1400 -0.9000 0.8090
4.1600 -0.9000 0.8090
4.1800 -0.9000 0.8050
4.2000 -0.9000 0.8090
4.2200 -0.9000 0.8160
4.2400 -0.9000 0.8160
4.2600 -0.9000 0.8270
4.2800 -0.9000 0.8190
4.3000 -0.9000 0.8370
4.3200 -0.9000 0.8300
4.3400 -0.9000 0.8230
4.3600 -0.9000 0.8410
4.3800 -0.9000 0.8650
4.4000 -0.9000 0.8540
4.4200 -0.9000 0.8610
4.4400 -0.9000 0.8880
4.4600 -0.9000 0.8880
4.4800 -0.9000 0.8950
4.5000 -0.9000 0.8750
4.5200 -0.9000 0.9110
4.5400 -0.9000 0.8850
4.5600 -0.9000 0.8850
4.5800 -0.9000 0.8950
4.6000 -0.9000 0.8880
4.6200 -0.9000 0.8750
4.6400 -0.9000 0.8680
4.6600 -0.9000 0.8610
4.6800 -0.9000 0.8440
4.7000 -0.9000 0.8270
4.7200 -0.9000 0.8230
4.7400 -0.9000 0.8230
4.7600 -0.9000 0.8230
4.7800 -0.9000 0.8300
4.8000 -0.9000 0.8370
4.8200 -0.9000 0.8440
4.8400 -0.9000 0.8540
4.8600 -0.9000 0.8610
4.8800 -0.9000 0.8440
4.9000 -0.9000 0.8540
4.9200 -0.9000 0.8190
4.9400 -0.9000 0.8190
4.9600 -0.9000 0.8090
4.9800 -0.9000 0.8090
5.0000 -0.9000 0.8090
5.0200 -0.9000 0.8020
5.0400 -0.9000 2.7000
5.0600 -0.9000 0.8020
5.0800 -0.9000 0.8160
5.1000 -0.9000 0.8090
5.1200 -0.9000 0.8050
5.1400 -0.9000 0.8020
5.1600 -0.9000 0.8160
5.1800 -0.9000 0.7870
5.2000 -0.9000 0.8090
5.2200 -0.9000 0.8090
5.2400 -0.9000 0.8340
5.2600 -0.9000 0.8750
0.0000 -0.8800 0.9288
0.0200 -0.8800 0.9300
0.0400 -0.8800 0.9158
0.0600 -0.8800 0.9224
0.0800 -0.8800 0.9240
0.1000 -0.8800 0.9258
0.1200 -0.8800 0.9140
0.1400 -0.8800 0.9128
0.1600 -0.8800 0.9188
0.1800 -0.8800 0.8928
0.2000 -0.8800 0.8958
0.2200 -0.8800 0.9052
0.2400 -0.8800 0.9052
0.2600 -0.8800 0.9128
0.2800 -0.8800 0.9158
0.3000 -0.8800 0.9016
0.3200 -0.8800 0.9170
0.3400 -0.8800 0.9116
0.3600 -0.8800 0.9128
0.3800 -0.8800 0.9100
0.4000 -0.8800 0.9052
0.4200 -0.8800 0.8710
0.4400 -0.8800 0.8694
0.4600 -0.8800 0.9158
0.4800 -0.8800 0.9116
0.5000 -0.8800 0.9270
0.5200 -0.8800 0.9288
0.5400 -0.8800 0.9200
0.5600 -0.8800 0.9270
0.5800 -0.8800 0.9188
0.6000 -0.8800 0.9200
0.6200 -0.8800 0.9188
0.6400 -0.8800 0.9170
0.6600 -0.8800 0.9158
0.6800 -0.8800 0.9158
0.7000 -0.8800 0.9170
0.7200 -0.8800 0.9040
0.7400 -0.8800 0.8782
0.7600 -0.8800 0.8728
0.7800 -0.8800 0.8500
0.8000 -0.8800 0.8230
0.8200 -0.8800 0.8074
0.8400 -0.8800 0.8144
0.8600 -0.8800 0.8144
0.8800 -0.8800 0.8132
0.9000 -0.8800 0.8144
0.9200 -0.8800 0.7976
0.9400 -0.8800 0.7936
0.9600 -0.8800 0.8190
0.9800 -0.8800 0.8178
1.0000 -0.8800 0.8108
1.0200 -0.8800 0.8092
1.0400 -0.8800 0.8178
1.0600 -0.8800 0.8160
1.0800 -0.8800 0.8160
1.1000 -0.8800 0.8178
1.1200 -0.8800 0.8022
1.1400 -0.8800 0.8108
1.1600 -0.8800 0.8022
1.1800 -0.8800 0.8074
1.2000 -0.8800 0.8132
1.2200 -0.8800 0.8022
1.2400 -0.8800 1.9288
1.2600 -0.8800 1.5522
1.2800 -0.8800 0.8074
1.3000 -0.8800 0.8004
1.3200 -0.8800 0.8108
1.3400 -0.8800 0.8144
1.3600 -0.8800 1.9304
1.3800 -0.8800 0.7952
1.4000 -0.8800 1.5522
1.4200 -0.8800 1.9304
1.4400 -0.8800 0.7228
1.4600 -0.8800 0.7716
1.4800 -0.8800 0.7380
1.5000 -0.8800 0.7744
1.5200 -0.8800 0.7802
1.5400 -0.8800 0.7446
1.5600 -0.8800 1.5498
1.5800 -0.8800 0.7758
1.6000 -0.8800 1.9288
1.6200 -0.8800 0.8038
1.6400 -0.8800 1.5498
1.6600 -0.8800 0.8038
1.6800 -0.8800 0.7976
1.7000 -0.8800 0.8074
1.7200 -0.8800 0.8074
1.7400 -0.8800 0.8004
1.7600 -0.8800 0.8038
1.7800 -0.8800 0.8022
1.8000 -0.8800 0.7786
1.8200 -0.8800 0.7502
1.8400 -0.8800 0.7470
1.8600 -0.8800 0.7802
1.8800 -0.8800 0.7988
1.9000 -0.8800 0.8038
1.9200 -0.8800 0.8022
1.9400 -0.8800 0.7988
1.9600 -0.8800 1.5546
1.9800 -0.8800 1.9304
2.0000 -0.8800 1.9304
2.0200 -0.8800 0.7692
2.0400 -0.8800 1.5522
2.0600 -0.8800 1.5522
2.0800 -0.8800 0.7878
2.1000 -0.8800 1.5498
2.1200 -0.8800 0.7514
2.1400 -0.8800 1.9304
2.1600 -0.8800 1.9304
2.1800 -0.8800 1.5522
2.2000 -0.8800 1.9304
2.2200 -0.8800 1.5522
2.2400 -0.8800 0.8160
2.2600 -0.8800 0.8144
2.2800 -0.8800 0.8090
2.3000 -0.8800 0.8254
2.3200 -0.8800 0.8006
2.3400 -0.8800 0.8022
2.3600 -0.8800 0.7786
2.3800 -0.8800 0.7716
2.4000 -0.8800 1.5522
2.4200 -0.8800 0.7936
2.4400 -0.8800 0.8022
2.4600 -0.8800 0.7786
2.4800 -0.8800 0.7602
2.5000 -0.8800 0.7700
2.5200 -0.8800 0.7502
2.5400 -0.8800 0.7380
2.5600 -0.8800 0.7172
2.5800 -0.8800 0.7212
2.6000 -0.8800 0.7244
2.6200 -0.8800 0.7562
2.6400 -0.8800 0.7292
2.6600 -0.8800 0.7316
2.6800 -0.8800 0.7276
2.7000 -0.8800 0.7316
2.7200 -0.8800 0.7502
2.7400 -0.8800 0.7470
2.7600 -0.8800 0.7854
2.7800 -0.8800 0.7586
2.8000 -0.8800 0.7446
2.8200 -0.8800 0.7502
2.8400 -0.8800 0.7562
2.8600 -0.8800 0.7700
2.8800 -0.8800 0.7644
2.9000 -0.8800 0.7936
2.9200 -0.8800 0.7896
2.9400 -0.8800 1.5498
2.9600 -0.8800 0.7988
2.9800 -0.8800 0.7878
3.0000 -0.8800 1.5546
3.0200 -0.8800 0.7602
3.0400 -0.8800 0.7976
3.0600 -0.8800 0.7316
3.0800 -0.8800 0.7502
3.1000 -0.8800 0.7716
3.1200 -0.8800 0.7786
3.1400 -0.8800 0.7676
3.1600 -0.8800 0.7716
3.1800 -0.8800 0.7530
3.2000 -0.8800 0.7988
3.2200 -0.8800 0.8160
3.2400 -0.8800 0.8178
3.2600 -0.8800 0.8178
3.2800 -0.8800 0.8342
3.3000 -0.8800 0.8500
3.3200 -0.8800 0.8470
3.3400 -0.8800 0.9098
3.3600 -0.8800 0.8910
3.3800 -0.8800 0.8958
3.4000 -0.8800 0.8928
3.4200 -0.8800 0.8800
3.4400 -0.8800 0.8840
3.4600 -0.8800 0.8312
3.4800 -0.8800 0.8288
3.5000 -0.8800 0.8342
3.5200 -0.8800 0.8412
3.5400 -0.8800 0.8482
3.5600 -0.8800 0.8594
3.5800 -0.8800 0.8694
3.6000 -0.8800 0.8144
3.6200 -0.8800 0.8074
3.6400 -0.8800 0.8160
3.6600 -0.8800 0.8160
3.6800 -0.8800 0.8062
3.7000 -0.8800 0.8038
3.7200 -0.8800 0.8090
3.7400 -0.8800 0.8108
3.7600 -0.8800 0.8004
3.7800 -0.8800 0.8090
3.8000 -0.8800 0.7854
3.8200 -0.8800 0.7870
3.8400 -0.8800 0.8074
3.8600 -0.8800 0.8132
3.8800 -0.8800 0.8108
3.9000 -0.8800 0.8160
3.9200 -0.8800 0.8074
3.9400 -0.8800 0.8108
3.9600 -0.8800 0.8074
3.9800 -0.8800 0.8108
4.0000 -0.8800 0.8160
4.0200 -0.8800 0.8074
4.0400 -0.8800 0.7964
4.0600 -0.8800 0.8022
4.0800 -0.8800 1.5498
4.1000 -0.8800 0.8022
4.1200 -0.8800 0.7786
4.1400 -0.8800 0.7854
4.1600 -0.8800 0.7928
4.1800 -0.8800 0.7562
4.2000 -0.8800 0.7676
4.2200 -0.8800 0.7758
4.2400 -0.8800 1.9288
4.2600 -0.8800 0.7988
4.2800 -0.8800 1.9288
4.3000 -0.8800 0.8074
4.3200 -0.8800 0.8074
4.3400 -0.8800 0.8090
4.3600 -0.8800 0.7896
4.3800 -0.8800 0.8272
4.4000 -0.8800 0.8324
4.4200 -0.8800 0.8214
4.4400 -0.8800 0.8312
4.4600 -0.8800 0.8400
4.4800 -0.8800 0.8412
4.5000 -0.8800 0.8312
4.5200 -0.8800 0.8566
4.5400 -0.8800 0.8382
4.5600 -0.8800 0.8482
4.5800 -0.8800 0.8254
4.6000 -0.8800 0.8358
4.6200 -0.8800 0.8230
4.6400 -0.8800 0.8254
4.6600 -0.8800 0.8178
4.6800 -0.8800 0.8160
4.7000 -0.8800 0.8090
4.7200 -0.8800 0.8074
4.7400 -0.8800 0.8022
4.7600 -0.8800 0.8022
4.7800 -0.8800 0.8160
4.8000 -0.8800 0.8074
4.8200 -0.8800 0.8108
4.8400 -0.8800 0.8074
4.8600 -0.8800 0.8108
4.8800 -0.8800 0.8254
4.9000 -0.8800 0.8300
4.9200 -0.8800 0.8004
4.9400 -0.8800 0.8108
4.9600 -0.8800 0.7894
4.9800 -0.8800 0.7894
5.0000 -0.8800 1.5498
5.0200 -0.8800 0.7316
5.0400 -0.8800 0.7446
5.0600 -0.8800 0.7446
5.0800 -0.8800 1.5522
5.1000 -0.8800 0.7744
5.1200 -0.8800 0.7430
5.1400 -0.8800 0.7428
5.1600 -0.8800 0.7716
5.1800 -0.8800 0.7292
5.2000 -0.8800 1.5522
5.2200 -0.8800 0.7894
5.2400 -0.8800 0.8074
5.2600 -0.8800 0.8254
0.0000 -0.8600 0.9146
0.0200 -0.8600 0.9146
0.0400 -0.8600 0.8670
0.0600 -0.8600 0.8568
0.0800 -0.8600 0.8876
0.1000 -0.8600 0.8906
0.1200 -0.8600 0.8568
0.1400 -0.8600 0.8530
0.1600 -0.8600 0.8814
0.1800 -0.8600 0.8244
0.2000 -0.8600 0.8244
0.2200 -0.8600 0.8314
0.2400 -0.8600 0.8384
0.2600 -0.8600 0.8430
0.2800 -0.8600 0.8460
0.3000 -0.8600 0.8384
0.3200 -0.8600 0.8538
0.3400 -0.8600 0.8436
0.3600 -0.8600 0.8562
0.3800 -0.8600 0.8314
0.4000 -0.8600 0.8354
0.4200 -0.8600 0.8198
0.4400 -0.8600 0.8190
0.4600 -0.8600 0.8624
0.4800 -0.8600 0.8530
0.5000 -0.8600 0.8900
0.5200 -0.8600 0.8876
0.5400 -0.8600 0.9092
0.5600 -0.8600 0.9170
0.5800 -0.8600 0.9086
0.6000 -0.8600 0.9116
0.6200 -0.8600 0.8562
0.6400 -0.8600 0.8770
0.6600 -0.8600 0.8398
0.6800 -0.8600 0.8398
0.7000 -0.8600 0.8870
0.7200 -0.8600 0.8238
0.7400 -0.8600 0.8104
0.7600 -0.8600 0.8128
0.7800 -0.8600 0.8190
0.8000 -0.8600 0.8026
0.8200 -0.8600 0.7728
0.8400 -0.8600 0.7846
0.8600 -0.8600 0.7884
0.8800 -0.8600 0.7672
0.9000 -0.8600 0.7782
0.9200 -0.8600 0.7116
0.9400 -0.8600 0.7028
0.9600 -0.8600 0.7852
0.9800 -0.8600 0.7686
1.0000 -0.8600 0.7522
1.0200 -0.8600 0.7410
1.0400 -0.8600 2.3144
1.0600 -0.8600 0.8026
1.0800 -0.8600 0.7846
1.1000 -0.8600 0.7924
1.1200 -0.8600 0.7196
1.1400 -0.8600 0.7672
1.1600 -0.8600 0.7370
1.1800 -0.8600 0.7402
1.2000 -0.8600 2.3130
1.2200 -0.8600 0.7252
1.2400 -0.8600 0.6988
1.2600 -0.8600 0.7028
1.2800 -0.8600 2.3144
1.3000 -0.8600 0.7490
1.3200 -0.8600 0.7672
1.3400 -0.8600 0.7884
1.3600 -0.8600 0.7028
1.3800 -0.8600 0.7284
1.4000 -0.8600 0.7052
1.4200 -0.8600 0.7116
1.4400 -0.8600 0.6868
1.4600 -0.8600 0.7076
1.4800 -0.8600 0.6948
1.5000 -0.8600 0.7244
1.5200 -0.8600 0.7364
1.5400 -0.8600 0.6908
1.5600 -0.8600 0.7116
1.5800 -0.8600 0.6948
1.6000 -0.8600 0.6956
1.6200 -0.8600 0.7522
1.6400 -0.8600 0.6988
1.6600 -0.8600 0.7410
1.6800 -0.8600 0.7252
1.7000 -0.8600 1.1424
1.7200 -0.8600 2.3130
1.7400 -0.8600 1.1488
1.7600 -0.8600 2.3130
1.7800 -0.8600 0.7364
1.8000 -0.8600 0.7188
1.8200 -0.8600 0.6988
1.8400 -0.8600 0.6988
1.8600 -0.8600 0.7156
1.8800 -0.8600 0.7402
1.9000 -0.8600 0.7522
1.9200 -0.8600 0.7474
1.9400 -0.8600 0.7284
1.9600 -0.8600 0.7044
1.9800 -0.8600 0.7084
2.0000 -0.8600 0.7036
2.0200 -0.8600 0.7116
2.0400 -0.8600 0.7084
2.0600 -0.8600 0.7052
2.0800 -0.8600 0.7164
2.1000 -0.8600 0.7196
2.1200 -0.8600 0.7068
2.1400 -0.8600 0.7036
2.1600 -0.8600 0.7028
2.1800 -0.8600 0.7076
2.2000 -0.8600 0.7156
2.2200 -0.8600 0.7116
2.2400 -0.8600 0.7782
2.2600 -0.8600 0.7742
2.2800 -0.8600 0.7522
2.3000 -0.8600 0.8058
2.3200 -0.8600 0.7474
2.3400 -0.8600 0.7498
2.3600 -0.8600 0.7340
2.3800 -0.8600 0.7028
2.4000 -0.8600 0.6996
2.4200 -0.8600 0.7044
2.4400 -0.8600 0.7252
2.4600 -0.8600 0.7116
2.4800 -0.8600 0.6988
2.5000 -0.8600 0.6988
2.5200 -0.8600 0.6948
2.5400 -0.8600 0.6940
2.5600 -0.8600 0.6820
2.5800 -0.8600 0.6828
2.6000 -0.8600 0.6956
2.6200 -0.8600 0.6988
2.6400 -0.8600 0.6868
2.6600 -0.8600 0.6860
2.6800 -0.8600 0.6868
2.7000 -0.8600 0.6940
2.7200 -0.8600 0.6988
2.7400 -0.8600 0.6988
2.7600 -0.8600 0.7084
2.7800 -0.8600 0.6908
2.8000 -0.8600 0.6948
2.8200 -0.8600 0.6988
2.8400 -0.8600 0.6988
2.8600 -0.8600 0.6988
2.8800 -0.8600 0.6988
2.9000 -0.8600 0.7196
2.9200 -0.8600 0.7196
2.9400 -0.8600 0.6988
2.9600 -0.8600 0.7300
2.9800 -0.8600 0.7164
3.0000 -0.8600 0.7116
3.0200 -0.8600 0.7028
3.0400 -0.8600 0.7364
3.0600 -0.8600 0.6948
3.0800 -0.8600 0.6948
3.1000 -0.8600 0.7108
3.1200 -0.8600 0.7028
3.1400 -0.8600 0.7036
3.1600 -0.8600 0.7036
3.1800 -0.8600 0.7188
3.2000 -0.8600 0.7252
3.2200 -0.8600 0.7924
3.2400 -0.8600 0.7956
3.2600 -0.8600 0.7932
3.2800 -0.8600 0.8096
3.3000 -0.8600 0.8166
3.3200 -0.8600 0.8160
3.3400 -0.8600 0.8474
3.3600 -0.8600 0.8346
3.3800 -0.8600 0.8198
3.4000 -0.8600 0.8166
3.4200 -0.8600 0.8160
3.4400 -0.8600 0.8230
3.4600 -0.8600 0.8090
3.4800 -0.8600 0.8160
3.5000 -0.8600 0.8128
3.5200 -0.8600 0.8166
3.5400 -0.8600 0.8166
3.5600 -0.8600 0.8090
3.5800 -0.8600 0.8128
3.6000 -0.8600 0.7924
3.6200 -0.8600 0.7782
3.6400 -0.8600 0.7884
3.6600 -0.8600 0.7948
3.6800 -0.8600 0.7410
3.7000 -0.8600 0.7474
3.7200 -0.8600 0.7672
3.7400 -0.8600 2.3144
3.7600 -0.8600 0.7474
3.7800 -0.8600 1.1488
3.8000 -0.8600 0.7498
3.8200 -0.8600 0.7554
3.8400 -0.8600 0.7300
3.8600 -0.8600 0.7742
3.8800 -0.8600 0.7924
3.9000 -0.8600 0.7924
3.9200 -0.8600 0.7554
3.9400 -0.8600 1.1488
3.9600 -0.8600 0.7514
3.9800 -0.8600 1.1424
4.0000 -0.8600 1.1424
4.0200 -0.8600 2.3130
4.0400 -0.8600 0.7300
4.0600 -0.8600 0.7252
4.0800 -0.8600 0.7116
4.1000 -0.8600 1.1488
4.1200 -0.8600 0.7156
4.1400 -0.8600 0.7546
4.1600 -0.8600 0.7672
4.1800 -0.8600 0.6988
4.2000 -0.8600 0.6988
4.2200 -0.8600 0.6988
4.2400 -0.8600 0.6988
4.2600 -0.8600 0.7124
4.2800 -0.8600 0.6948
4.3000 -0.8600 0.7474
4.3200 -0.8600 0.7490
4.3400 -0.8600 0.7632
4.3600 -0.8600 0.7156
4.3800 -0.8600 0.7924
4.4000 -0.8600 0.7938
4.4200 -0.8600 0.8026
4.4400 -0.8600 0.7994
4.4600 -0.8600 0.7994
4.4800 -0.8600 0.8026
4.5000 -0.8600 0.7932
4.5200 -0.8600 0.8058
4.5400 -0.8600 0.7962
4.5600 -0.8600 0.8058
4.5800 -0.8600 0.8026
4.6000 -0.8600 0.8064
4.6200 -0.8600 0.8026
4.6400 -0.8600 0.8058
4.6600 -0.8600 0.7782
4.6800 -0.8600 2.3130
4.7000 -0.8600 2.3144
4.7200 -0.8600 1.1424
4.7400 -0.8600 0.7212
4.7600 -0.8600 0.7370
4.7800 -0.8600 0.7742
4.8000 -0.8600 2.3130
4.8200 -0.8600 1.1488
4.8400 -0.8600 1.1488
4.8600 -0.8600 0.7672
4.8800 -0.8600 0.8096
4.9000 -0.8600 0.8128
4.9200 -0.8600 0.7554
4.9400 -0.8600 0.7884
4.9600 -0.8600 0.7284
4.9800 -0.8600 0.7364
5.0000 -0.8600 0.7156
5.0200 -0.8600 0.6940
5.0400 -0.8600 0.7068
5.0600 -0.8600 0.7068
5.0800 -0.8600 0.7116
5.1000 -0.8600 0.7156
5.1200 -0.8600 0.7068
5.1400 -0.8600 0.7068
5.1600 -0.8600 0.6988
5.1800 -0.8600 0.6948
5.2000 -0.8600 0.7084
5.2200 -0.8600 0.7052
5.2400 -0.8600 2.3130
5.2600 -0.8600 0.7962
0.0000 -0.8400 0.8490
0.0200 -0.8400 0.8482
0.0400 -0.8400 0.8262
0.0600 -0.8400 0.8190
0.0800 -0.8400 0.8262
0.1000 -0.8400 0.8230
0.1200 -0.8400 0.8230
0.1400 -0.8400 0.8184
0.1600 -0.8400 0.8222
0.1800 -0.8400 0.8012
0.2000 -0.8400 0.7926
0.2200 -0.8400 0.8090
0.2400 -0.8400 0.8050
0.2600 -0.8400 0.8082
0.2800 -0.8400 0.8114
0.3000 -0.8400 0.8146
0.3200 -0.8400 0.8152
0.3400 -0.8400 0.8114
0.3600 -0.8400 0.8114
0.3800 -0.8400 0.8152
0.4000 -0.8400 0.8114
0.4200 -0.8400 0.8090
0.4400 -0.8400 0.8114
0.4600 -0.8400 0.8160
0.4800 -0.8400 0.8184
0.5000 -0.8400 0.8286
0.5200 -0.8400 0.8222
0.5400 -0.8400 0.8426
0.5600 -0.8400 0.8722
0.5800 -0.8400 0.8388
0.6000 -0.8400 0.8420
0.6200 -0.8400 0.8190
0.6400 -0.8400 0.8222
0.6600 -0.8400 0.8114
0.6800 -0.8400 0.8114
0.7000 -0.8400 0.8262
0.7200 -0.8400 0.8090
0.7400 -0.8400 0.7468
0.7600 -0.8400 0.7516
0.7800 -0.8400 0.8044
0.8000 -0.8400 0.7244
0.8200 -0.8400 0.7204
0.8400 -0.8400 0.7204
0.8600 -0.8400 0.7164
0.8800 -0.8400 0.7124
0.9000 -0.8400 0.7084
0.9200 -0.8400 0.6852
0.9400 -0.8400 0.6740
0.9600 -0.8400 0.7012
0.9800 -0.8400 0.7012
1.0000 -0.8400 0.7012
1.0200 -0.8400 0.6980
1.0400 -0.8400 0.6980
1.0600 -0.8400 2.3068
1.0800 -0.8400 0.7204
1.1000 -0.8400 0.7244
1.1200 -0.8400 0.6980
1.1400 -0.8400 0.7124
1.1600 -0.8400 0.6972
1.1800 -0.8400 0.6940
1.2000 -0.8400 0.7012
1.2200 -0.8400 0.6892
1.2400 -0.8400 0.6820
1.2600 -0.8400 0.6860
1.2800 -0.8400 0.7012
1.3000 -0.8400 0.6972
1.3200 -0.8400 0.7116
1.3400 -0.8400 0.7204
1.3600 -0.8400 0.6804
1.3800 -0.8400 0.6892
1.4000 -0.8400 0.6812
1.4200 -0.8400 0.6820
1.4400 -0.8400 0.6692
1.4600 -0.8400 0.6860
1.4800 -0.8400 0.6812
1.5000 -0.8400 0.6932
1.5200 -0.8400 0.6972
1.5400 -0.8400 0.6692
1.5600 -0.8400 0.6860
1.5800 -0.8400 0.6692
1.6000 -0.8400 0.6692
1.6200 -0.8400 0.6972
1.6400 -0.8400 0.6812
1.6600 -0.8400 0.6924
1.6800 -0.8400 0.6892
1.7000 -0.8400 0.6972
1.7200 -0.8400 0.6972
1.7400 -0.8400 0.7012
1.7600 -0.8400 0.7012
1.7800 -0.8400 0.6972
1.8000 -0.8400 0.6972
1.8200 -0.8400 0.6900
1.8400 -0.8400 0.6900
1.8600 -0.8400 0.6892
1.8800 -0.8400 0.6972
1.9000 -0.8400 0.6972
1.9200 -0.8400 0.6940
1.9400 -0.8400 0.6812
1.9600 -0.8400 0.6804
1.9800 -0.8400 0.6860
2.0000 -0.8400 0.6852
2.0200 -0.8400 0.6756
2.0400 -0.8400 0.6820
2.0600 -0.8400 0.6626
2.0800 -0.8400 0.6674
2.1000 -0.8400 0.6892
2.1200 -0.8400 0.6860
2.1400 -0.8400 0.6804
2.1600 -0.8400 0.6764
2.1800 -0.8400 0.6812
2.2000 -0.8400 0.6852
2.2200 -0.8400 0.6812
2.2400 -0.8400 0.7084
2.2600 -0.8400 0.7052
2.2800 -0.8400 0.7020
2.3000 -0.8400 2.3068
2.3200 -0.8400 0.7052
2.3400 -0.8400 0.7052
2.3600 -0.8400 0.7172
2.3800 -0.8400 0.6812
2.4000 -0.8400 0.6820
2.4200 -0.8400 0.6772
2.4400 -0.8400 0.6892
2.4600 -0.8400 0.6940
2.4800 -0.8400 0.6682
2.5000 -0.8400 0.6682
2.5200 -0.8400 0.6546
2.5400 -0.8400 0.6860
2.5600 -0.8400 0.6432
2.5800 -0.8400 0.6554
2.6000 -0.8400 0.6546
2.6200 -0.8400 0.6804
2.6400 -0.8400 0.6554
2.6600 -0.8400 0.6424
2.6800 -0.8400 0.6482
2.7000 -0.8400 0.6732
2.7200 -0.8400 0.6812
2.7400 -0.8400 0.6812
2.7600 -0.8400 0.6456
2.7800 -0.8400 0.6660
2.8000 -0.8400 0.6464
2.8200 -0.8400 0.6900
2.8400 -0.8400 0.6932
2.8600 -0.8400 0.6820
2.8800 -0.8400 0.6682
2.9000 -0.8400 0.6852
2.9200 -0.8400 0.6892
2.9400 -0.8400 0.6692
2.9600 -0.8400 0.6860
2.9800 -0.8400 0.6892
3.0000 -0.8400 0.6892
3.0200 -0.8400 0.7020
3.0400 -0.8400 0.6940
3.0600 -0.8400 0.6682
3.0800 -0.8400 0.6642
3.1000 -0.8400 0.6852
3.1200 -0.8400 0.6764
3.1400 -0.8400 0.6852
3.1600 -0.8400 0.6852
3.1800 -0.8400 0.6892
3.2000 -0.8400 0.6892
3.2200 -0.8400 0.7196
3.2400 -0.8400 0.7196
3.2600 -0.8400 0.7204
3.2800 -0.8400 0.7500
3.3000 -0.8400 0.7730
3.3200 -0.8400 0.7738
3.3400 -0.8400 0.8082
3.3600 -0.8400 0.8152
3.3800 -0.8400 0.8012
3.4000 -0.8400 0.7966
3.4200 -0.8400 0.7980
3.4400 -0.8400 0.7934
3.4600 -0.8400 0.7972
3.4800 -0.8400 0.7848
3.5000 -0.8400 0.7808
3.5200 -0.8400 0.7894
3.5400 -0.8400 0.7840
3.5600 -0.8400 0.7626
3.5800 -0.8400 0.7682
3.6000 -0.8400 2.3068
3.6200 -0.8400 0.7164
3.6400 -0.8400 0.7204
3.6600 -0.8400 0.7236
3.6800 -0.8400 0.7020
3.7000 -0.8400 0.6972
3.7200 -0.8400 0.7012
3.7400 -0.8400 0.7012
3.7600 -0.8400 0.6972
3.7800 -0.8400 0.6972
3.8000 -0.8400 0.7052
3.8200 -0.8400 0.7084
3.8400 -0.8400 0.6980
3.8600 -0.8400 0.7372
3.8800 -0.8400 0.7244
3.9000 -0.8400 0.7204
3.9200 -0.8400 0.7020
3.9400 -0.8400 0.7052
3.9600 -0.8400 0.7060
3.9800 -0.8400 0.7012
4.0000 -0.8400 0.6940
4.0200 -0.8400 0.7012
4.0400 -0.8400 0.6892
4.0600 -0.8400 0.6852
4.0800 -0.8400 0.6860
4.1000 -0.8400 0.7012
4.1200 -0.8400 0.6796
4.1400 -0.8400 0.7012
4.1600 -0.8400 0.7044
4.1800 -0.8400 0.6852
4.2000 -0.8400 0.6764
4.2200 -0.8400 0.6820
4.2400 -0.8400 0.6852
4.2600 -0.8400 0.6772
4.2800 -0.8400 0.6692
4.3000 -0.8400 0.6972
4.3200 -0.8400 0.6972
4.3400 -0.8400 0.7084
4.3600 -0.8400 0.6980
4.3800 -0.8400 0.7084
4.4000 -0.8400 0.7020
4.4200 -0.8400 0.7468
4.4400 -0.8400 0.7468
4.4600 -0.8400 0.7594
4.4800 -0.8400 0.7594
4.5000 -0.8400 0.7164
4.5200 -0.8400 0.7444
4.5400 -0.8400 0.7116
4.5600 -0.8400 0.7204
4.5800 -0.8400 0.7356
4.6000 -0.8400 2.3044
4.6200 -0.8400 0.7468
4.6400 -0.8400 1.1368
4.6600 -0.8400 0.7252
4.6800 -0.8400 0.6972
4.7000 -0.8400 0.6972
4.7200 -0.8400 0.6972
4.7400 -0.8400 0.6972
4.7600 -0.8400 0.6972
4.7800 -0.8400 0.7012
4.8000 -0.8400 0.7052
4.8200 -0.8400 0.7020
4.8400 -0.8400 0.7132
4.8600 -0.8400 0.7124
4.8800 -0.8400 0.7586
4.9000 -0.8400 0.7516
4.9200 -0.8400 0.7012
4.9400 -0.8400 0.7244
4.9600 -0.8400 0.6940
4.9800 -0.8400 0.6980
5.0000 -0.8400 0.6940
5.0200 -0.8400 0.6772
5.0400 -0.8400 0.6820
5.0600 -0.8400 0.6812
5.0800 -0.8400 0.6932
5.1000 -0.8400 0.6940
5.1200 -0.8400 0.6932
5.1400 -0.8400 0.6932
5.1600 -0.8400 0.6820
5.1800 -0.8400 0.6546
5.2000 -0.8400 0.6724
5.2200 -0.8400 0.6650
5.2400 -0.8400 0.7124
5.2600 -0.8400 0.7204
0.0000 -0.8200 0.8160
0.0200 -0.8200 0.8136
0.0400 -0.8200 0.8066
0.0600 -0.8200 0.8066
0.0800 -0.8200 0.8136
0.1000 -0.8200 0.8102
0.1200 -0.8200 0.8102
0.1400 -0.8200 0.8050
0.1600 -0.8200 0.8066
0.1800 -0.8200 0.7626
0.2000 -0.8200 0.7506
0.2200 -0.8200 0.7654
0.2400 -0.8200 0.7340
0.2600 -0.8200 0.7654
0.2800 -0.8200 0.7764
0.3000 -0.8200 0.7670
0.3200 -0.8200 0.7898
0.3400 -0.8200 0.7694
0.3600 -0.8200 0.7654
0.3800 -0.8200 0.7938
0.4000 -0.8200 0.7670
0.4200 -0.8200 0.7764
0.4400 -0.8200 0.7780
0.4600 -0.8200 0.7862
0.4800 -0.8200 0.8050
0.5000 -0.8200 0.8136
0.5200 -0.8200 0.8102
0.5400 -0.8200 0.8136
0.5600 -0.8200 0.8136
0.5800 -0.8200 0.8050
0.6000 -0.8200 0.8032
0.6200 -0.8200 0.8090
0.6400 -0.8200 0.7996
0.6600 -0.8200 0.7780
0.6800 -0.8200 0.7764
0.7000 -0.8200 0.8066
0.7200 -0.8200 0.7804
0.7400 -0.8200 0.7036
0.7600 -0.8200 0.7076
0.7800 -0.8200 0.7308
0.8000 -0.8200 0.6940
0.8200 -0.8200 0.6892
0.8400 -0.8200 0.6836
0.8600 -0.8200 0.6796
0.8800 -0.8200 0.6876
0.9000 -0.8200 0.6876
0.9200 -0.8200 0.6716
0.9400 -0.8200 0.6586
0.9600 -0.8200 0.6756
0.9800 -0.8200 0.6820
1.0000 -0.8200 0.6916
1.0200 -0.8200 0.6876
1.0400 -0.8200 0.6876
1.0600 -0.8200 0.6940
1.0800 -0.8200 0.6956
1.1000 -0.8200 0.6956
1.1200 -0.8200 0.6876
1.1400 -0.8200 0.6876
1.1600 -0.8200 0.6860
1.1800 -0.8200 0.6860
1.2000 -0.8200 0.6662
1.2200 -0.8200 0.6676
1.2400 -0.8200 0.6538
1.2600 -0.8200 0.6646
1.2800 -0.8200 0.6796
1.3000 -0.8200 0.6772
1.3200 -0.8200 0.6748
1.3400 -0.8200 0.6812
1.3600 -0.8200 0.6372
1.3800 -0.8200 0.6318
1.4000 -0.8200 0.6498
1.4200 -0.8200 0.6396
1.4400 -0.8200 0.6112
1.4600 -0.8200 0.6242
1.4800 -0.8200 0.6242
1.5000 -0.8200 0.6318
1.5200 -0.8200 0.6388
1.5400 -0.8200 0.6206
1.5600 -0.8200 0.6466
1.5800 -0.8200 0.6176
1.6000 -0.8200 0.6242
1.6200 -0.8200 0.6558
1.6400 -0.8200 0.6282
1.6600 -0.8200 0.6646
1.6800 -0.8200 0.6630
1.7000 -0.8200 0.6412
1.7200 -0.8200 0.6676
1.7400 -0.8200 0.6708
1.7600 -0.8200 0.6772
1.7800 -0.8200 0.6772
1.8000 -0.8200 0.6732
1.8200 -0.8200 0.6558
1.8400 -0.8200 0.6538
1.8600 -0.8200 0.6630
1.8800 -0.8200 0.6708
1.9000 -0.8200 0.6622
1.9200 -0.8200 0.6606
1.9400 -0.8200 0.6412
1.9600 -0.8200 0.6396
1.9800 -0.8200 0.6318
2.0000 -0.8200 0.6412
2.0200 -0.8200 0.5776
2.0400 -0.8200 0.6412
2.0600 -0.8200 0.5866
2.0800 -0.8200 0.5850
2.1000 -0.8200 0.6606
2.1200 -0.8200 0.6538
2.1400 -0.8200 0.6176
2.1600 -0.8200 0.6092
2.1800 -0.8200 0.6242
2.2000 -0.8200 0.6466
2.2200 -0.8200 0.6176
2.2400 -0.8200 0.6836
2.2600 -0.8200 0.6796
2.2800 -0.8200 0.6956
2.3000 -0.8200 0.6940
2.3200 -0.8200 0.6900
2.3400 -0.8200 0.6900
2.3600 -0.8200 0.6892
2.3800 -0.8200 0.6176
2.4000 -0.8200 0.6756
2.4200 -0.8200 0.6676
2.4400 -0.8200 0.6606
2.4600 -0.8200 0.6756
2.4800 -0.8200 0.5976
2.5000 -0.8200 0.6062
2.5200 -0.8200 0.5760
2.5400 -0.8200 0.6318
2.5600 -0.8200 0.5932
2.5800 -0.8200 0.5976
2.6000 -0.8200 0.5806
2.6200 -0.8200 0.6008
2.6400 -0.8200 0.5866
2.6600 -0.8200 0.5826
2.6800 -0.8200 0.6230
2.7000 -0.8200 0.6112
2.7200 -0.8200 0.6082
2.7400 -0.8200 0.6082
2.7600 -0.8200 0.5736
2.7800 -0.8200 0.6336
2.8000 -0.8200 0.5806
2.8200 -0.8200 0.6622
2.8400 -0.8200 0.6558
2.8600 -0.8200 0.6606
2.8800 -0.8200 0.6112
2.9000 -0.8200 0.6318
2.9200 -0.8200 0.6498
2.9400 -0.8200 0.6062
2.9600 -0.8200 0.6498
2.9800 -0.8200 0.6756
3.0000 -0.8200 0.6716
3.0200 -0.8200 0.6892
3.0400 -0.8200 0.6388
3.0600 -0.8200 0.5866
3.0800 -0.8200 0.5896
3.1000 -0.8200 0.6606
3.1200 -0.8200 0.6176
3.1400 -0.8200 0.6586
3.1600 -0.8200 0.6586
3.1800 -0.8200 0.6420
3.2000 -0.8200 0.6716
3.2200 -0.8200 0.6876
3.2400 -0.8200 0.6796
3.2600 -0.8200 0.6852
3.2800 -0.8200 0.6996
3.3000 -0.8200 0.7092
3.3200 -0.8200 0.7132
3.3400 -0.8200 0.7284
3.3600 -0.8200 0.7972
3.3800 -0.8200 0.7340
3.4000 -0.8200 0.7308
3.4200 -0.8200 0.7736
3.4400 -0.8200 0.7562
3.4600 -0.8200 0.7284
3.4800 -0.8200 1.9088
3.5000 -0.8200 0.7172
3.5200 -0.8200 0.7172
3.5400 -0.8200 0.7132
3.5600 -0.8200 0.7092
3.5800 -0.8200 0.7092
3.6000 -0.8200 0.6956
3.6200 -0.8200 0.6836
3.6400 -0.8200 0.6836
3.6600 -0.8200 0.6836
3.6800 -0.8200 0.6836
3.7000 -0.8200 0.6860
3.7200 -0.8200 0.6606
3.7400 -0.8200 0.6732
3.7600 -0.8200 0.6692
3.7800 -0.8200 0.6796
3.8000 -0.8200 0.6796
3.8200 -0.8200 0.6772
3.8400 -0.8200 0.6980
3.8600 -0.8200 0.6996
3.8800 -0.8200 0.6940
3.9000 -0.8200 0.6916
3.9200 -0.8200 0.6916
3.9400 -0.8200 0.6940
3.9600 -0.8200 0.6940
3.9800 -0.8200 0.6900
4.0000 -0.8200 0.6860
4.0200 -0.8200 0.6796
4.0400 -0.8200 0.6756
4.0600 -0.8200 0.6700
4.0800 -0.8200 0.6780
4.1000 -0.8200 0.6692
4.1200 -0.8200 0.5866
4.1400 -0.8200 0.6662
4.1600 -0.8200 0.6692
4.1800 -0.8200 0.6498
4.2000 -0.8200 0.6062
4.2200 -0.8200 0.6522
4.2400 -0.8200 0.6630
4.2600 -0.8200 0.6206
4.2800 -0.8200 0.6266
4.3000 -0.8200 0.6820
4.3200 -0.8200 0.6820
4.3400 -0.8200 0.6940
4.3600 -0.8200 0.6916
4.3800 -0.8200 0.6956
4.4000 -0.8200 0.6956
4.4200 -0.8200 0.7076
4.4400 -0.8200 0.7036
4.4600 -0.8200 1.9088
4.4800 -0.8200 0.7212
4.5000 -0.8200 0.6956
4.5200 -0.8200 0.7036
4.5400 -0.8200 0.6860
4.5600 -0.8200 0.6916
4.5800 -0.8200 0.6916
4.6000 -0.8200 0.6876
4.6200 -0.8200 0.7116
4.6400 -0.8200 0.7036
4.6600 -0.8200 0.6996
4.6800 -0.8200 0.6732
4.7000 -0.8200 0.6388
4.7200 -0.8200 0.6538
4.7400 -0.8200 0.6860
4.7600 -0.8200 0.6756
4.7800 -0.8200 0.6646
4.8000 -0.8200 0.6836
4.8200 -0.8200 0.6876
4.8400 -0.8200 0.6892
4.8600 -0.8200 0.6980
4.8800 -0.8200 0.7092
4.9000 -0.8200 0.7052
4.9200 -0.8200 0.6732
4.9400 -0.8200 0.6916
4.9600 -0.8200 0.6558
4.9800 -0.8200 0.6646
5.0000 -0.8200 0.6622
5.0200 -0.8200 0.6318
5.0400 -0.8200 0.6062
5.0600 -0.8200 0.6008
5.0800 -0.8200 0.6538
5.1000 -0.8200 0.6732
5.1200 -0.8200 0.6606
5.1400 -0.8200 0.6646
5.1600 -0.8200 0.6318
5.1800 -0.8200 0.5826
5.2000 -0.8200 0.6062
5.2200 -0.8200 0.5956
5.2400 -0.8200 0.6772
5.2600 -0.8200 0.6980
0.0000 -0.8000 0.7650
0.0200 -0.8000 0.7530
0.0400 -0.8000 0.7260
0.0600 -0.8000 0.7490
0.0800 -0.8000 0.7650
0.1000 -0.8000 0.7610
0.1200 -0.8000 0.7490
0.1400 -0.8000 0.7460
0.1600 -0.8000 0.7460
0.1800 -0.8000 0.7060
0.2000 -0.8000 0.7060
0.2200 -0.8000 0.7020
0.2400 -0.8000 0.6980
0.2600 -0.8000 0.7100
0.2800 -0.8000 0.7140
0.3000 -0.8000 0.7100
0.3200 -0.8000 0.7060
0.3400 -0.8000 0.7100
0.3600 -0.8000 0.7100
0.3800 -0.8000 0.7060
0.4000 -0.8000 0.7020
0.4200 -0.8000 0.7060
0.4400 -0.8000 0.7060
0.4600 -0.8000 0.7140
0.4800 -0.8000 0.7530
0.5000 -0.8000 0.7830
0.5200 -0.8000 0.7830
0.5400 -0.8000 0.7720
0.5600 -0.8000 0.7720
0.5800 -0.8000 0.7380
0.6000 -0.8000 0.7380
0.6200 -0.8000 0.7610
0.6400 -0.8000 0.7380
0.6600 -0.8000 0.7020
0.6800 -0.8000 0.7100
0.7000 -0.8000 0.7260
0.7200 -0.8000 0.7100
0.7400 -0.8000 0.6900
0.7600 -0.8000 0.6940
0.7800 -0.8000 0.6940
0.8000 -0.8000 0.6610
0.8200 -0.8000 0.6360
0.8400 -0.8000 0.5880
0.8600 -0.8000 0.5880
0.8800 -0.8000 0.6360
0.9000 -0.8000 0.6740
0.9200 -0.8000 0.6360
0.9400 -0.8000 0.6190
0.9600 -0.8000 0.6060
0.9800 -0.8000 0.6140
1.0000 -0.8000 0.6610
1.0200 -0.8000 0.6450
1.0400 -0.8000 0.6700
1.0600 -0.8000 0.6450
1.0800 -0.8000 0.6700
1.1000 -0.8000 0.6700
1.1200 -0.8000 0.6060
1.1400 -0.8000 0.6660
1.1600 -0.8000 0.6570
1.1800 -0.8000 0.6660
1.2000 -0.8000 0.5790
1.2200 -0.8000 0.6140
1.2400 -0.8000 0.6010
1.2600 -0.8000 0.6060
1.2800 -0.8000 0.5880
1.3000 -0.8000 0.6060
1.3200 -0.8000 0.5790
1.3400 -0.8000 0.5830
1.3600 -0.8000 0.5830
1.3800 -0.8000 0.5650
1.4000 -0.8000 0.5700
1.4200 -0.8000 0.5650
1.4400 -0.8000 0.5610
1.4600 -0.8000 0.5650
1.4800 -0.8000 0.5610
1.5000 -0.8000 0.5560
1.5200 -0.8000 0.5560
1.5400 -0.8000 0.5610
1.5600 -0.8000 0.5700
1.5800 -0.8000 0.5650
1.6000 -0.8000 0.5650
1.6200 -0.8000 0.5650
1.6400 -0.8000 0.5650
1.6600 -0.8000 0.5740
1.6800 -0.8000 0.5740
1.7000 -0.8000 0.5610
1.7200 -0.8000 0.6060
1.7400 -0.8000 0.5740
1.7600 -0.8000 0.5880
1.7800 -0.8000 0.5790
1.8000 -0.8000 0.5880
1.8200 -0.8000 0.5650
1.8400 -0.8000 0.5650
1.8600 -0.8000 0.5880
1.8800 -0.8000 0.5700
1.9000 -0.8000 0.5700
1.9200 -0.8000 0.5700
1.9400 -0.8000 0.5880
1.9600 -0.8000 0.5790
1.9800 -0.8000 0.5610
2.0000 -0.8000 0.5610
2.0200 -0.8000 0.5510
2.0400 -0.8000 0.5700
2.0600 -0.8000 0.5610
2.0800 -0.8000 0.5610
2.1000 -0.8000 0.5740
2.1200 -0.8000 0.5920
2.1400 -0.8000 0.5650
2.1600 -0.8000 0.5650
2.1800 -0.8000 0.5700
2.2000 -0.8000 0.5920
2.2200 -0.8000 0.5650
2.2400 -0.8000 0.6450
2.2600 -0.8000 0.6230
2.2800 -0.8000 0.6740
2.3000 -0.8000 0.6660
2.3200 -0.8000 0.6700
2.3400 -0.8000 0.6700
2.3600 -0.8000 0.6010
2.3800 -0.8000 0.5700
2.4000 -0.8000 0.6190
2.4200 -0.8000 0.6190
2.4400 -0.8000 0.5740
2.4600 -0.8000 0.6010
2.4800 -0.8000 0.5610
2.5000 -0.8000 0.5650
2.5200 -0.8000 0.5560
2.5400 -0.8000 0.5560
2.5600 -0.8000 0.5560
2.5800 -0.8000 0.5560
2.6000 -0.8000 0.5510
2.6200 -0.8000 0.5510
2.6400 -0.8000 0.5510
2.6600 -0.8000 0.5560
2.6800 -0.8000 0.5920
2.7000 -0.8000 0.5740
2.7200 -0.8000 0.5610
2.7400 -0.8000 0.5610
2.7600 -0.8000 0.5560
2.7800 -0.8000 0.5650
2.8000 -0.8000 0.5610
2.8200 -0.8000 0.5650
2.8400 -0.8000 0.5610
2.8600 -0.8000 0.5740
2.8800 -0.8000 0.5740
2.9000 -0.8000 0.5650
2.9200 -0.8000 0.5700
2.9400 -0.8000 0.5560
2.9600 -0.8000 0.5650
2.9800 -0.8000 0.6010
3.0000 -0.8000 0.5920
3.0200 -0.8000 0.6140
3.0400 -0.8000 0.5560
3.0600 -0.8000 0.5610
3.0800 -0.8000 0.5610
3.1000 -0.8000 0.5920
3.1200 -0.8000 0.5650
3.1400 -0.8000 0.5790
3.1600 -0.8000 0.5830
3.1800 -0.8000 0.5610
3.2000 -0.8000 0.6060
3.2200 -0.8000 0.6060
3.2400 -0.8000 0.5830
3.2600 -0.8000 0.5880
3.2800 -0.8000 0.6700
3.3000 -0.8000 0.6820
3.3200 -0.8000 0.6860
3.3400 -0.8000 0.6940
3.3600 -0.8000 0.7180
3.3800 -0.8000 0.6980
3.4000 -0.8000 0.6980
3.4200 -0.8000 0.7140
3.4400 -0.8000 0.7220
3.4600 -0.8000 0.6860
3.4800 -0.8000 0.6940
3.5000 -0.8000 0.6940
3.5200 -0.8000 0.6860
3.5400 -0.8000 0.6900
3.5600 -0.8000 0.6820
3.5800 -0.8000 0.6860
3.6000 -0.8000 0.6700
3.6200 -0.8000 0.6060
3.6400 -0.8000 0.6230
3.6600 -0.8000 0.6140
3.6800 -0.8000 0.6010
3.7000 -0.8000 0.6820
3.7200 -0.8000 0.5880
3.7400 -0.8000 0.6140
3.7600 -0.8000 0.5880
3.7800 -0.8000 0.6190
3.8000 -0.8000 0.6010
3.8200 -0.8000 0.5920
3.8400 -0.8000 0.6780
3.8600 -0.8000 0.6700
3.8800 -0.8000 0.6820
3.9000 -0.8000 0.6740
3.9200 -0.8000 0.6740
3.9400 -0.8000 0.6700
3.9600 -0.8000 0.6740
3.9800 -0.8000 0.6660
4.0000 -0.8000 0.6570
4.0200 -0.8000 0.6010
4.0400 -0.8000 0.6360
4.0600 -0.8000 0.6320
4.0800 -0.8000 0.6450
4.1000 -0.8000 0.5790
4.1200 -0.8000 0.5610
4.1400 -0.8000 0.5790
4.1600 -0.8000 0.5830
4.1800 -0.8000 0.5650
4.2000 -0.8000 0.5560
4.2200 -0.8000 0.5790
4.2400 -0.8000 0.5880
4.2600 -0.8000 0.5650
4.2800 -0.8000 0.5830
4.3000 -0.8000 0.6360
4.3200 -0.8000 0.6320
4.3400 -0.8000 0.6820
4.3600 -0.8000 0.6570
4.3800 -0.8000 0.6780
4.4000 -0.8000 0.6820
4.4200 -0.8000 0.6940
4.4400 -0.8000 0.6740
4.4600 -0.8000 0.6900
4.4800 -0.8000 0.6940
4.5000 -0.8000 0.6820
4.5200 -0.8000 0.6860
4.5400 -0.8000 0.6700
4.5600 -0.8000 0.6780
4.5800 -0.8000 0.6490
4.6000 -0.8000 0.6740
4.6200 -0.8000 0.6900
4.6400 -0.8000 0.6860
4.6600 -0.8000 0.6860
4.6800 -0.8000 0.6190
4.7000 -0.8000 0.5650
4.7200 -0.8000 0.5700
4.7400 -0.8000 0.6360
4.7600 -0.8000 0.6140
4.7800 -0.8000 0.5830
4.8000 -0.8000 0.6230
4.8200 -0.8000 0.6450
4.8400 -0.8000 0.6360
4.8600 -0.8000 0.6940
4.8800 -0.8000 0.6740
4.9000 -0.8000 0.6780
4.9200 -0.8000 0.5830
4.9400 -0.8000 0.6320
4.9600 -0.8000 0.5740
4.9800 -0.8000 0.5790
5.0000 -0.8000 0.5700
5.0200 -0.8000 0.5610
5.0400 -0.8000 0.5560
5.0600 -0.8000 0.5560
5.0800 -0.8000 0.5650
5.1000 -0.8000 0.5830
5.1200 -0.8000 0.5790
5.1400 -0.8000 0.5830
5.1600 -0.8000 0.5650
5.1800 -0.8000 0.5610
5.2000 -0.8000 0.5610
5.2200 -0.8000 0.5560
5.2400 -0.8000 0.5830
5.2600 -0.8000 0.6820
0.0000 -0.7800 0.7004
0.0200 -0.7800 0.6980
0.0400 -0.7800 0.6924
0.0600 -0.7800 0.7060
0.0800 -0.7800 0.7004
0.1000 -0.7800 0.7004
0.1200 -0.7800 0.6964
0.1400 -0.7800 0.6924
0.1600 -0.7800 0.6964
0.1800 -0.7800 0.6688
0.2000 -0.7800 0.6732
0.2200 -0.7800 0.6708
0.2400 -0.7800 0.6844
0.2600 -0.7800 0.6940
0.2800 -0.7800 0.6964
0.3000 -0.7800 0.6964
0.3200 -0.7800 0.6804
0.3400 -0.7800 0.6884
0.3600 -0.7800 0.6884
0.3800 -0.7800 0.6764
0.4000 -0.7800 0.6844
0.4200 -0.7800 0.6844
0.4400 -0.7800 0.6860
0.4600 -0.7800 0.6884
0.4800 -0.7800 0.7020
0.5000 -0.7800 0.7108
0.5200 -0.7800 0.7108
0.5400 -0.7800 0.7004
0.5600 -0.7800 0.7044
0.5800 -0.7800 0.6980
0.6000 -0.7800 0.6980
0.6200 -0.7800 0.6884
0.6400 -0.7800 0.6908
0.6600 -0.7800 0.6860
0.6800 -0.7800 0.6908
0.7000 -0.7800 0.6964
0.7200 -0.7800 0.6900
0.7400 -0.7800 0.6664
0.7600 -0.7800 1.8896
0.7800 -0.7800 0.6664
0.8000 -0.7800 0.5770
0.8200 -0.7800 0.5650
0.8400 -0.7800 0.5470
0.8600 -0.7800 0.5540
0.8800 -0.7800 0.5650
0.9000 -0.7800 0.6052
0.9200 -0.7800 0.5754
0.9400 -0.7800 0.5724
0.9600 -0.7800 0.5610
0.9800 -0.7800 0.5634
1.0000 -0.7800 0.5884
1.0200 -0.7800 0.5724
1.0400 -0.7800 0.5884
1.0600 -0.7800 0.5680
1.0800 -0.7800 0.5974
1.1000 -0.7800 0.5958
1.1200 -0.7800 0.5650
1.1400 -0.7800 0.5704
1.1600 -0.7800 0.5704
1.1800 -0.7800 0.5754
1.2000 -0.7800 0.5560
1.2200 -0.7800 0.5590
1.2400 -0.7800 0.5770
1.2600 -0.7800 0.5770
1.2800 -0.7800 0.5540
1.3000 -0.7800 0.5590
1.3200 -0.7800 0.5560
1.3400 -0.7800 0.5540
1.3600 -0.7800 0.5560
1.3800 -0.7800 0.5450
1.4000 -0.7800 0.5124
1.4200 -0.7800 0.5210
1.4400 -0.7800 0.5450
1.4600 -0.7800 0.5450
1.4800 -0.7800 0.5384
1.5000 -0.7800 0.5384
1.5200 -0.7800 0.5334
1.5400 -0.7800 0.5310
1.5600 -0.7800 0.5450
1.5800 -0.7800 0.5470
1.6000 -0.7800 0.5450
1.6200 -0.7800 0.5400
1.6400 -0.7800 0.5420
1.6600 -0.7800 0.5470
1.6800 -0.7800 0.5470
1.7000 -0.7800 0.5400
1.7200 -0.7800 0.5590
1.7400 -0.7800 0.5470
1.7600 -0.7800 0.5494
1.7800 -0.7800 0.5470
1.8000 -0.7800 0.5610
1.8200 -0.7800 0.5470
1.8400 -0.7800 0.5494
1.8600 -0.7800 0.5470
1.8800 -0.7800 0.5290
1.9000 -0.7800 0.5470
1.9200 -0.7800 0.5494
1.9400 -0.7800 0.5524
1.9600 -0.7800 0.5400
1.9800 -0.7800 0.5354
2.0000 -0.7800 0.5334
2.0200 -0.7800 0.5334
2.0400 -0.7800 0.5450
2.0600 -0.7800 0.5400
2.0800 -0.7800 0.5384
2.1000 -0.7800 0.5450
2.1200 -0.7800 0.5560
2.1400 -0.7800 0.5450
2.1600 -0.7800 0.5450
2.1800 -0.7800 0.5450
2.2000 -0.7800 0.5634
2.2200 -0.7800 0.5524
2.2400 -0.7800 0.5794
2.2600 -0.7800 0.5704
2.2800 -0.7800 0.5704
2.3000 -0.7800 0.5734
2.3200 -0.7800 0.5844
2.3400 -0.7800 0.5794
2.3600 -0.7800 0.5494
2.3800 -0.7800 0.5560
2.4000 -0.7800 0.5634
2.4200 -0.7800 0.5634
2.4400 -0.7800 0.5540
2.4600 -0.7800 0.5524
2.4800 -0.7800 0.5334
2.5000 -0.7800 0.5384
2.5200 -0.7800 0.5290
2.5400 -0.7800 0.5210
2.5600 -0.7800 0.5420
2.5800 -0.7800 0.5450
2.6000 -0.7800 0.5280
2.6200 -0.7800 0.5354
2.6400 -0.7800 0.5470
2.6600 -0.7800 0.5470
2.6800 -0.7800 0.5590
2.7000 -0.7800 0.5540
2.7200 -0.7800 0.5420
2.7400 -0.7800 0.5420
2.7600 -0.7800 0.5470
2.7800 -0.7800 0.5354
2.8000 -0.7800 0.5420
2.8200 -0.7800 0.5450
2.8400 -0.7800 0.5450
2.8600 -0.7800 0.5450
2.8800 -0.7800 0.5540
2.9000 -0.7800 0.5420
2.9200 -0.7800 0.5420
2.9400 -0.7800 0.5310
2.9600 -0.7800 0.5420
2.9800 -0.7800 0.5494
3.0000 -0.7800 0.5524
3.0200 -0.7800 0.5610
3.0400 -0.7800 0.5470
3.0600 -0.7800 0.5384
3.0800 -0.7800 0.5400
3.1000 -0.7800 0.5540
3.1200 -0.7800 0.5510
3.1400 -0.7800 0.5494
3.1600 -0.7800 0.5540
3.1800 -0.7800 0.5440
3.2000 -0.7800 0.5540
3.2200 -0.7800 0.5450
3.2400 -0.7800 0.5384
3.2600 -0.7800 0.5384
3.2800 -0.7800 0.5844
3.3000 -0.7800 0.6292
3.3200 -0.7800 0.6422
3.3400 -0.7800 0.6748
3.3600 -0.7800 0.6788
3.3800 -0.7800 0.6804
3.4000 -0.7800 0.6820
3.4200 -0.7800 1.8880
3.4400 -0.7800 0.6908
3.4600 -0.7800 0.6422
3.4800 -0.7800 0.6546
3.5000 -0.7800 0.6562
3.5200 -0.7800 0.6398
3.5400 -0.7800 0.6422
3.5600 -0.7800 0.6138
3.5800 -0.7800 0.6248
3.6000 -0.7800 0.5860
3.6200 -0.7800 0.5540
3.6400 -0.7800 0.5610
3.6600 -0.7800 0.5610
3.6800 -0.7800 0.5610
3.7000 -0.7800 0.5778
3.7200 -0.7800 0.5524
3.7400 -0.7800 0.5590
3.7600 -0.7800 0.5590
3.7800 -0.7800 0.5650
3.8000 -0.7800 0.5560
3.8200 -0.7800 0.5540
3.8400 -0.7800 0.5688
3.8600 -0.7800 0.5844
3.8800 -0.7800 0.6138
3.9000 -0.7800 0.6004
3.9200 -0.7800 0.6138
3.9400 -0.7800 0.5754
3.9600 -0.7800 0.5884
3.9800 -0.7800 0.5844
4.0000 -0.7800 0.5634
4.0200 -0.7800 0.5560
4.0400 -0.7800 0.5844
4.0600 -0.7800 0.5794
4.0800 -0.7800 0.5680
4.1000 -0.7800 0.5560
4.1200 -0.7800 0.5470
4.1400 -0.7800 0.5450
4.1600 -0.7800 0.5450
4.1800 -0.7800 0.5354
4.2000 -0.7800 0.5330
4.2200 -0.7800 0.5470
4.2400 -0.7800 0.5470
4.2600 -0.7800 0.5470
4.2800 -0.7800 0.5540
4.3000 -0.7800 0.5680
4.3200 -0.7800 0.5680
4.3400 -0.7800 0.6088
4.3600 -0.7800 0.5634
4.3800 -0.7800 0.5974
4.4000 -0.7800 0.6004
4.4200 -0.7800 1.8896
4.4400 -0.7800 0.6004
4.4600 -0.7800 0.6362
4.4800 -0.7800 0.6362
4.5000 -0.7800 0.6118
4.5200 -0.7800 0.6194
4.5400 -0.7800 0.6004
4.5600 -0.7800 0.6138
4.5800 -0.7800 0.5860
4.6000 -0.7800 0.6284
4.6200 -0.7800 0.6194
4.6400 -0.7800 0.6118
4.6600 -0.7800 0.6138
4.6800 -0.7800 0.5680
4.7000 -0.7800 0.5494
4.7200 -0.7800 0.5540
4.7400 -0.7800 0.5590
4.7600 -0.7800 0.5610
4.7800 -0.7800 0.5540
4.8000 -0.7800 0.5650
4.8200 -0.7800 0.5704
4.8400 -0.7800 0.5770
4.8600 -0.7800 0.6308
4.8800 -0.7800 0.5634
4.9000 -0.7800 0.5794
4.9200 -0.7800 0.5560
4.9400 -0.7800 0.5590
4.9600 -0.7800 0.5494
4.9800 -0.7800 0.5524
5.0000 -0.7800 0.5450
5.0200 -0.7800 0.5354
5.0400 -0.7800 0.5260
5.0600 -0.7800 0.5290
5.0800 -0.7800 0.5420
5.1000 -0.7800 0.5400
5.1200 -0.7800 0.5470
5.1400 -0.7800 0.5450
5.1600 -0.7800 0.5540
5.1800 -0.7800 0.5384
5.2000 -0.7800 0.5400
5.2200 -0.7800 0.5384
5.2400 -0.7800 0.5650
5.2600 -0.7800 0.6118
0.0000 -0.7600 0.6828
0.0200 -0.7600 0.6828
0.0400 -0.7600 0.6788
0.0600 -0.7600 0.6908
0.0800 -0.7600 0.6756
0.1000 -0.7600 0.6756
0.1200 -0.7600 0.6716
0.1400 -0.7600 0.6676
0.1600 -0.7600 0.6636
0.1800 -0.7600 0.5668
0.2000 -0.7600 0.5718
0.2200 -0.7600 0.5726
0.2400 -0.7600 0.6386
0.2600 -0.7600 0.6402
0.2800 -0.7600 1.0560
0.3000 -0.7600 2.2922
0.3200 -0.7600 0.6094
0.3400 -0.7600 0.6184
0.3600 -0.7600 0.6224
0.3800 -0.7600 0.6256
0.4000 -0.7600 0.6386
0.4200 -0.7600 0.6274
0.4400 -0.7600 0.6354
0.4600 -0.7600 2.2914
0.4800 -0.7600 0.6756
0.5000 -0.7600 0.6796
0.5200 -0.7600 0.6788
0.5400 -0.7600 0.6868
0.5600 -0.7600 0.6868
0.5800 -0.7600 0.6756
0.6000 -0.7600 0.6724
0.6200 -0.7600 0.6474
0.6400 -0.7600 1.0560
0.6600 -0.7600 1.0592
0.6800 -0.7600 2.2914
0.7000 -0.7600 0.6684
0.7200 -0.7600 0.6628
0.7400 -0.7600 0.5906
0.7600 -0.7600 0.6046
0.7800 -0.7600 0.5848
0.8000 -0.7600 0.5570
0.8200 -0.7600 0.5470
0.8400 -0.7600 0.5240
0.8600 -0.7600 0.5348
0.8800 -0.7600 0.5430
0.9000 -0.7600 0.5478
0.9200 -0.7600 0.5560
0.9400 -0.7600 0.5560
0.9600 -0.7600 0.5430
0.9800 -0.7600 0.5478
1.0000 -0.7600 0.5570
1.0200 -0.7600 0.5488
1.0400 -0.7600 0.5560
1.0600 -0.7600 0.5430
1.0800 -0.7600 0.5610
1.1000 -0.7600 0.5570
1.1200 -0.7600 0.5560
1.1400 -0.7600 0.5430
1.1600 -0.7600 0.5430
1.1800 -0.7600 0.5380
1.2000 -0.7600 0.5348
1.2200 -0.7600 0.5348
1.2400 -0.7600 0.5438
1.2600 -0.7600 0.5438
1.2800 -0.7600 0.5298
1.3000 -0.7600 0.5338
1.3200 -0.7600 0.5430
1.3400 -0.7600 0.5420
1.3600 -0.7600 0.5068
1.3800 -0.7600 0.5148
1.4000 -0.7600 0.4740
1.4200 -0.7600 0.4760
1.4400 -0.7600 0.5148
1.4600 -0.7600 0.4850
1.4800 -0.7600 0.4850
1.5000 -0.7600 0.5060
1.5200 -0.7600 0.5000
1.5400 -0.7600 0.4910
1.5600 -0.7600 0.5060
1.5800 -0.7600 0.5290
1.6000 -0.7600 0.5190
1.6200 -0.7600 0.5140
1.6400 -0.7600 0.5148
1.6600 -0.7600 0.5190
1.6800 -0.7600 0.5240
1.7000 -0.7600 0.5000
1.7200 -0.7600 0.5348
1.7400 -0.7600 0.5190
1.7600 -0.7600 0.5240
1.7800 -0.7600 0.5200
1.8000 -0.7600 0.5478
1.8200 -0.7600 0.5250
1.8400 -0.7600 0.5290
1.8600 -0.7600 0.5020
1.8800 -0.7600 0.4700
1.9000 -0.7600 0.5190
1.9200 -0.7600 0.5158
1.9400 -0.7600 0.4870
1.9600 -0.7600 0.4870
1.9800 -0.7600 0.4850
2.0000 -0.7600 0.4850
2.0200 -0.7600 0.4910
2.0400 -0.7600 0.5060
2.0600 -0.7600 0.5000
2.0800 -0.7600 0.4910
2.1000 -0.7600 0.4760
2.1200 -0.7600 0.5298
2.1400 -0.7600 0.5060
2.1600 -0.7600 0.5020
2.1800 -0.7600 0.5060
2.2000 -0.7600 0.5470
2.2200 -0.7600 0.5190
2.2400 -0.7600 0.5430
2.2600 -0.7600 0.5380
2.2800 -0.7600 0.5380
2.3000 -0.7600 0.5298
2.3200 -0.7600 0.5380
2.3400 -0.7600 0.5348
2.3600 -0.7600 0.5068
2.3800 -0.7600 0.5348
2.4000 -0.7600 0.5470
2.4200 -0.7600 0.5430
2.4400 -0.7600 0.5068
2.4600 -0.7600 0.5060
2.4800 -0.7600 0.4760
2.5000 -0.7600 0.4720
2.5200 -0.7600 0.4840
2.5400 -0.7600 0.4840
2.5600 -0.7600 0.5460
2.5800 -0.7600 0.5470
2.6000 -0.7600 0.5460
2.6200 -0.7600 0.5470
2.6400 -0.7600 0.5600
2.6600 -0.7600 0.5600
2.6800 -0.7600 0.5600
2.7000 -0.7600 0.5550
2.7200 -0.7600 0.5470
2.7400 -0.7600 0.5460
2.7600 -0.7600 0.5502
2.7800 -0.7600 0.5230
2.8000 -0.7600 0.5230
2.8200 -0.7600 0.5280
2.8400 -0.7600 0.5280
2.8600 -0.7600 0.5240
2.8800 -0.7600 0.5240
2.9000 -0.7600 0.5068
2.9200 -0.7600 0.5060
2.9400 -0.7600 0.4910
2.9600 -0.7600 0.4920
2.9800 -0.7600 0.5148
3.0000 -0.7600 0.5190
3.0200 -0.7600 0.5470
3.0400 -0.7600 0.5420
3.0600 -0.7600 0.4850
3.0800 -0.7600 0.4850
3.1000 -0.7600 0.5420
3.1200 -0.7600 0.5470
3.1400 -0.7600 0.5502
3.1600 -0.7600 0.5502
3.1800 -0.7600 0.5502
3.2000 -0.7600 0.5420
3.2200 -0.7600 0.5000
3.2400 -0.7600 0.4720
3.2600 -0.7600 0.4570
3.2800 -0.7600 0.5488
3.3000 -0.7600 0.5488
3.3200 -0.7600 0.5488
3.3400 -0.7600 0.5816
3.3600 -0.7600 0.6094
3.3800 -0.7600 0.6386
3.4000 -0.7600 0.6474
3.4200 -0.7600 0.5816
3.4400 -0.7600 0.6402
3.4600 -0.7600 0.5650
3.4800 -0.7600 0.5660
3.5000 -0.7600 0.5660
3.5200 -0.7600 0.5618
3.5400 -0.7600 0.5618
3.5600 -0.7600 0.5618
3.5800 -0.7600 0.5618
3.6000 -0.7600 0.5570
3.6200 -0.7600 0.5068
3.6400 -0.7600 0.5478
3.6600 -0.7600 0.5510
3.6800 -0.7600 0.5380
3.7000 -0.7600 0.5470
3.7200 -0.7600 0.5148
3.7400 -0.7600 0.5158
3.7600 -0.7600 0.5298
3.7800 -0.7600 0.5470
3.8000 -0.7600 0.5298
3.8200 -0.7600 0.5290
3.8400 -0.7600 0.5250
3.8600 -0.7600 0.5478
3.8800 -0.7600 0.5618
3.9000 -0.7600 0.5570
3.9200 -0.7600 0.5660
3.9400 -0.7600 0.5520
3.9600 -0.7600 0.5488
3.9800 -0.7600 0.5488
4.0000 -0.7600 0.5348
4.0200 -0.7600 0.5338
4.0400 -0.7600 0.5438
4.0600 -0.7600 0.5430
4.0800 -0.7600 0.5430
4.1000 -0.7600 0.5380
4.1200 -0.7600 0.5190
4.1400 -0.7600 0.5000
4.1600 -0.7600 0.5020
4.1800 -0.7600 0.4660
4.2000 -0.7600 0.5060
4.2200 -0.7600 0.4910
4.2400 -0.7600 0.4910
4.2600 -0.7600 0.5190
4.2800 -0.7600 0.5158
4.3000 -0.7600 0.5560
4.3200 -0.7600 0.5520
4.3400 -0.7600 0.5560
4.3600 -0.7600 0.5420
4.3800 -0.7600 0.5618
4.4000 -0.7600 0.5618
4.4200 -0.7600 0.6216
4.4400 -0.7600 0.5740
4.4600 -0.7600 0.5618
4.4800 -0.7600 0.5570
4.5000 -0.7600 0.5520
4.5200 -0.7600 0.5618
4.5400 -0.7600 0.5650
4.5600 -0.7600 0.5650
4.5800 -0.7600 0.5650
4.6000 -0.7600 0.5758
4.6200 -0.7600 0.5618
4.6400 -0.7600 0.5618
4.6600 -0.7600 0.5660
4.6800 -0.7600 0.5478
4.7000 -0.7600 0.5200
4.7200 -0.7600 0.5250
4.7400 -0.7600 0.5338
4.7600 -0.7600 0.5430
4.7800 -0.7600 0.5338
4.8000 -0.7600 0.5430
4.8200 -0.7600 0.5430
4.8400 -0.7600 0.5610
4.8600 -0.7600 0.5618
4.8800 -0.7600 0.5240
4.9000 -0.7600 0.5348
4.9200 -0.7600 0.5470
4.9400 -0.7600 0.5348
4.9600 -0.7600 0.5158
4.9800 -0.7600 0.5158
5.0000 -0.7600 0.5148
5.0200 -0.7600 0.4890
5.0400 -0.7600 0.4910
5.0600 -0.7600 0.4910
5.0800 -0.7600 0.5060
5.1000 -0.7600 0.4850
5.1200 -0.7600 0.4870
5.1400 -0.7600 0.4850
5.1600 -0.7600 0.5200
5.1800 -0.7600 0.4910
5.2000 -0.7600 0.4850
5.2200 -0.7600 0.4850
5.2400 -0.7600 0.5610
5.2600 -0.7600 0.5618
0.0000 -0.7400 0.6212
0.0200 -0.7400 0.6196
0.0400 -0.7400 2.2846
0.0600 -0.7400 2.2838
0.0800 -0.7400 0.5974
0.1000 -0.7400 0.5984
0.1200 -0.7400 0.5862
0.1400 -0.7400 0.6222
0.1600 -0.7400 0.5722
0.1800 -0.7400 0.5420
0.2000 -0.7400 0.5402
0.2200 -0.7400 0.5410
0.2400 -0.7400 0.5610
0.2600 -0.7400 0.5460
0.2800 -0.7400 0.5470
0.3000 -0.7400 0.5590
0.3200 -0.7400 0.5550
0.3400 -0.7400 0.5560
0.3600 -0.7400 0.5560
0.3800 -0.7400 0.5690
0.4000 -0.7400 0.5600
0.4200 -0.7400 0.5600
0.4400 -0.7400 0.5600
0.4600 -0.7400 0.5690
0.4800 -0.7400 0.5762
0.5000 -0.7400 0.5974
0.5200 -0.7400 0.5984
0.5400 -0.7400 2.2846
0.5600 -0.7400 1.0488
0.5800 -0.7400 0.5974
0.6000 -0.7400 0.5894
0.6200 -0.7400 0.5650
0.6400 -0.7400 0.5690
0.6600 -0.7400 0.5642
0.6800 -0.7400 0.5690
0.7000 -0.7400 0.5682
0.7200 -0.7400 0.5722
0.7400 -0.7400 0.5542
0.7600 -0.7400 0.5550
0.7800 -0.7400 0.5460
0.8000 -0.7400 0.5030
0.8200 -0.7400 0.5260
0.8400 -0.7400 0.4680
0.8600 -0.7400 0.4730
0.8800 -0.7400 0.4680
0.9000 -0.7400 0.4880
0.9200 -0.7400 0.5402
0.9400 -0.7400 0.5402
0.9600 -0.7400 0.4970
0.9800 -0.7400 0.4860
1.0000 -0.7400 0.5260
1.0200 -0.7400 0.5212
1.0400 -0.7400 0.5152
1.0600 -0.7400 0.4720
1.0800 -0.7400 0.5192
1.1000 -0.7400 0.5152
1.1200 -0.7400 0.5152
1.1400 -0.7400 0.5120
1.1600 -0.7400 0.4860
1.1800 -0.7400 0.4720
1.2000 -0.7400 0.4460
1.2200 -0.7400 0.4720
1.2400 -0.7400 0.4460
1.2600 -0.7400 0.4460
1.2800 -0.7400 0.4610
1.3000 -0.7400 0.4610
1.3200 -0.7400 0.4660
1.3400 -0.7400 0.4660
1.3600 -0.7400 0.4240
1.3800 -0.7400 0.4530
1.4000 -0.7400 0.4690
1.4200 -0.7400 0.4640
1.4400 -0.7400 0.4890
1.4600 -0.7400 0.4760
1.4800 -0.7400 0.4700
1.5000 -0.7400 0.4890
1.5200 -0.7400 0.4840
1.5400 -0.7400 0.5148
1.5600 -0.7400 0.5000
1.5800 -0.7400 0.5240
1.6000 -0.7400 0.5240
1.6200 -0.7400 0.5200
1.6400 -0.7400 0.4890
1.6600 -0.7400 0.4740
1.6800 -0.7400 0.4840
1.7000 -0.7400 0.4690
1.7200 -0.7400 0.4720
1.7400 -0.7400 0.4740
1.7600 -0.7400 0.4730
1.7800 -0.7400 0.4620
1.8000 -0.7400 0.5010
1.8200 -0.7400 0.4730
1.8400 -0.7400 0.4740
1.8600 -0.7400 0.4390
1.8800 -0.7400 0.4390
1.9000 -0.7400 0.4620
1.9200 -0.7400 0.4620
1.9400 -0.7400 0.4490
1.9600 -0.7400 0.4760
1.9800 -0.7400 0.4850
2.0000 -0.7400 0.4740
2.0200 -0.7400 0.4690
2.0400 -0.7400 0.4740
2.0600 -0.7400 0.4690
2.0800 -0.7400 0.4680
2.1000 -0.7400 0.4390
2.1200 -0.7400 0.4840
2.1400 -0.7400 0.4640
2.1600 -0.7400 0.4740
2.1800 -0.7400 0.4740
2.2000 -0.7400 0.4960
2.2200 -0.7400 0.4470
2.2400 -0.7400 0.4730
2.2600 -0.7400 0.4620
2.2800 -0.7400 0.4720
2.3000 -0.7400 0.4820
2.3200 -0.7400 0.4730
2.3400 -0.7400 0.4680
2.3600 -0.7400 0.4330
2.3800 -0.7400 0.4680
2.4000 -0.7400 0.4860
2.4200 -0.7400 0.4960
2.4400 -0.7400 0.4130
2.4600 -0.7400 0.4470
2.4800 -0.7400 0.4540
2.5000 -0.7400 0.4540
2.5200 -0.7400 0.5000
2.5400 -0.7400 0.5348
2.5600 -0.7400 0.5876
2.5800 -0.7400 0.6000
2.6000 -0.7400 0.6080
2.6200 -0.7400 0.6402
2.6400 -0.7400 0.6482
2.6600 -0.7400 0.6588
2.6800 -0.7400 0.6402
2.7000 -0.7400 0.5808
2.7200 -0.7400 0.5808
2.7400 -0.7400 0.5808
2.7600 -0.7400 0.5916
2.7800 -0.7400 0.5570
2.8000 -0.7400 0.5478
2.8200 -0.7400 0.5298
2.8400 -0.7400 0.5338
2.8600 -0.7400 0.5290
2.8800 -0.7400 0.5250
2.9000 -0.7400 0.5148
2.9200 -0.7400 0.5148
2.9400 -0.7400 0.4850
2.9600 -0.7400 0.4390
2.9800 -0.7400 0.4620
3.0000 -0.7400 0.4620
3.0200 -0.7400 0.5260
3.0400 -0.7400 0.5270
3.0600 -0.7400 0.5060
3.0800 -0.7400 0.5020
3.1000 -0.7400 0.5470
3.1200 -0.7400 0.5668
3.1400 -0.7400 0.5660
3.1600 -0.7400 0.5660
3.1800 -0.7400 0.5906
3.2000 -0.7400 0.5478
3.2200 -0.7400 0.4840
3.2400 -0.7400 0.4650
3.2600 -0.7400 0.4130
3.2800 -0.7400 0.4490
3.3000 -0.7400 0.4660
3.3200 -0.7400 0.4530
3.3400 -0.7400 0.5252
3.3600 -0.7400 0.5542
3.3800 -0.7400 0.5642
3.4000 -0.7400 0.5690
3.4200 -0.7400 0.5560
3.4400 -0.7400 0.5600
3.4600 -0.7400 0.5420
3.4800 -0.7400 0.5420
3.5000 -0.7400 0.5420
3.5200 -0.7400 0.5362
3.5400 -0.7400 0.5420
3.5600 -0.7400 0.5410
3.5800 -0.7400 0.5402
3.6000 -0.7400 0.5260
3.6200 -0.7400 0.4390
3.6400 -0.7400 0.5212
3.6600 -0.7400 0.5260
3.6800 -0.7400 0.4730
3.7000 -0.7400 0.5152
3.7200 -0.7400 0.4490
3.7400 -0.7400 0.4530
3.7600 -0.7400 0.4820
3.7800 -0.7400 0.5030
3.8000 -0.7400 0.4730
3.8200 -0.7400 0.4730
3.8400 -0.7400 0.4620
3.8600 -0.7400 0.4880
3.8800 -0.7400 0.5192
3.9000 -0.7400 0.5090
3.9200 -0.7400 0.5152
3.9400 -0.7400 0.5352
3.9600 -0.7400 0.4720
3.9800 -0.7400 0.4660
4.0000 -0.7400 0.4820
4.0200 -0.7400 0.4810
4.0400 -0.7400 0.4460
4.0600 -0.7400 0.4380
4.0800 -0.7400 0.4860
4.1000 -0.7400 0.4680
4.1200 -0.7400 0.4620
4.1400 -0.7400 0.4650
4.1600 -0.7400 0.4650
4.1800 -0.7400 0.4700
4.2000 -0.7400 0.5040
4.2200 -0.7400 0.4650
4.2400 -0.7400 0.4700
4.2600 -0.7400 0.4730
4.2800 -0.7400 0.4540
4.3000 -0.7400 0.5152
4.3200 -0.7400 0.5010
4.3400 -0.7400 0.5320
4.3600 -0.7400 0.4730
4.3800 -0.7400 0.5310
4.4000 -0.7400 0.5352
4.4200 -0.7400 0.5450
4.4400 -0.7400 0.5402
4.4600 -0.7400 0.5310
4.4800 -0.7400 0.5152
4.5000 -0.7400 0.5110
4.5200 -0.7400 0.5310
4.5400 -0.7400 0.5470
4.5600 -0.7400 0.5502
4.5800 -0.7400 0.5450
4.6000 -0.7400 0.5460
4.6200 -0.7400 0.5402
4.6400 -0.7400 0.5410
4.6600 -0.7400 0.5402
4.6800 -0.7400 0.4860
4.7000 -0.7400 0.4460
4.7200 -0.7400 0.4460
4.7400 -0.7400 0.4880
4.7600 -0.7400 0.5270
4.7800 -0.7400 0.4740
4.8000 -0.7400 0.4720
4.8200 -0.7400 0.4730
4.8400 -0.7400 0.5410
4.8600 -0.7400 0.5410
4.8800 -0.7400 0.4470
4.9000 -0.7400 0.4720
4.9200 -0.7400 0.4960
4.9400 -0.7400 0.4460
4.9600 -0.7400 0.4540
4.9800 -0.7400 0.4540
5.0000 -0.7400 0.4690
5.0200 -0.7400 0.5158
5.0400 -0.7400 0.5240
5.0600 -0.7400 0.5148
5.0800 -0.7400 0.4620
5.1000 -0.7400 0.4470
5.1200 -0.7400 0.4228
5.1400 -0.7400 0.4240
5.1600 -0.7400 0.4380
5.1800 -0.7400 0.4760
5.2000 -0.7400 0.4770
5.2200 -0.7400 0.4760
5.2400 -0.7400 0.5392
5.2600 -0.7400 0.5402
0.0000 -0.7200 0.5610
0.0200 -0.7200 0.5626
0.0400 -0.7200 0.5686
0.0600 -0.7200 0.5580
0.0800 -0.7200 0.5486
0.1000 -0.7200 0.5560
0.1200 -0.7200 0.5530
0.1400 -0.7200 0.5716
0.1600 -0.7200 0.5440
0.1800 -0.7200 0.5010
0.2000 -0.7200 0.4860
0.2200 -0.7200 0.5050
0.2400 -0.7200 0.5390
0.2600 -0.7200 0.5096
0.2800 -0.7200 0.5156
0.3000 -0.7200 0.5220
0.3200 -0.7200 0.5300
0.3400 -0.7200 0.5390
0.3600 -0.7200 0.5420
0.3800 -0.7200 0.5486
0.4000 -0.7200 0.5440
0.4200 -0.7200 0.5316
0.4400 -0.7200 0.5346
0.4600 -0.7200 0.5470
0.4800 -0.7200 0.5346
0.5000 -0.7200 0.5486
0.5200 -0.7200 0.5506
0.5400 -0.7200 0.5610
0.5600 -0.7200 0.5626
0.5800 -0.7200 0.5440
0.6000 -0.7200 0.5470
0.6200 -0.7200 0.5470
0.6400 -0.7200 0.5470
0.6600 -0.7200 0.5390
0.6800 -0.7200 0.5390
0.7000 -0.7200 0.5366
0.7200 -0.7200 0.5346
0.7400 -0.7200 0.5250
0.7600 -0.7200 0.5346
0.7800 -0.7200 0.5080
0.8000 -0.7200 0.4540
0.8200 -0.7200 0.4660
0.8400 -0.7200 0.4490
0.8600 -0.7200 0.4490
0.8800 -0.7200 0.4450
0.9000 -0.7200 0.4540
0.9200 -0.7200 0.4780
0.9400 -0.7200 0.4780
0.9600 -0.7200 0.4360
0.9800 -0.7200 0.4260
1.0000 -0.7200 0.4580
1.0200 -0.7200 0.4580
1.0400 -0.7200 0.4580
1.0600 -0.7200 0.4204
1.0800 -0.7200 0.4310
1.1000 -0.7200 0.4310
1.1200 -0.7200 0.4330
1.1400 -0.7200 0.4580
1.1600 -0.7200 0.4290
1.1800 -0.7200 0.4290
1.2000 -0.7200 0.4080
1.2200 -0.7200 0.4204
1.2400 -0.7200 0.4080
1.2600 -0.7200 0.4080
1.2800 -0.7200 0.4150
1.3000 -0.7200 0.4150
1.3200 -0.7200 0.4240
1.3400 -0.7200 0.4260
1.3600 -0.7200 0.4240
1.3800 -0.7200 0.4600
1.4000 -0.7200 0.5194
1.4200 -0.7200 0.5124
1.4400 -0.7200 0.5354
1.4600 -0.7200 0.5354
1.4800 -0.7200 0.5290
1.5000 -0.7200 0.5194
1.5200 -0.7200 0.5164
1.5400 -0.7200 0.5540
1.5600 -0.7200 0.5450
1.5800 -0.7200 0.5590
1.6000 -0.7200 0.5590
1.6200 -0.7200 0.5560
1.6400 -0.7200 0.5334
1.6600 -0.7200 0.5164
1.6800 -0.7200 0.5124
1.7000 -0.7200 0.4840
1.7200 -0.7200 0.4640
1.7400 -0.7200 0.4740
1.7600 -0.7200 0.4800
1.7800 -0.7200 0.4520
1.8000 -0.7200 0.4830
1.8200 -0.7200 0.4950
1.8400 -0.7200 0.4950
1.8600 -0.7200 0.4450
1.8800 -0.7200 0.4450
1.9000 -0.7200 0.4540
1.9200 -0.7200 0.4540
1.9400 -0.7200 0.4720
1.9600 -0.7200 0.5310
1.9800 -0.7200 0.5290
2.0000 -0.7200 0.5240
2.0200 -0.7200 0.5164
2.0400 -0.7200 0.5020
2.0600 -0.7200 0.5080
2.0800 -0.7200 0.5020
2.1000 -0.7200 0.4720
2.1200 -0.7200 0.5100
2.1400 -0.7200 0.4870
2.1600 -0.7200 0.5194
2.1800 -0.7200 0.5194
2.2000 -0.7200 0.4690
2.2200 -0.7200 0.4240
2.2400 -0.7200 0.4360
2.2600 -0.7200 0.4290
2.2800 -0.7200 0.4260
2.3000 -0.7200 0.4360
2.3200 -0.7200 0.4290
2.3400 -0.7200 0.4260
2.3600 -0.7200 0.4080
2.3800 -0.7200 0.4150
2.4000 -0.7200 0.4260
2.4200 -0.7200 0.4310
2.4400 -0.7200 0.4080
2.4600 -0.7200 0.4290
2.4800 -0.7200 0.5080
2.5000 -0.7200 0.5100
2.5200 -0.7200 0.5450
2.5400 -0.7200 0.6030
2.5600 -0.7200 0.6964
2.5800 -0.7200 0.6964
2.6000 -0.7200 0.6964
2.6200 -0.7200 0.7004
2.6400 -0.7200 0.7004
2.6600 -0.7200 0.7004
2.6800 -0.7200 0.6924
2.7000 -0.7200 0.6804
2.7200 -0.7200 0.6828
2.7400 -0.7200 0.6804
2.7600 -0.7200 0.6844
2.7800 -0.7200 0.6684
2.8000 -0.7200 0.6284
2.8200 -0.7200 0.5634
2.8400 -0.7200 0.5634
2.8600 -0.7200 0.5634
2.8800 -0.7200 0.5704
2.9000 -0.7200 0.5590
2.9200 -0.7200 0.5590
2.9400 -0.7200 0.5400
2.9600 -0.7200 0.4930
2.9800 -0.7200 0.4720
3.0000 -0.7200 0.4720
3.0200 -0.7200 0.5020
3.0400 -0.7200 0.5400
3.0600 -0.7200 0.5540
3.0800 -0.7200 0.5524
3.1000 -0.7200 0.6248
3.1200 -0.7200 0.6664
3.1400 -0.7200 0.6624
3.1600 -0.7200 0.6594
3.1800 -0.7200 0.6884
3.2000 -0.7200 0.6016
3.2200 -0.7200 0.5040
3.2400 -0.7200 0.5020
3.2600 -0.7200 0.4216
3.2800 -0.7200 0.3920
3.3000 -0.7200 0.4224
3.3200 -0.7200 0.4204
3.3400 -0.7200 0.4100
3.3600 -0.7200 0.5096
3.3800 -0.7200 0.5440
3.4000 -0.7200 0.5440
3.4200 -0.7200 0.5420
3.4400 -0.7200 0.5420
3.4600 -0.7200 0.5156
3.4800 -0.7200 0.5096
3.5000 -0.7200 0.5156
3.5200 -0.7200 0.4900
3.5400 -0.7200 0.5080
3.5600 -0.7200 0.4800
3.5800 -0.7200 0.4750
3.6000 -0.7200 0.4400
3.6200 -0.7200 0.4290
3.6400 -0.7200 0.4840
3.6600 -0.7200 0.4780
3.6800 -0.7200 0.4640
3.7000 -0.7200 0.4690
3.7200 -0.7200 0.4520
3.7400 -0.7200 0.4520
3.7600 -0.7200 0.4640
3.7800 -0.7200 0.4640
3.8000 -0.7200 0.4670
3.8200 -0.7200 0.4800
3.8400 -0.7200 0.4540
3.8600 -0.7200 0.4360
3.8800 -0.7200 0.4280
3.9000 -0.7200 0.4260
3.9200 -0.7200 0.4260
3.9400 -0.7200 0.4580
3.9600 -0.7200 0.4100
3.9800 -0.7200 0.4100
4.0000 -0.7200 0.4310
4.0200 -0.7200 0.4260
4.0400 -0.7200 0.4130
4.0600 -0.7200 0.4130
4.0800 -0.7200 0.4260
4.1000 -0.7200 0.4340
4.1200 -0.7200 0.4830
4.1400 -0.7200 0.5384
4.1600 -0.7200 0.5400
4.1800 -0.7200 0.5400
4.2000 -0.7200 0.5474
4.2200 -0.7200 0.5400
4.2400 -0.7200 0.5430
4.2600 -0.7200 0.5124
4.2800 -0.7200 0.4670
4.3000 -0.7200 0.4640
4.3200 -0.7200 0.4510
4.3400 -0.7200 0.4930
4.3600 -0.7200 0.4340
4.3800 -0.7200 0.4490
4.4000 -0.7200 0.4510
4.4200 -0.7200 0.4550
4.4400 -0.7200 0.4450
4.4600 -0.7200 0.4860
4.4800 -0.7200 0.4710
4.5000 -0.7200 0.4430
4.5200 -0.7200 0.4450
4.5400 -0.7200 0.4720
4.5600 -0.7200 0.4800
4.5800 -0.7200 0.4370
4.6000 -0.7200 0.4750
4.6200 -0.7200 0.4680
4.6400 -0.7200 0.4750
4.6600 -0.7200 0.4660
4.6800 -0.7200 0.4290
4.7000 -0.7200 0.4130
4.7200 -0.7200 0.4080
4.7400 -0.7200 0.5040
4.7600 -0.7200 0.5210
4.7800 -0.7200 0.4980
4.8000 -0.7200 0.4290
4.8200 -0.7200 0.4310
4.8400 -0.7200 0.4600
4.8600 -0.7200 0.4490
4.8800 -0.7200 0.4100
4.9000 -0.7200 0.4240
4.9200 -0.7200 0.4050
4.9400 -0.7200 0.4050
4.9600 -0.7200 0.4600
4.9800 -0.7200 0.4670
5.0000 -0.7200 0.5080
5.0200 -0.7200 0.5540
5.0400 -0.7200 0.5664
5.0600 -0.7200 0.5634
5.0800 -0.7200 0.4720
5.1000 -0.7200 0.4370
5.1200 -0.7200 0.4080
5.1400 -0.7200 0.4080
5.1600 -0.7200 0.4240
5.1800 -0.7200 0.5290
5.2000 -0.7200 0.5420
5.2200 -0.7200 0.5400
5.2400 -0.7200 0.4360
5.2600 -0.7200 0.4600
0.0000 -0.7000 0.5370
0.0200 -0.7000 0.5370
0.0400 -0.7000 0.5280
0.0600 -0.7000 0.5420
0.0800 -0.7000 0.5140
0.1000 -0.7000 0.5280
0.1200 -0.7000 0.5230
0.1400 -0.7000 0.5420
0.1600 -0.7000 0.5180
0.1800 -0.7000 0.4540
0.2000 -0.7000 0.4390
0.2200 -0.7000 0.4490
0.2400 -0.7000 0.4740
0.2600 -0.7000 0.4490
0.2800 -0.7000 0.4540
0.3000 -0.7000 0.4640
0.3200 -0.7000 0.4640
0.3400 -0.7000 0.4890
0.3600 -0.7000 0.4890
0.3800 -0.7000 0.5280
0.4000 -0.7000 0.5040
0.4200 -0.7000 0.4640
0.4400 -0.7000 0.4740
0.4600 -0.7000 0.5230
0.4800 -0.7000 0.4740
0.5000 -0.7000 0.5230
0.5200 -0.7000 0.5280
0.5400 -0.7000 0.5370
0.5600 -0.7000 0.5230
0.5800 -0.7000 0.5140
0.6000 -0.7000 0.5230
0.6200 -0.7000 0.5140
0.6400 -0.7000 0.5280
0.6600 -0.7000 0.4990
0.6800 -0.7000 0.4890
0.7000 -0.7000 0.4640
0.7200 -0.7000 0.5040
0.7400 -0.7000 0.4640
0.7600 -0.7000 0.4690
0.7800 -0.7000 0.4340
0.8000 -0.7000 0.4690
0.8200 -0.7000 0.4840
0.8400 -0.7000 0.4990
0.8600 -0.7000 0.4840
0.8800 -0.7000 0.5040
0.9000 -0.7000 0.5040
0.9200 -0.7000 0.4990
0.9400 -0.7000 0.4890
0.9600 -0.7000 0.4540
0.9800 -0.7000 0.4640
1.0000 -0.7000 0.4640
1.0200 -0.7000 0.4640
1.0400 -0.7000 0.4690
1.0600 -0.7000 0.4180
1.0800 -0.7000 0.4130
1.1000 -0.7000 0.4130
1.1200 -0.7000 0.4080
1.1400 -0.7000 0.4180
1.1600 -0.7000 0.4290
1.1800 -0.7000 0.4340
1.2000 -0.7000 0.4130
1.2200 -0.7000 0.4130
1.2400 -0.7000 0.4240
1.2600 -0.7000 0.4240
1.2800 -0.7000 0.4080
1.3000 -0.7000 0.4080
1.3200 -0.7000 0.4240
1.3400 -0.7000 0.4240
1.3600 -0.7000 0.4640
1.3800 -0.7000 0.5330
1.4000 -0.7000 0.5560
1.4200 -0.7000 0.5560
1.4400 -0.7000 0.5650
1.4600 -0.7000 0.5650
1.4800 -0.7000 0.5650
1.5000 -0.7000 0.5650
1.5200 -0.7000 0.5700
1.5400 -0.7000 0.6570
1.5600 -0.7000 0.6320
1.5800 -0.7000 0.6570
1.6000 -0.7000 0.6570
1.6200 -0.7000 0.6450
1.6400 -0.7000 0.6060
1.6600 -0.7000 0.5560
1.6800 -0.7000 0.5560
1.7000 -0.7000 0.5370
1.7200 -0.7000 0.5140
1.7400 -0.7000 0.5330
1.7600 -0.7000 0.5330
1.7800 -0.7000 0.5230
1.8000 -0.7000 0.5420
1.8200 -0.7000 0.5470
1.8400 -0.7000 0.5470
1.8600 -0.7000 0.5280
1.8800 -0.7000 0.5140
1.9000 -0.7000 0.5230
1.9200 -0.7000 0.5180
1.9400 -0.7000 0.5370
1.9600 -0.7000 0.6010
1.9800 -0.7000 0.6230
2.0000 -0.7000 0.6190
2.0200 -0.7000 0.6190
2.0400 -0.7000 0.6060
2.0600 -0.7000 0.5650
2.0800 -0.7000 0.5650
2.1000 -0.7000 0.5510
2.1200 -0.7000 0.5610
2.1400 -0.7000 0.5470
2.1600 -0.7000 0.5610
2.1800 -0.7000 0.5610
2.2000 -0.7000 0.5330
2.2200 -0.7000 0.4640
2.2400 -0.7000 0.4340
2.2600 -0.7000 0.4290
2.2800 -0.7000 0.4080
2.3000 -0.7000 0.4080
2.3200 -0.7000 0.4130
2.3400 -0.7000 0.4130
2.3600 -0.7000 0.4080
2.3800 -0.7000 0.4080
2.4000 -0.7000 0.4130
2.4200 -0.7000 0.4080
2.4400 -0.7000 0.4290
2.4600 -0.7000 0.4840
2.4800 -0.7000 0.5560
2.5000 -0.7000 0.5610
2.5200 -0.7000 0.6490
2.5400 -0.7000 0.6900
2.5600 -0.7000 0.7460
2.5800 -0.7000 0.7460
2.6000 -0.7000 0.7460
2.6200 -0.7000 0.7490
2.6400 -0.7000 0.7490
2.6600 -0.7000 0.7460
2.6800 -0.7000 0.7180
2.7000 -0.7000 0.7180
2.7200 -0.7000 0.7180
2.7400 -0.7000 0.7140
2.7600 -0.7000 0.7060
2.7800 -0.7000 0.6940
2.8000 -0.7000 0.6860
2.8200 -0.7000 0.6700
2.8400 -0.7000 0.6660
2.8600 -0.7000 0.6700
2.8800 -0.7000 0.6740
2.9000 -0.7000 0.6610
2.9200 -0.7000 0.6570
2.9400 -0.7000 0.6230
2.9600 -0.7000 0.5610
2.9800 -0.7000 0.5420
3.0000 -0.7000 0.5470
3.0200 -0.7000 0.5470
3.0400 -0.7000 0.5920
3.0600 -0.7000 0.6230
3.0800 -0.7000 0.6190
3.1000 -0.7000 0.6860
3.1200 -0.7000 0.6980
3.1400 -0.7000 0.7020
3.1600 -0.7000 0.7020
3.1800 -0.7000 0.7220
3.2000 -0.7000 0.6900
3.2200 -0.7000 0.5420
3.2400 -0.7000 0.5420
3.2600 -0.7000 0.4740
3.2800 -0.7000 0.4130
3.3000 -0.7000 0.4080
3.3200 -0.7000 0.4080
3.3400 -0.7000 0.3920
3.3600 -0.7000 0.4390
3.3800 -0.7000 0.4640
3.4000 -0.7000 0.4540
3.4200 -0.7000 0.4690
3.4400 -0.7000 0.5040
3.4600 -0.7000 0.4640
3.4800 -0.7000 0.4240
3.5000 -0.7000 0.4340
3.5200 -0.7000 0.4240
3.5400 -0.7000 0.4390
3.5600 -0.7000 0.4180
3.5800 -0.7000 0.4180
3.6000 -0.7000 0.4290
3.6200 -0.7000 0.4690
3.6400 -0.7000 0.5230
3.6600 -0.7000 0.5140
3.6800 -0.7000 0.5140
3.7000 -0.7000 0.5180
3.7200 -0.7000 0.5180
3.7400 -0.7000 0.5180
3.7600 -0.7000 0.5140
3.7800 -0.7000 0.5280
3.8000 -0.7000 0.5370
3.8200 -0.7000 0.5370
3.8400 -0.7000 0.5230
3.8600 -0.7000 0.4490
3.8800 -0.7000 0.4180
3.9000 -0.7000 0.4130
3.9200 -0.7000 0.4080
3.9400 -0.7000 0.4130
3.9600 -0.7000 0.4030
3.9800 -0.7000 0.4030
4.0000 -0.7000 0.4130
4.0200 -0.7000 0.4180
4.0400 -0.7000 0.4490
4.0600 -0.7000 0.4390
4.0800 -0.7000 0.4490
4.1000 -0.7000 0.5040
4.1200 -0.7000 0.5470
4.1400 -0.7000 0.5920
4.1600 -0.7000 0.6010
4.1800 -0.7000 0.6360
4.2000 -0.7000 0.6230
4.2200 -0.7000 0.6010
4.2400 -0.7000 0.5920
4.2600 -0.7000 0.5650
4.2800 -0.7000 0.5470
4.3000 -0.7000 0.5180
4.3200 -0.7000 0.5040
4.3400 -0.7000 0.5230
4.3600 -0.7000 0.5040
4.3800 -0.7000 0.4640
4.4000 -0.7000 0.4540
4.4200 -0.7000 0.4290
4.4400 -0.7000 0.4240
4.4600 -0.7000 0.4490
4.4800 -0.7000 0.4390
4.5000 -0.7000 0.4180
4.5200 -0.7000 0.4080
4.5400 -0.7000 0.4030
4.5600 -0.7000 0.4030
4.5800 -0.7000 0.4030
4.6000 -0.7000 0.4130
4.6200 -0.7000 0.4080
4.6400 -0.7000 0.4080
4.6600 -0.7000 0.4080
4.6800 -0.7000 0.4490
4.7000 -0.7000 0.4490
4.7200 -0.7000 0.4390
4.7400 -0.7000 0.5510
4.7600 -0.7000 0.5470
4.7800 -0.7000 0.5470
4.8000 -0.7000 0.4240
4.8200 -0.7000 0.4180
4.8400 -0.7000 0.4180
4.8600 -0.7000 0.3970
4.8800 -0.7000 0.3970
4.9000 -0.7000 0.3970
4.9200 -0.7000 0.3920
4.9400 -0.7000 0.4290
4.9600 -0.7000 0.5280
4.9800 -0.7000 0.5280
5.0000 -0.7000 0.5610
5.0200 -0.7000 0.6450
5.0400 -0.7000 0.6740
5.0600 -0.7000 0.6740
5.0800 -0.7000 0.5510
5.1000 -0.7000 0.5230
5.1200 -0.7000 0.4490
5.1400 -0.7000 0.4390
5.1600 -0.7000 0.4690
5.1800 -0.7000 0.5610
5.2000 -0.7000 0.6060
5.2200 -0.7000 0.6060
5.2400 -0.7000 0.4340
5.2600 -0.7000 0.4240
0.0000 -0.6800 0.4410
0.0200 -0.6800 0.4330
0.0400 -0.6800 0.4320
0.0600 -0.6800 0.4700
0.0800 -0.6800 0.4350
0.1000 -0.6800 0.4450
0.1200 -0.6800 0.4520
0.1400 -0.6800 0.4350
0.1600 -0.6800 0.4430
0.1800 -0.6800 0.4160
0.2000 -0.6800 0.4130
0.2200 -0.6800 0.4240
0.2400 -0.6800 0.4270
0.2600 -0.6800 0.4290
0.2800 -0.6800 0.4290
0.3000 -0.6800 0.4340
0.3200 -0.6800 0.4290
0.3400 -0.6800 0.4390
0.3600 -0.6800 0.4390
0.3800 -0.6800 0.4450
0.4000 -0.6800 0.4370
0.4200 -0.6800 0.4270
0.4400 -0.6800 0.4290
0.4600 -0.6800 0.4480
0.4800 -0.6800 0.4320
0.5000 -0.6800 0.4480
0.5200 -0.6800 0.4520
0.5400 -0.6800 0.4700
0.5600 -0.6800 0.4370
0.5800 -0.6800 0.4580
0.6000 -0.6800 0.4600
0.6200 -0.6800 0.4370
0.6400 -0.6800 0.4580
0.6600 -0.6800 0.4370
0.6800 -0.6800 0.4320
0.7000 -0.6800 0.4080
0.7200 -0.6800 0.4320
0.7400 -0.6800 0.4060
0.7600 -0.6800 0.4060
0.7800 -0.6800 0.4030
0.8000 -0.6800 0.5220
0.8200 -0.6800 0.5440
0.8400 -0.6800 0.5550
0.8600 -0.6800 0.5526
0.8800 -0.6800 0.5646
0.9000 -0.6800 0.5626
0.9200 -0.6800 0.5526
0.9400 -0.6800 0.5526
0.9600 -0.6800 0.5440
0.9800 -0.6800 0.5526
1.0000 -0.6800 0.5526
1.0200 -0.6800 0.5486
1.0400 -0.6800 0.5390
1.0600 -0.6800 0.4800
1.0800 -0.6800 0.4310
1.1000 -0.6800 0.4330
1.1200 -0.6800 0.4330
1.1400 -0.6800 0.4550
1.1600 -0.6800 0.5050
1.1800 -0.6800 0.5096
1.2000 -0.6800 0.5050
1.2200 -0.6800 0.4990
1.2400 -0.6800 0.4950
1.2600 -0.6800 0.5066
1.2800 -0.6800 0.4600
1.3000 -0.6800 0.4430
1.3200 -0.6800 0.4900
1.3400 -0.6800 0.4950
1.3600 -0.6800 0.5440
1.3800 -0.6800 0.6128
1.4000 -0.6800 0.6708
1.4200 -0.6800 0.6678
1.4400 -0.6800 0.6788
1.4600 -0.6800 0.6892
1.4800 -0.6800 0.6788
1.5000 -0.6800 0.6812
1.5200 -0.6800 0.6836
1.5400 -0.6800 0.6996
1.5600 -0.6800 0.6956
1.5800 -0.6800 0.7036
1.6000 -0.6800 0.7036
1.6200 -0.6800 0.7052
1.6400 -0.6800 0.6916
1.6600 -0.6800 0.6708
1.6800 -0.6800 0.6708
1.7000 -0.6800 0.6128
1.7200 -0.6800 0.5842
1.7400 -0.6800 0.6008
1.7600 -0.6800 0.6082
1.7800 -0.6800 0.6082
1.8000 -0.6800 0.6212
1.8200 -0.6800 0.6318
1.8400 -0.6800 0.6388
1.8600 -0.6800 0.5866
1.8800 -0.6800 0.5736
1.9000 -0.6800 0.5842
1.9200 -0.6800 0.5902
1.9400 -0.6800 0.6318
1.9600 -0.6800 0.6916
1.9800 -0.6800 0.7020
2.0000 -0.6800 0.7036
2.0200 -0.6800 0.7020
2.0400 -0.6800 0.7020
2.0600 -0.6800 0.6916
2.0800 -0.6800 0.6916
2.1000 -0.6800 0.6836
2.1200 -0.6800 0.6836
2.1400 -0.6800 0.6622
2.1600 -0.6800 0.6662
2.1800 -0.6800 0.6692
2.2000 -0.6800 0.6008
2.2200 -0.6800 0.5390
2.2400 -0.6800 0.4660
2.2600 -0.6800 0.4600
2.2800 -0.6800 0.4204
2.3000 -0.6800 0.4050
2.3200 -0.6800 0.4240
2.3400 -0.6800 0.4310
2.3600 -0.6800 0.4400
2.3800 -0.6800 0.4450
2.4000 -0.6800 0.4450
2.4200 -0.6800 0.4450
2.4400 -0.6800 0.5270
2.4600 -0.6800 0.5646
2.4800 -0.6800 0.6836
2.5000 -0.6800 0.6852
2.5200 -0.6800 0.7132
2.5400 -0.6800 0.7196
2.5600 -0.6800 0.8050
2.5800 -0.6800 0.8050
2.6000 -0.6800 0.8066
2.6200 -0.6800 0.8102
2.6400 -0.6800 0.8078
2.6600 -0.6800 0.8066
2.6800 -0.6800 0.8078
2.7000 -0.6800 0.7996
2.7200 -0.6800 0.8066
2.7400 -0.6800 0.8050
2.7600 -0.6800 0.7996
2.7800 -0.6800 0.7520
2.8000 -0.6800 0.7172
2.8200 -0.6800 0.6996
2.8400 -0.6800 0.6996
2.8600 -0.6800 0.7092
2.8800 -0.6800 0.7036
2.9000 -0.6800 0.6996
2.9200 -0.6800 0.7036
2.9400 -0.6800 0.6892
2.9600 -0.6800 0.6606
2.9800 -0.6800 0.6128
3.0000 -0.6800 0.6212
3.0200 -0.6800 0.6176
3.0400 -0.6800 0.6836
3.0600 -0.6800 0.6972
3.0800 -0.6800 0.6972
3.1000 -0.6800 0.7340
3.1200 -0.6800 0.7862
3.1400 -0.6800 0.7938
3.1600 -0.6800 0.7938
3.1800 -0.6800 0.8032
3.2000 -0.6800 0.7236
3.2200 -0.6800 0.6258
3.2400 -0.6800 0.6258
3.2600 -0.6800 0.5440
3.2800 -0.6800 0.4580
3.3000 -0.6800 0.4130
3.3200 -0.6800 0.4204
3.3400 -0.6800 0.3920
3.3600 -0.6800 0.4110
3.3800 -0.6800 0.4080
3.4000 -0.6800 0.4030
3.4200 -0.6800 0.4060
3.4400 -0.6800 0.4196
3.4600 -0.6800 0.4030
3.4800 -0.6800 0.3970
3.5000 -0.6800 0.4006
3.5200 -0.6800 0.3970
3.5400 -0.6800 0.4180
3.5600 -0.6800 0.4180
3.5800 -0.6800 0.4204
3.6000 -0.6800 0.4710
3.6200 -0.6800 0.5250
3.6400 -0.6800 0.5626
3.6600 -0.6800 0.5596
3.6800 -0.6800 0.5686
3.7000 -0.6800 0.5626
3.7200 -0.6800 0.5752
3.7400 -0.6800 0.5752
3.7600 -0.6800 0.5776
3.7800 -0.6800 0.5842
3.8000 -0.6800 0.5952
3.8200 -0.6800 0.6008
3.8400 -0.6800 0.5736
3.8600 -0.6800 0.5390
3.8800 -0.6800 0.4800
3.9000 -0.6800 0.4800
3.9200 -0.6800 0.4280
3.9400 -0.6800 0.4120
3.9600 -0.6800 0.4120
3.9800 -0.6800 0.4224
4.0000 -0.6800 0.4330
4.0200 -0.6800 0.5066
4.0400 -0.6800 0.5390
4.0600 -0.6800 0.5366
4.0800 -0.6800 0.5410
4.1000 -0.6800 0.5826
4.1200 -0.6800 0.6258
4.1400 -0.6800 0.6836
4.1600 -0.6800 0.6836
4.1800 -0.6800 0.6892
4.2000 -0.6800 0.6836
4.2200 -0.6800 0.6676
4.2400 -0.6800 0.6692
4.2600 -0.6800 0.6206
4.2800 -0.6800 0.6092
4.3000 -0.6800 0.5736
4.3200 -0.6800 0.5736
4.3400 -0.6800 0.5626
4.3600 -0.6800 0.5626
4.3800 -0.6800 0.5366
4.4000 -0.6800 0.5316
4.4200 -0.6800 0.4750
4.4400 -0.6800 0.4310
4.4600 -0.6800 0.4310
4.4800 -0.6800 0.4290
4.5000 -0.6800 0.4080
4.5200 -0.6800 0.4030
4.5400 -0.6800 0.3970
4.5600 -0.6800 0.3970
4.5800 -0.6800 0.3970
4.6000 -0.6800 0.4030
4.6200 -0.6800 0.3920
4.6400 -0.6800 0.3970
4.6600 -0.6800 0.4030
4.6800 -0.6800 0.4860
4.7000 -0.6800 0.5390
4.7200 -0.6800 0.5440
4.7400 -0.6800 0.6662
4.7600 -0.6800 0.6318
4.7800 -0.6800 0.6444
4.8000 -0.6800 0.4600
4.8200 -0.6800 0.4600
4.8400 -0.6800 0.4204
4.8600 -0.6800 0.3570
4.8800 -0.6800 0.3736
4.9000 -0.6800 0.3736
4.9200 -0.6800 0.4490
4.9400 -0.6800 0.5496
4.9600 -0.6800 0.5952
4.9800 -0.6800 0.5952
5.0000 -0.6800 0.6836
5.0200 -0.6800 0.7108
5.0400 -0.6800 0.7212
5.0600 -0.6800 0.7188
5.0800 -0.6800 0.6732
5.1000 -0.6800 0.5902
5.1200 -0.6800 0.5496
5.1400 -0.6800 0.5526
5.1600 -0.6800 0.5486
5.1800 -0.6800 0.6748
5.2000 -0.6800 0.6916
5.2200 -0.6800 0.6916
5.2400 -0.6800 0.5096
5.2600 -0.6800 0.4360
0.0000 -0.6600 0.4030
0.0200 -0.6600 0.3970
0.0400 -0.6600 0.4030
0.0600 -0.6600 0.4030
0.0800 -0.6600 0.4040
0.1000 -0.6600 0.4080
0.1200 -0.6600 0.4040
0.1400 -0.6600 0.3970
0.1600 -0.6600 0.4030
0.1800 -0.6600 0.4080
0.2000 -0.6600 0.4080
0.2200 -0.6600 0.4228
0.2400 -0.6600 0.4240
0.2600 -0.6600 0.4290
0.2800 -0.6600 0.4290
0.3000 -0.6600 0.4330
0.3200 -0.6600 0.4240
0.3400 -0.6600 0.4340
0.3600 -0.6600 0.4340
0.3800 -0.6600 0.4192
0.4000 -0.6600 0.4240
0.4200 -0.6600 0.4330
0.4400 -0.6600 0.4290
0.4600 -0.6600 0.4228
0.4800 -0.6600 0.4140
0.5000 -0.6600 0.4080
0.5200 -0.6600 0.4080
0.5400 -0.6600 0.4080
0.5600 -0.6600 0.4080
0.5800 -0.6600 0.4040
0.6000 -0.6600 0.4040
0.6200 -0.6600 0.4040
0.6400 -0.6600 0.3982
0.6600 -0.6600 0.4030
0.6800 -0.6600 0.3982
0.7000 -0.6600 0.3930
0.7200 -0.6600 0.4030
0.7400 -0.6600 0.3860
0.7600 -0.6600 0.3920
0.7800 -0.6600 0.4030
0.8000 -0.6600 0.5642
0.8200 -0.6600 0.6164
0.8400 -0.6600 0.6294
0.8600 -0.6600 0.6294
0.8800 -0.6600 0.6464
0.9000 -0.6600 0.6464
0.9200 -0.6600 0.6196
0.9400 -0.6600 0.6212
0.9600 -0.6600 0.6032
0.9800 -0.6600 0.6164
1.0000 -0.6600 0.6050
1.0200 -0.6600 0.6032
1.0400 -0.6600 0.5772
1.0600 -0.6600 0.5600
1.0800 -0.6600 0.5372
1.1000 -0.6600 0.5372
1.1200 -0.6600 0.5460
1.1400 -0.6600 0.5502
1.1600 -0.6600 0.5642
1.1800 -0.6600 0.5642
1.2000 -0.6600 0.5642
1.2200 -0.6600 0.5642
1.2400 -0.6600 0.5642
1.2600 -0.6600 0.5642
1.2800 -0.6600 0.5502
1.3000 -0.6600 0.5492
1.3200 -0.6600 0.5642
1.3400 -0.6600 0.5642
1.3600 -0.6600 0.6154
1.3800 -0.6600 0.6924
1.4000 -0.6600 0.7132
1.4200 -0.6600 0.7164
1.4400 -0.6600 0.7316
1.4600 -0.6600 0.7324
1.4800 -0.6600 0.7244
1.5000 -0.6600 0.7164
1.5200 -0.6600 0.7164
1.5400 -0.6600 0.7880
1.5600 -0.6600 0.7730
1.5800 -0.6600 0.7612
1.6000 -0.6600 0.7564
1.6200 -0.6600 0.7580
1.6400 -0.6600 0.7220
1.6600 -0.6600 0.7052
1.6800 -0.6600 0.7092
1.7000 -0.6600 0.6892
1.7200 -0.6600 0.6812
1.7400 -0.6600 0.6860
1.7600 -0.6600 0.6892
1.7800 -0.6600 0.6852
1.8000 -0.6600 0.6852
1.8200 -0.6600 0.6924
1.8400 -0.6600 0.6924
1.8600 -0.6600 0.6724
1.8800 -0.6600 0.6626
1.9000 -0.6600 0.6796
1.9200 -0.6600 0.6812
1.9400 -0.6600 0.7012
1.9600 -0.6600 0.7252
1.9800 -0.6600 0.7484
2.0000 -0.6600 0.7484
2.0200 -0.6600 0.7252
2.0400 -0.6600 0.7372
2.0600 -0.6600 0.7324
2.0800 -0.6600 0.7324
2.1000 -0.6600 0.7172
2.1200 -0.6600 0.7124
2.1400 -0.6600 0.6972
2.1600 -0.6600 0.7012
2.1800 -0.6600 0.7020
2.2000 -0.6600 0.6844
2.2200 -0.6600 0.5984
2.2400 -0.6600 0.5542
2.2600 -0.6600 0.5542
2.2800 -0.6600 0.4810
2.3000 -0.6600 0.4510
2.3200 -0.6600 0.5000
2.3400 -0.6600 0.5192
2.3600 -0.6600 0.5502
2.3800 -0.6600 0.5502
2.4000 -0.6600 0.5502
2.4200 -0.6600 0.5460
2.4400 -0.6600 0.5852
2.4600 -0.6600 0.6578
2.4800 -0.6600 0.7204
2.5000 -0.6600 0.7204
2.5200 -0.6600 0.7752
2.5400 -0.6600 0.8004
2.5600 -0.6600 0.8222
2.5800 -0.6600 0.8222
2.6000 -0.6600 0.8262
2.6200 -0.6600 0.8364
2.6400 -0.6600 0.8340
2.6600 -0.6600 0.8332
2.6800 -0.6600 0.8364
2.7000 -0.6600 0.8184
2.7200 -0.6600 0.8222
2.7400 -0.6600 0.8190
2.7600 -0.6600 0.8190
2.7800 -0.6600 0.8146
2.8000 -0.6600 0.7926
2.8200 -0.6600 0.7444
2.8400 -0.6600 0.7436
2.8600 -0.6600 0.7738
2.8800 -0.6600 0.7612
2.9000 -0.6600 0.7580
2.9200 -0.6600 0.7564
2.9400 -0.6600 0.7164
2.9600 -0.6600 0.6892
2.9800 -0.6600 0.6812
3.0000 -0.6600 0.6812
3.0200 -0.6600 0.6844
3.0400 -0.6600 0.7084
3.0600 -0.6600 0.7698
3.0800 -0.6600 0.7642
3.1000 -0.6600 0.8044
3.1200 -0.6600 0.8160
3.1400 -0.6600 0.8184
3.1600 -0.6600 0.8184
3.1800 -0.6600 0.8230
3.2000 -0.6600 0.7808
3.2200 -0.6600 0.6932
3.2400 -0.6600 0.6932
3.2600 -0.6600 0.6196
3.2800 -0.6600 0.5460
3.3000 -0.6600 0.4460
3.3200 -0.6600 0.4460
3.3400 -0.6600 0.3970
3.3600 -0.6600 0.3970
3.3800 -0.6600 0.3982
3.4000 -0.6600 0.3970
3.4200 -0.6600 0.3970
3.4400 -0.6600 0.4030
3.4600 -0.6600 0.3920
3.4800 -0.6600 0.3970
3.5000 -0.6600 0.3970
3.5200 -0.6600 0.4070
3.5400 -0.6600 0.4280
3.5600 -0.6600 0.4720
3.5800 -0.6600 0.4720
3.6000 -0.6600 0.5342
3.6200 -0.6600 0.5610
3.6400 -0.6600 0.6406
3.6600 -0.6600 0.6456
3.6800 -0.6600 0.6586
3.7000 -0.6600 0.6424
3.7200 -0.6600 0.6586
3.7400 -0.6600 0.6586
3.7600 -0.6600 0.6682
3.7800 -0.6600 0.6642
3.8000 -0.6600 0.6772
3.8200 -0.6600 0.6812
3.8400 -0.6600 0.6626
3.8600 -0.6600 0.6114
3.8800 -0.6600 0.5642
3.9000 -0.6600 0.5642
3.9200 -0.6600 0.5542
3.9400 -0.6600 0.5412
3.9600 -0.6600 0.5422
3.9800 -0.6600 0.5422
4.0000 -0.6600 0.5392
4.0200 -0.6600 0.5642
4.0400 -0.6600 0.5732
4.0600 -0.6600 0.5722
4.0800 -0.6600 0.5984
4.1000 -0.6600 0.6586
4.1200 -0.6600 0.6924
4.1400 -0.6600 0.7244
4.1600 -0.6600 0.7244
4.1800 -0.6600 0.7164
4.2000 -0.6600 0.7124
4.2200 -0.6600 0.6940
4.2400 -0.6600 0.6932
4.2600 -0.6600 0.6724
4.2800 -0.6600 0.6554
4.3000 -0.6600 0.6294
4.3200 -0.6600 0.6302
4.3400 -0.6600 0.6406
4.3600 -0.6600 0.6326
4.3800 -0.6600 0.5812
4.4000 -0.6600 0.5772
4.4200 -0.6600 0.5492
4.4400 -0.6600 0.4860
4.4600 -0.6600 0.4680
4.4800 -0.6600 0.4680
4.5000 -0.6600 0.4320
4.5200 -0.6600 0.4450
4.5400 -0.6600 0.4268
4.5600 -0.6600 0.4280
4.5800 -0.6600 0.4320
4.6000 -0.6600 0.4268
4.6200 -0.6600 0.4080
4.6400 -0.6600 0.4120
4.6600 -0.6600 0.4360
4.6800 -0.6600 0.5542
4.7000 -0.6600 0.6024
4.7200 -0.6600 0.5984
4.7400 -0.6600 0.7012
4.7600 -0.6600 0.6972
4.7800 -0.6600 0.7012
4.8000 -0.6600 0.5582
4.8200 -0.6600 0.5550
4.8400 -0.6600 0.4850
4.8600 -0.6600 0.3188
4.8800 -0.6600 0.3480
4.9000 -0.6600 0.3480
4.9200 -0.6600 0.5600
4.9400 -0.6600 0.6050
4.9600 -0.6600 0.6692
4.9800 -0.6600 0.6764
5.0000 -0.6600 0.7172
5.0200 -0.6600 0.7642
5.0400 -0.6600 0.7706
5.0600 -0.6600 0.7642
5.0800 -0.6600 0.6980
5.1000 -0.6600 0.6812
5.1200 -0.6600 0.6406
5.1400 -0.6600 0.6424
5.1600 -0.6600 0.6032
5.1800 -0.6600 0.7092
5.2000 -0.6600 0.7244
5.2200 -0.6600 0.7212
5.2400 -0.6600 0.5852
5.2600 -0.6600 0.5304
0.0000 -0.6400 0.3850
0.0200 -0.6400 0.3810
0.0400 -0.6400 0.3850
0.0600 -0.6400 0.3800
0.0800 -0.6400 0.3850
0.1000 -0.6400 0.3850
0.1200 -0.6400 0.3850
0.1400 -0.6400 0.3810
0.1600 -0.6400 0.3860
0.1800 -0.6400 0.4350
0.2000 -0.6400 0.4350
0.2200 -0.6400 0.4660
0.2400 -0.6400 0.4570
0.2600 -0.6400 0.4760
0.2800 -0.6400 0.4700
0.3000 -0.6400 0.4770
0.3200 -0.6400 0.4700
0.3400 -0.6400 0.4760
0.3600 -0.6400 0.4700
0.3800 -0.6400 0.4720
0.4000 -0.6400 0.4760
0.4200 -0.6400 0.4948
0.4400 -0.6400 0.4870
0.4600 -0.6400 0.4420
0.4800 -0.6400 0.4300
0.5000 -0.6400 0.4030
0.5200 -0.6400 0.4030
0.5400 -0.6400 0.3908
0.5600 -0.6400 0.3920
0.5800 -0.6400 0.3850
0.6000 -0.6400 0.3810
0.6200 -0.6400 0.3860
0.6400 -0.6400 0.3810
0.6600 -0.6400 0.3860
0.6800 -0.6400 0.3860
0.7000 -0.6400 0.3860
0.7200 -0.6400 0.3872
0.7400 -0.6400 0.4260
0.7600 -0.6400 0.4212
0.7800 -0.6400 0.5158
0.8000 -0.6400 0.6274
0.8200 -0.6400 0.6828
0.8400 -0.6400 0.6860
0.8600 -0.6400 0.6828
0.8800 -0.6400 0.6948
0.9000 -0.6400 0.6956
0.9200 -0.6400 0.6876
0.9400 -0.6400 0.6868
0.9600 -0.6400 0.6716
0.9800 -0.6400 0.6788
1.0000 -0.6400 0.6756
1.0200 -0.6400 0.6756
1.0400 -0.6400 0.6716
1.0600 -0.6400 0.6474
1.0800 -0.6400 0.6036
1.1000 -0.6400 0.5948
1.1200 -0.6400 0.6158
1.1400 -0.6400 0.6076
1.1600 -0.6400 0.6256
1.1800 -0.6400 0.6256
1.2000 -0.6400 0.6248
1.2200 -0.6400 0.6216
1.2400 -0.6400 0.6248
1.2600 -0.6400 0.6248
1.2800 -0.6400 0.5888
1.3000 -0.6400 0.6176
1.3200 -0.6400 0.6636
1.3400 -0.6400 0.6636
1.3600 -0.6400 0.6948
1.3800 -0.6400 0.7300
1.4000 -0.6400 0.7664
1.4200 -0.6400 0.7664
1.4400 -0.6400 0.7916
1.4600 -0.6400 0.8050
1.4800 -0.6400 0.7956
1.5000 -0.6400 0.7924
1.5200 -0.6400 0.7916
1.5400 -0.6400 0.8128
1.5600 -0.6400 0.8096
1.5800 -0.6400 0.8166
1.6000 -0.6400 0.8160
1.6200 -0.6400 0.8096
1.6400 -0.6400 0.7956
1.6600 -0.6400 0.7782
1.6800 -0.6400 0.7846
1.7000 -0.6400 0.7554
1.7200 -0.6400 0.7402
1.7400 -0.6400 0.7268
1.7600 -0.6400 0.7268
1.7800 -0.6400 0.7268
1.8000 -0.6400 0.7474
1.8200 -0.6400 0.7640
1.8400 -0.6400 0.7672
1.8600 -0.6400 0.7236
1.8800 -0.6400 0.7076
1.9000 -0.6400 0.7212
1.9200 -0.6400 0.7180
1.9400 -0.6400 0.7514
1.9600 -0.6400 0.7878
1.9800 -0.6400 0.8026
2.0000 -0.6400 0.7994
2.0200 -0.6400 0.7846
2.0400 -0.6400 0.7884
2.0600 -0.6400 0.7988
2.0800 -0.6400 0.7988
2.1000 -0.6400 0.7916
2.1200 -0.6400 0.7956
2.1400 -0.6400 0.7790
2.1600 -0.6400 0.7962
2.1800 -0.6400 0.7932
2.2000 -0.6400 0.7554
2.2200 -0.6400 0.6948
2.2400 -0.6400 0.6402
2.2600 -0.6400 0.6386
2.2800 -0.6400 0.5816
2.3000 -0.6400 0.5678
2.3200 -0.6400 0.5916
2.3400 -0.6400 0.5964
2.3600 -0.6400 0.6158
2.3800 -0.6400 0.6274
2.4000 -0.6400 0.6274
2.4200 -0.6400 0.6224
2.4400 -0.6400 0.6796
2.4600 -0.6400 0.7148
2.4800 -0.6400 0.7948
2.5000 -0.6400 0.7884
2.5200 -0.6400 0.8160
2.5400 -0.6400 0.8238
2.5600 -0.6400 0.8554
2.5800 -0.6400 0.8554
2.6000 -0.6400 0.8650
2.6200 -0.6400 0.8650
2.6400 -0.6400 0.8618
2.6600 -0.6400 0.8554
2.6800 -0.6400 0.8650
2.7000 -0.6400 0.8516
2.7200 -0.6400 0.8618
2.7400 -0.6400 0.8562
2.7600 -0.6400 0.8562
2.7800 -0.6400 0.8378
2.8000 -0.6400 0.8276
2.8200 -0.6400 0.8166
2.8400 -0.6400 0.8160
2.8600 -0.6400 0.8190
2.8800 -0.6400 0.8128
2.9000 -0.6400 0.8128
2.9200 -0.6400 0.8128
2.9400 -0.6400 0.8034
2.9600 -0.6400 0.7274
2.9800 -0.6400 0.7036
3.0000 -0.6400 0.7076
3.0200 -0.6400 0.7236
3.0400 -0.6400 0.7878
3.0600 -0.6400 0.8096
3.0800 -0.6400 0.8090
3.1000 -0.6400 0.8238
3.1200 -0.6400 0.8454
3.1400 -0.6400 0.8440
3.1600 -0.6400 0.8416
3.1800 -0.6400 0.8540
3.2000 -0.6400 0.8166
3.2200 -0.6400 0.7212
3.2400 -0.6400 0.7252
3.2600 -0.6400 0.6908
3.2800 -0.6400 0.6256
3.3000 -0.6400 0.5530
3.3200 -0.6400 0.5488
3.3400 -0.6400 0.4370
3.3600 -0.6400 0.4100
3.3800 -0.6400 0.4080
3.4000 -0.6400 0.4080
3.4200 -0.6400 0.4140
3.4400 -0.6400 0.4192
3.4600 -0.6400 0.4202
3.4800 -0.6400 0.4500
3.5000 -0.6400 0.4410
3.5200 -0.6400 0.4700
3.5400 -0.6400 0.5200
3.5600 -0.6400 0.5520
3.5800 -0.6400 0.5488
3.6000 -0.6400 0.5816
3.6200 -0.6400 0.6604
3.6400 -0.6400 0.6988
3.6600 -0.6400 0.6988
3.6800 -0.6400 0.6988
3.7000 -0.6400 0.6996
3.7200 -0.6400 0.6988
3.7400 -0.6400 0.6988
3.7600 -0.6400 0.7076
3.7800 -0.6400 0.7044
3.8000 -0.6400 0.7188
3.8200 -0.6400 0.7084
3.8400 -0.6400 0.6988
3.8600 -0.6400 0.6820
3.8800 -0.6400 0.6256
3.9000 -0.6400 0.6256
3.9200 -0.6400 0.6036
3.9400 -0.6400 0.5906
3.9600 -0.6400 0.5906
3.9800 -0.6400 0.5848
4.0000 -0.6400 0.5906
4.0200 -0.6400 0.6378
4.0400 -0.6400 0.6458
4.0600 -0.6400 0.6386
4.0800 -0.6400 0.6788
4.1000 -0.6400 0.6988
4.1200 -0.6400 0.7244
4.1400 -0.6400 0.7838
4.1600 -0.6400 0.7838
4.1800 -0.6400 0.7924
4.2000 -0.6400 0.7782
4.2200 -0.6400 0.7568
4.2400 -0.6400 0.7522
4.2600 -0.6400 0.7076
4.2800 -0.6400 0.6988
4.3000 -0.6400 0.6916
4.3200 -0.6400 0.6948
4.3400 -0.6400 0.7076
4.3600 -0.6400 0.6988
4.3800 -0.6400 0.6796
4.4000 -0.6400 0.6756
4.4200 -0.6400 0.6354
4.4400 -0.6400 0.5668
4.4600 -0.6400 0.5530
4.4800 -0.6400 0.5488
4.5000 -0.6400 0.5430
4.5200 -0.6400 0.5520
4.5400 -0.6400 0.5380
4.5600 -0.6400 0.5348
4.5800 -0.6400 0.5488
4.6000 -0.6400 0.5438
4.6200 -0.6400 0.5308
4.6400 -0.6400 0.5218
4.6600 -0.6400 0.5570
4.6800 -0.6400 0.6596
4.7000 -0.6400 0.6948
4.7200 -0.6400 0.6908
4.7400 -0.6400 0.7782
4.7600 -0.6400 0.7742
4.7800 -0.6400 0.7774
4.8000 -0.6400 0.6474
4.8200 -0.6400 0.6386
4.8400 -0.6400 0.5758
4.8600 -0.6400 0.3722
4.8800 -0.6400 0.3832
4.9000 -0.6400 0.3820
4.9200 -0.6400 0.6086
4.9400 -0.6400 0.6708
4.9600 -0.6400 0.6988
4.9800 -0.6400 0.7028
5.0000 -0.6400 0.7742
5.0200 -0.6400 0.8050
5.0400 -0.6400 0.8058
5.0600 -0.6400 0.8026
5.0800 -0.6400 0.7514
5.1000 -0.6400 0.7108
5.1200 -0.6400 0.6948
5.1400 -0.6400 0.6948
5.1600 -0.6400 0.6836
5.1800 -0.6400 0.7498
5.2000 -0.6400 0.7650
5.2200 -0.6400 0.7618
5.2400 -0.6400 0.6788
5.2600 -0.6400 0.6086
0.0000 -0.6200 0.3810
0.0200 -0.6200 0.3790
0.0400 -0.6200 0.3650
0.0600 -0.6200 0.3540
0.0800 -0.6200 0.3504
0.1000 -0.6200 0.3480
0.1200 -0.6200 0.3650
0.1400 -0.6200 0.3810
0.1600 -0.6200 0.4030
0.1800 -0.6200 0.5290
0.2000 -0.6200 0.5240
0.2200 -0.6200 0.5450
0.2400 -0.6200 0.5474
0.2600 -0.6200 0.5524
0.2800 -0.6200 0.5494
0.3000 -0.6200 0.5494
0.3200 -0.6200 0.5450
0.3400 -0.6200 0.5450
0.3600 -0.6200 0.5450
0.3800 -0.6200 0.5540
0.4000 -0.6200 0.5524
0.4200 -0.6200 0.5570
0.4400 -0.6200 0.5524
0.4600 -0.6200 0.5334
0.4800 -0.6200 0.5124
0.5000 -0.6200 0.4246
0.5200 -0.6200 0.4246
0.5400 -0.6200 0.3970
0.5600 -0.6200 0.3970
0.5800 -0.6200 0.3896
0.6000 -0.6200 0.3896
0.6200 -0.6200 0.4006
0.6400 -0.6200 0.3950
0.6600 -0.6200 0.3970
0.6800 -0.6200 0.3950
0.7000 -0.6200 0.4006
0.7200 -0.6200 0.4140
0.7400 -0.6200 0.5400
0.7600 -0.6200 0.5400
0.7800 -0.6200 0.5680
0.8000 -0.6200 0.6844
0.8200 -0.6200 0.7116
0.8400 -0.6200 0.7292
0.8600 -0.6200 0.7292
0.8800 -0.6200 0.7514
0.9000 -0.6200 0.7514
0.9200 -0.6200 0.7332
0.9400 -0.6200 0.7332
0.9600 -0.6200 0.7156
0.9800 -0.6200 0.7228
1.0000 -0.6200 0.7092
1.0200 -0.6200 0.7092
1.0400 -0.6200 0.7020
1.0600 -0.6200 0.6924
1.0800 -0.6200 0.6788
1.1000 -0.6200 0.6708
1.1200 -0.6200 0.6724
1.1400 -0.6200 0.6624
1.1600 -0.6200 0.6820
1.1800 -0.6200 0.6820
1.2000 -0.6200 0.6804
1.2200 -0.6200 0.6844
1.2400 -0.6200 0.6788
1.2600 -0.6200 0.6804
1.2800 -0.6200 0.6624
1.3000 -0.6200 0.6884
1.3200 -0.6200 0.6980
1.3400 -0.6200 0.6980
1.3600 -0.6200 0.7412
1.3800 -0.6200 0.7894
1.4000 -0.6200 0.8074
1.4200 -0.6200 0.8074
1.4400 -0.6200 0.8144
1.4600 -0.6200 0.8190
1.4800 -0.6200 0.8160
1.5000 -0.6200 0.8160
1.5200 -0.6200 0.8160
1.5400 -0.6200 0.8272
1.5600 -0.6200 0.8254
1.5800 -0.6200 0.8358
1.6000 -0.6200 0.8358
1.6200 -0.6200 0.8312
1.6400 -0.6200 0.8214
1.6600 -0.6200 0.8108
1.6800 -0.6200 0.8132
1.7000 -0.6200 0.8038
1.7200 -0.6200 0.8004
1.7400 -0.6200 0.7928
1.7600 -0.6200 0.7928
1.7800 -0.6200 0.7952
1.8000 -0.6200 0.8038
1.8200 -0.6200 0.8108
1.8400 -0.6200 0.8108
1.8600 -0.6200 0.7964
1.8800 -0.6200 0.7802
1.9000 -0.6200 0.7854
1.9200 -0.6200 0.7802
1.9400 -0.6200 0.7988
1.9600 -0.6200 0.8132
1.9800 -0.6200 0.8214
2.0000 -0.6200 0.8214
2.0200 -0.6200 0.8178
2.0400 -0.6200 0.8144
2.0600 -0.6200 0.8214
2.0800 -0.6200 0.8214
2.1000 -0.6200 0.8160
2.1200 -0.6200 0.8190
2.1400 -0.6200 0.8214
2.1600 -0.6200 0.8288
2.1800 -0.6200 0.8272
2.2000 -0.6200 0.8038
2.2200 -0.6200 0.7562
2.2400 -0.6200 0.7004
2.2600 -0.6200 0.7004
2.2800 -0.6200 0.6788
2.3000 -0.6200 0.6688
2.3200 -0.6200 0.6884
2.3400 -0.6200 0.6884
2.3600 -0.6200 0.6908
2.3800 -0.6200 0.6964
2.4000 -0.6200 0.6964
2.4200 -0.6200 0.6964
2.4400 -0.6200 0.7204
2.4600 -0.6200 0.7826
2.4800 -0.6200 0.8144
2.5000 -0.6200 0.8144
2.5200 -0.6200 0.8358
2.5400 -0.6200 0.8428
2.5600 -0.6200 0.8768
2.5800 -0.6200 0.8780
2.6000 -0.6200 0.8822
2.6200 -0.6200 0.8768
2.6400 -0.6200 0.8750
2.6600 -0.6200 0.8722
2.6800 -0.6200 0.8750
2.7000 -0.6200 0.8768
2.7200 -0.6200 0.8950
2.7400 -0.6200 0.8880
2.7600 -0.6200 0.8868
2.7800 -0.6200 0.8668
2.8000 -0.6200 0.8528
2.8200 -0.6200 0.8394
2.8400 -0.6200 0.8394
2.8600 -0.6200 0.8394
2.8800 -0.6200 0.8358
2.9000 -0.6200 0.8394
2.9200 -0.6200 0.8394
2.9400 -0.6200 0.8272
2.9600 -0.6200 0.8038
2.9800 -0.6200 0.7786
3.0000 -0.6200 0.7786
3.0200 -0.6200 0.7912
3.0400 -0.6200 0.8132
3.0600 -0.6200 0.8288
3.0800 -0.6200 0.8254
3.1000 -0.6200 0.8582
3.1200 -0.6200 0.8680
3.1400 -0.6200 0.8668
3.1600 -0.6200 0.8680
3.1800 -0.6200 0.8780
3.2000 -0.6200 0.8482
3.2200 -0.6200 0.7854
3.2400 -0.6200 0.7826
3.2600 -0.6200 0.7332
3.2800 -0.6200 0.6820
3.3000 -0.6200 0.6194
3.3200 -0.6200 0.6138
3.3400 -0.6200 0.5570
3.3600 -0.6200 0.5194
3.3800 -0.6200 0.4580
3.4000 -0.6200 0.4600
3.4200 -0.6200 0.4600
3.4400 -0.6200 0.4760
3.4600 -0.6200 0.5164
3.4800 -0.6200 0.5334
3.5000 -0.6200 0.5334
3.5200 -0.6200 0.5494
3.5400 -0.6200 0.5634
3.5600 -0.6200 0.6292
3.5800 -0.6200 0.6268
3.6000 -0.6200 0.6788
3.6200 -0.6200 0.7092
3.6400 -0.6200 0.7478
3.6600 -0.6200 0.7478
3.6800 -0.6200 0.7578
3.7000 -0.6200 0.7716
3.7200 -0.6200 0.7692
3.7400 -0.6200 0.7634
3.7600 -0.6200 0.7826
3.7800 -0.6200 0.7912
3.8000 -0.6200 0.7928
3.8200 -0.6200 0.7878
3.8400 -0.6200 0.7478
3.8600 -0.6200 0.7004
3.8800 -0.6200 0.6820
3.9000 -0.6200 0.6804
3.9200 -0.6200 0.6594
3.9400 -0.6200 0.6640
3.9600 -0.6200 0.6664
3.9800 -0.6200 0.6664
4.0000 -0.6200 0.6708
4.0200 -0.6200 0.6844
4.0400 -0.6200 0.6860
4.0600 -0.6200 0.6860
4.0800 -0.6200 0.7004
4.1000 -0.6200 0.7502
4.1200 -0.6200 0.7912
4.1400 -0.6200 0.8132
4.1600 -0.6200 0.8108
4.1800 -0.6200 0.8160
4.2000 -0.6200 0.8090
4.2200 -0.6200 0.8050
4.2400 -0.6200 0.8050
4.2600 -0.6200 0.7878
4.2800 -0.6200 0.7602
4.3000 -0.6200 0.7578
4.3200 -0.6200 0.7602
4.3400 -0.6200 0.7634
4.3600 -0.6200 0.7562
4.3800 -0.6200 0.7228
4.4000 -0.6200 0.7228
4.4200 -0.6200 0.6964
4.4400 -0.6200 0.6592
4.4600 -0.6200 0.6268
4.4800 -0.6200 0.6194
4.5000 -0.6200 0.5794
4.5200 -0.6200 0.6088
4.5400 -0.6200 0.5824
4.5600 -0.6200 0.5868
4.5800 -0.6200 0.6138
4.6000 -0.6200 0.6194
4.6200 -0.6200 0.5884
4.6400 -0.6200 0.5868
4.6600 -0.6200 0.6438
4.6800 -0.6200 0.7004
4.7000 -0.6200 0.7428
4.7200 -0.6200 0.7428
4.7400 -0.6200 0.8090
4.7600 -0.6200 0.8074
4.7800 -0.6200 0.8074
4.8000 -0.6200 0.6924
4.8200 -0.6200 0.6908
4.8400 -0.6200 0.6522
4.8600 -0.6200 0.4820
4.8800 -0.6200 0.5414
4.9000 -0.6200 0.5364
4.9200 -0.6200 0.6748
4.9400 -0.6200 0.7004
4.9600 -0.6200 0.7602
4.9800 -0.6200 0.7634
5.0000 -0.6200 0.8074
5.0200 -0.6200 0.8178
5.0400 -0.6200 0.8324
5.0600 -0.6200 0.8342
5.0800 -0.6200 0.8004
5.1000 -0.6200 0.7634
5.1200 -0.6200 0.7188
5.1400 -0.6200 0.7180
5.1600 -0.6200 0.7204
5.1800 -0.6200 0.7854
5.2000 -0.6200 0.7928
5.2200 -0.6200 0.7928
5.2400 -0.6200 0.7004
5.2600 -0.6200 0.6724
0.0000 -0.6000 0.3970
0.0200 -0.6000 0.3970
0.0400 -0.6000 0.3860
0.0600 -0.6000 0.3810
0.0800 -0.6000 0.3760
0.1000 -0.6000 0.3760
0.1200 -0.6000 0.3860
0.1400 -0.6000 0.4030
0.1600 -0.6000 0.4840
0.1800 -0.6000 0.5650
0.2000 -0.6000 0.5650
0.2200 -0.6000 0.5880
0.2400 -0.6000 0.5830
0.2600 -0.6000 0.5880
0.2800 -0.6000 0.5880
0.3000 -0.6000 0.5830
0.3200 -0.6000 0.5830
0.3400 -0.6000 0.6010
0.3600 -0.6000 0.6010
0.3800 -0.6000 0.6060
0.4000 -0.6000 0.6230
0.4200 -0.6000 0.6140
0.4400 -0.6000 0.6010
0.4600 -0.6000 0.5740
0.4800 -0.6000 0.5610
0.5000 -0.6000 0.5280
0.5200 -0.6000 0.5280
0.5400 -0.6000 0.4340
0.5600 -0.6000 0.4340
0.5800 -0.6000 0.4340
0.6000 -0.6000 0.4340
0.6200 -0.6000 0.4690
0.6400 -0.6000 0.4640
0.6600 -0.6000 0.4390
0.6800 -0.6000 0.4340
0.7000 -0.6000 0.4840
0.7200 -0.6000 0.5180
0.7400 -0.6000 0.5740
0.7600 -0.6000 0.5740
0.7800 -0.6000 0.6190
0.8000 -0.6000 0.7340
0.8200 -0.6000 0.7760
0.8400 -0.6000 0.7870
0.8600 -0.6000 0.7830
0.8800 -0.6000 0.7910
0.9000 -0.6000 0.7830
0.9200 -0.6000 0.7650
0.9400 -0.6000 0.7650
0.9600 -0.6000 0.7650
0.9800 -0.6000 0.7610
1.0000 -0.6000 0.7530
1.0200 -0.6000 0.7530
1.0400 -0.6000 0.7340
1.0600 -0.6000 0.7260
1.0800 -0.6000 0.7060
1.1000 -0.6000 0.7020
1.1200 -0.6000 0.7020
1.1400 -0.6000 0.7060
1.1600 -0.6000 0.7180
1.1800 -0.6000 0.7180
1.2000 -0.6000 0.7220
1.2200 -0.6000 0.7220
1.2400 -0.6000 0.7180
1.2600 -0.6000 0.7220
1.2800 -0.6000 0.7060
1.3000 -0.6000 0.7140
1.3200 -0.6000 0.7260
1.3400 -0.6000 0.7340
1.3600 -0.6000 0.7870
1.3800 -0.6000 0.8120
1.4000 -0.6000 0.8230
1.4200 -0.6000 0.8230
1.4400 -0.6000 0.8270
1.4600 -0.6000 0.8340
1.4800 -0.6000 0.8340
1.5000 -0.6000 0.8370
1.5200 -0.6000 0.8370
1.5400 -0.6000 0.8510
1.5600 -0.6000 0.8540
1.5800 -0.6000 0.8540
1.6000 -0.6000 0.8540
1.6200 -0.6000 0.8650
1.6400 -0.6000 0.8440
1.6600 -0.6000 0.8270
1.6800 -0.6000 0.8300
1.7000 -0.6000 0.8190
1.7200 -0.6000 0.8160
1.7400 -0.6000 0.8190
1.7600 -0.6000 0.8190
1.7800 -0.6000 0.8190
1.8000 -0.6000 0.8230
1.8200 -0.6000 0.8370
1.8400 -0.6000 0.8340
1.8600 -0.6000 0.8160
1.8800 -0.6000 0.8120
1.9000 -0.6000 0.8120
1.9200 -0.6000 0.8090
1.9400 -0.6000 0.8230
1.9600 -0.6000 0.8300
1.9800 -0.6000 0.8410
2.0000 -0.6000 0.8410
2.0200 -0.6000 0.8410
2.0400 -0.6000 0.8440
2.0600 -0.6000 0.8440
2.0800 -0.6000 0.8440
2.1000 -0.6000 0.8370
2.1200 -0.6000 0.8440
2.1400 -0.6000 0.8370
2.1600 -0.6000 0.8540
2.1800 -0.6000 0.8540
2.2000 -0.6000 0.8190
2.2200 -0.6000 0.8020
2.2400 -0.6000 0.7610
2.2600 -0.6000 0.7530
2.2800 -0.6000 0.7180
2.3000 -0.6000 0.7100
2.3200 -0.6000 0.7220
2.3400 -0.6000 0.7260
2.3600 -0.6000 0.7220
2.3800 -0.6000 0.7380
2.4000 -0.6000 0.7460
2.4200 -0.6000 0.7460
2.4400 -0.6000 0.7650
2.4600 -0.6000 0.8090
2.4800 -0.6000 0.8270
2.5000 -0.6000 0.8270
2.5200 -0.6000 0.8540
2.5400 -0.6000 0.8650
2.5600 -0.6000 0.8980
2.5800 -0.6000 0.8980
2.6000 -0.6000 0.9010
2.6200 -0.6000 0.9010
2.6400 -0.6000 0.8980
2.6600 -0.6000 0.9010
2.6800 -0.6000 0.8950
2.7000 -0.6000 0.8950
2.7200 -0.6000 0.8980
2.7400 -0.6000 0.8980
2.7600 -0.6000 0.8980
2.7800 -0.6000 0.8850
2.8000 -0.6000 0.8750
2.8200 -0.6000 0.8650
2.8400 -0.6000 0.8650
2.8600 -0.6000 0.8610
2.8800 -0.6000 0.8680
2.9000 -0.6000 0.8610
2.9200 -0.6000 0.8650
2.9400 -0.6000 0.8440
2.9600 -0.6000 0.8190
2.9800 -0.6000 0.8090
3.0000 -0.6000 0.8050
3.0200 -0.6000 0.8120
3.0400 -0.6000 0.8300
3.0600 -0.6000 0.8510
3.0800 -0.6000 0.8510
3.1000 -0.6000 0.8750
3.1200 -0.6000 0.8850
3.1400 -0.6000 0.8880
3.1600 -0.6000 0.8880
3.1800 -0.6000 0.9140
3.2000 -0.6000 0.8850
3.2200 -0.6000 0.8160
3.2400 -0.6000 0.8120
3.2600 -0.6000 0.7870
3.2800 -0.6000 0.7140
3.3000 -0.6000 0.6820
3.3200 -0.6000 0.6820
3.3400 -0.6000 0.6230
3.3600 -0.6000 0.5740
3.3800 -0.6000 0.5470
3.4000 -0.6000 0.5420
3.4200 -0.6000 0.5420
3.4400 -0.6000 0.5470
3.4600 -0.6000 0.5610
3.4800 -0.6000 0.5740
3.5000 -0.6000 0.5740
3.5200 -0.6000 0.6010
3.5400 -0.6000 0.6230
3.5600 -0.6000 0.6940
3.5800 -0.6000 0.6860
3.6000 -0.6000 0.7140
3.6200 -0.6000 0.7460
3.6400 -0.6000 0.7650
3.6600 -0.6000 0.7650
3.6800 -0.6000 0.7910
3.7000 -0.6000 0.8020
3.7200 -0.6000 0.8050
3.7400 -0.6000 0.8050
3.7600 -0.6000 0.8120
3.7800 -0.6000 0.8160
3.8000 -0.6000 0.8190
3.8200 -0.6000 0.8160
3.8400 -0.6000 0.7940
3.8600 -0.6000 0.7460
3.8800 -0.6000 0.7100
3.9000 -0.6000 0.7100
3.9200 -0.6000 0.6980
3.9400 -0.6000 0.6980
3.9600 -0.6000 0.6980
3.9800 -0.6000 0.6980
4.0000 -0.6000 0.7020
4.0200 -0.6000 0.7220
4.0400 -0.6000 0.7220
4.0600 -0.6000 0.7180
4.0800 -0.6000 0.7490
4.1000 -0.6000 0.8050
4.1200 -0.6000 0.8160
4.1400 -0.6000 0.8340
4.1600 -0.6000 0.8340
4.1800 -0.6000 0.8340
4.2000 -0.6000 0.8230
4.2200 -0.6000 0.8190
4.2400 -0.6000 0.8230
4.2600 -0.6000 0.8190
4.2800 -0.6000 0.8090
4.3000 -0.6000 0.8020
4.3200 -0.6000 0.8020
4.3400 -0.6000 0.7980
4.3600 -0.6000 0.7940
4.3800 -0.6000 0.7610
4.4000 -0.6000 0.7610
4.4200 -0.6000 0.7380
4.4400 -0.6000 0.7020
4.4600 -0.6000 0.6940
4.4800 -0.6000 0.6860
4.5000 -0.6000 0.6700
4.5200 -0.6000 0.6780
4.5400 -0.6000 0.6700
4.5600 -0.6000 0.6740
4.5800 -0.6000 0.6740
4.6000 -0.6000 0.6860
4.6200 -0.6000 0.6740
4.6400 -0.6000 0.6780
4.6600 -0.6000 0.6940
4.6800 -0.6000 0.7530
4.7000 -0.6000 0.7760
4.7200 -0.6000 0.7720
4.7400 -0.6000 0.8190
4.7600 -0.6000 0.8190
4.7800 -0.6000 0.8230
4.8000 -0.6000 0.7380
4.8200 -0.6000 0.7340
4.8400 -0.6000 0.6980
4.8600 -0.6000 0.5790
4.8800 -0.6000 0.6010
4.9000 -0.6000 0.6010
4.9200 -0.6000 0.7060
4.9400 -0.6000 0.7530
4.9600 -0.6000 0.8050
4.9800 -0.6000 0.7980
5.0000 -0.6000 0.8230
5.0200 -0.6000 0.8300
5.0400 -0.6000 0.8650
5.0600 -0.6000 0.8680
5.0800 -0.6000 0.8160
5.1000 -0.6000 0.7980
5.1200 -0.6000 0.7460
5.1400 -0.6000 0.7380
5.1600 -0.6000 0.7380
5.1800 -0.6000 0.8050
5.2000 -0.6000 0.8120
5.2200 -0.6000 0.8160
5.2400 -0.6000 0.7340
5.2600 -0.6000 0.6940
0.0000 -0.5800 0.5286
0.0200 -0.5800 0.5256
0.0400 -0.5800 0.5066
0.0600 -0.5800 0.4990
0.0800 -0.5800 0.4570
0.1000 -0.5800 0.4570
0.1200 -0.5800 0.4680
0.1400 -0.5800 0.5220
0.1600 -0.5800 0.5470
0.1800 -0.5800 0.6412
0.2000 -0.5800 0.6412
0.2200 -0.5800 0.6796
0.2400 -0.5800 0.6796
0.2600 -0.5800 0.6836
0.2800 -0.5800 0.6812
0.3000 -0.5800 0.6678
0.3200 -0.5800 0.6796
0.3400 -0.5800 0.6836
0.3600 -0.5800 0.6876
0.3800 -0.5800 0.6772
0.4000 -0.5800 0.6836
0.4200 -0.5800 0.6772
0.4400 -0.5800 0.6678
0.4600 -0.5800 0.6654
0.4800 -0.5800 0.6282
0.5000 -0.5800 0.5686
0.5200 -0.5800 0.5736
0.5400 -0.5800 0.5390
0.5600 -0.5800 0.5440
0.5800 -0.5800 0.5440
0.6000 -0.5800 0.5440
0.6200 -0.5800 0.5530
0.6400 -0.5800 0.5440
0.6600 -0.5800 0.5506
0.6800 -0.5800 0.5440
0.7000 -0.5800 0.5580
0.7200 -0.5800 0.5670
0.7400 -0.5800 0.6412
0.7600 -0.5800 0.6396
0.7800 -0.5800 0.6708
0.8000 -0.5800 0.7804
0.8200 -0.5800 0.8050
0.8400 -0.5800 0.8050
0.8600 -0.5800 0.8020
0.8800 -0.5800 0.8032
0.9000 -0.5800 0.8050
0.9200 -0.5800 0.7870
0.9400 -0.5800 0.7870
0.9600 -0.5800 0.7846
0.9800 -0.5800 0.7846
1.0000 -0.5800 0.7788
1.0200 -0.5800 0.7846
1.0400 -0.5800 0.7788
1.0600 -0.5800 0.7626
1.0800 -0.5800 0.7506
1.1000 -0.5800 0.7506
1.1200 -0.5800 0.7472
1.1400 -0.5800 0.7562
1.1600 -0.5800 0.7650
1.1800 -0.5800 0.7626
1.2000 -0.5800 0.7678
1.2200 -0.5800 0.7736
1.2400 -0.5800 0.7650
1.2600 -0.5800 0.7626
1.2800 -0.5800 0.7472
1.3000 -0.5800 0.7506
1.3200 -0.5800 0.7694
1.3400 -0.5800 0.7678
1.3600 -0.5800 0.8050
1.3800 -0.5800 0.8206
1.4000 -0.5800 0.8468
1.4200 -0.5800 0.8468
1.4400 -0.5800 0.8584
1.4600 -0.5800 0.8638
1.4800 -0.5800 0.8626
1.5000 -0.5800 0.8626
1.5200 -0.5800 0.8568
1.5400 -0.5800 0.8762
1.5600 -0.5800 0.8680
1.5800 -0.5800 0.8762
1.6000 -0.5800 0.8808
1.6200 -0.5800 0.8880
1.6400 -0.5800 0.8708
1.6600 -0.5800 0.8680
1.6800 -0.5800 0.8680
1.7000 -0.5800 0.8386
1.7200 -0.5800 0.8352
1.7400 -0.5800 0.8422
1.7600 -0.5800 0.8422
1.7800 -0.5800 0.8440
1.8000 -0.5800 0.8540
1.8200 -0.5800 0.8638
1.8400 -0.5800 0.8638
1.8600 -0.5800 0.8386
1.8800 -0.5800 0.8316
1.9000 -0.5800 0.8246
1.9200 -0.5800 0.8230
1.9400 -0.5800 0.8422
1.9600 -0.5800 0.8522
1.9800 -0.5800 0.8708
2.0000 -0.5800 0.8638
2.0200 -0.5800 0.8568
2.0400 -0.5800 0.8708
2.0600 -0.5800 0.8662
2.0800 -0.5800 0.8708
2.1000 -0.5800 0.8750
2.1200 -0.5800 0.8750
2.1400 -0.5800 0.8638
2.1600 -0.5800 0.8762
2.1800 -0.5800 0.8750
2.2000 -0.5800 0.8422
2.2200 -0.5800 0.8206
2.2400 -0.5800 0.7886
2.2600 -0.5800 0.7862
2.2800 -0.5800 0.7626
2.3000 -0.5800 0.7490
2.3200 -0.5800 0.7626
2.3400 -0.5800 0.7654
2.3600 -0.5800 0.7678
2.3800 -0.5800 0.7720
2.4000 -0.5800 0.7846
2.4200 -0.5800 0.7846
2.4400 -0.5800 0.7956
2.4600 -0.5800 0.8190
2.4800 -0.5800 0.8422
2.5000 -0.5800 0.8422
2.5200 -0.5800 0.8808
2.5400 -0.5800 0.8908
2.5600 -0.5800 0.9152
2.5800 -0.5800 0.9170
2.6000 -0.5800 0.9140
2.6200 -0.5800 0.9170
2.6400 -0.5800 0.9170
2.6600 -0.5800 0.9170
2.6800 -0.5800 0.9152
2.7000 -0.5800 0.9056
2.7200 -0.5800 0.9122
2.7400 -0.5800 0.9122
2.7600 -0.5800 0.9140
2.7800 -0.5800 0.9056
2.8000 -0.5800 0.8950
2.8200 -0.5800 0.8862
2.8400 -0.5800 0.8850
2.8600 -0.5800 0.8762
2.8800 -0.5800 0.8880
2.9000 -0.5800 0.8750
2.9200 -0.5800 0.8762
2.9400 -0.5800 0.8626
2.9600 -0.5800 0.8422
2.9800 -0.5800 0.8246
3.0000 -0.5800 0.8246
3.0200 -0.5800 0.8282
3.0400 -0.5800 0.8626
3.0600 -0.5800 0.8708
3.0800 -0.5800 0.8680
3.1000 -0.5800 0.8950
3.1200 -0.5800 0.9056
3.1400 -0.5800 0.9122
3.1600 -0.5800 0.9140
3.1800 -0.5800 0.9240
3.2000 -0.5800 0.9092
3.2200 -0.5800 0.8386
3.2400 -0.5800 0.8352
3.2600 -0.5800 0.8136
3.2800 -0.5800 0.7804
3.3000 -0.5800 0.7172
3.3200 -0.5800 0.7172
3.3400 -0.5800 0.6836
3.3600 -0.5800 0.6372
3.3800 -0.5800 0.5952
3.4000 -0.5800 0.5932
3.4200 -0.5800 0.5842
3.4400 -0.5800 0.5952
3.4600 -0.5800 0.6242
3.4800 -0.5800 0.6638
3.5000 -0.5800 0.6638
3.5200 -0.5800 0.6836
3.5400 -0.5800 0.6956
3.5600 -0.5800 0.7236
3.5800 -0.5800 0.7156
3.6000 -0.5800 0.7506
3.6200 -0.5800 0.7846
3.6400 -0.5800 0.7996
3.6600 -0.5800 0.8008
3.6800 -0.5800 0.8102
3.7000 -0.5800 0.8136
3.7200 -0.5800 0.8190
3.7400 -0.5800 0.8190
3.7600 -0.5800 0.8230
3.7800 -0.5800 0.8282
3.8000 -0.5800 0.8352
3.8200 -0.5800 0.8316
3.8400 -0.5800 0.8172
3.8600 -0.5800 0.8008
3.8800 -0.5800 0.7626
3.9000 -0.5800 0.7578
3.9200 -0.5800 0.7356
3.9400 -0.5800 0.7196
3.9600 -0.5800 0.7292
3.9800 -0.5800 0.7356
4.0000 -0.5800 0.7578
4.0200 -0.5800 0.7788
4.0400 -0.5800 0.7922
4.0600 -0.5800 0.7862
4.0800 -0.5800 0.8066
4.1000 -0.5800 0.8206
4.1200 -0.5800 0.8316
4.1400 -0.5800 0.8626
4.1600 -0.5800 0.8584
4.1800 -0.5800 0.8638
4.2000 -0.5800 0.8566
4.2200 -0.5800 0.8422
4.2400 -0.5800 0.8468
4.2600 -0.5800 0.8340
4.2800 -0.5800 0.8246
4.3000 -0.5800 0.8160
4.3200 -0.5800 0.8160
4.3400 -0.5800 0.8172
4.3600 -0.5800 0.8102
4.3800 -0.5800 0.7956
4.4000 -0.5800 0.7922
4.4200 -0.5800 0.7720
4.4400 -0.5800 0.7308
4.4600 -0.5800 0.7292
4.4800 -0.5800 0.7260
4.5000 -0.5800 0.7052
4.5200 -0.5800 0.7156
4.5400 -0.5800 0.7052
4.5600 -0.5800 0.7052
4.5800 -0.5800 0.7132
4.6000 -0.5800 0.7212
4.6200 -0.5800 0.7172
4.6400 -0.5800 0.7172
4.6600 -0.5800 0.7308
4.6800 -0.5800 0.7830
4.7000 -0.5800 0.7922
4.7200 -0.5800 0.7922
4.7400 -0.5800 0.8352
4.7600 -0.5800 0.8352
4.7800 -0.5800 0.8386
4.8000 -0.5800 0.7804
4.8200 -0.5800 0.7788
4.8400 -0.5800 0.7388
4.8600 -0.5800 0.6336
4.8800 -0.5800 0.6466
4.9000 -0.5800 0.6466
4.9200 -0.5800 0.7506
4.9400 -0.5800 0.7956
4.9600 -0.5800 0.8172
4.9800 -0.5800 0.8172
5.0000 -0.5800 0.8386
5.0200 -0.5800 0.8584
5.0400 -0.5800 0.8750
5.0600 -0.5800 0.8680
5.0800 -0.5800 0.8300
5.1000 -0.5800 0.8160
5.1200 -0.5800 0.7626
5.1400 -0.5800 0.7610
5.1600 -0.5800 0.7562
5.1800 -0.5800 0.8230
5.2000 -0.5800 0.8316
5.2200 -0.5800 0.8316
5.2400 -0.5800 0.7626
5.2600 -0.5800 0.7212
0.0000 -0.5600 0.5722
0.0200 -0.5600 0.5722
0.0400 -0.5600 0.5600
0.0600 -0.5600 0.5560
0.0800 -0.5600 0.5420
0.1000 -0.5600 0.5410
0.1200 -0.5600 0.5460
0.1400 -0.5600 0.5632
0.1600 -0.5600 0.5984
0.1800 -0.5600 0.6972
0.2000 -0.5600 0.6972
0.2200 -0.5600 0.7084
0.2400 -0.5600 0.7052
0.2600 -0.5600 0.7132
0.2800 -0.5600 0.7124
0.3000 -0.5600 0.7164
0.3200 -0.5600 0.7172
0.3400 -0.5600 0.7172
0.3600 -0.5600 0.7172
0.3800 -0.5600 0.7012
0.4000 -0.5600 0.7092
0.4200 -0.5600 0.7084
0.4400 -0.5600 0.7124
0.4600 -0.5600 0.7084
0.4800 -0.5600 0.6924
0.5000 -0.5600 0.6502
0.5200 -0.5600 0.6520
0.5400 -0.5600 0.5812
0.5600 -0.5600 0.5822
0.5800 -0.5600 0.5812
0.6000 -0.5600 0.5812
0.6200 -0.5600 0.5902
0.6400 -0.5600 0.5902
0.6600 -0.5600 0.5984
0.6800 -0.5600 0.5902
0.7000 -0.5600 0.6114
0.7200 -0.5600 0.6334
0.7400 -0.5600 0.6932
0.7600 -0.5600 0.6932
0.7800 -0.5600 0.7012
0.8000 -0.5600 0.8050
0.8200 -0.5600 0.8114
0.8400 -0.5600 0.8160
0.8600 -0.5600 0.8114
0.8800 -0.5600 0.8190
0.9000 -0.5600 0.8184
0.9200 -0.5600 0.8082
0.9400 -0.5600 0.8082
0.9600 -0.5600 0.8090
0.9800 -0.5600 0.8082
1.0000 -0.5600 0.8050
1.0200 -0.5600 0.8050
1.0400 -0.5600 0.8050
1.0600 -0.5600 0.7902
1.0800 -0.5600 0.7752
1.1000 -0.5600 0.7816
1.1200 -0.5600 0.7816
1.1400 -0.5600 0.7816
1.1600 -0.5600 0.7966
1.1800 -0.5600 0.7934
1.2000 -0.5600 0.7934
1.2200 -0.5600 0.7972
1.2400 -0.5600 0.7926
1.2600 -0.5600 0.7926
1.2800 -0.5600 0.7706
1.3000 -0.5600 0.7816
1.3200 -0.5600 0.8036
1.3400 -0.5600 0.8036
1.3600 -0.5600 0.8184
1.3800 -0.5600 0.8642
1.4000 -0.5600 0.8774
1.4200 -0.5600 0.8774
1.4400 -0.5600 0.8750
1.4600 -0.5600 0.8836
1.4800 -0.5600 0.8780
1.5000 -0.5600 0.8780
1.5200 -0.5600 0.8780
1.5400 -0.5600 0.8974
1.5600 -0.5600 0.8936
1.5800 -0.5600 0.9004
1.6000 -0.5600 0.9004
1.6200 -0.5600 0.9072
1.6400 -0.5600 0.8974
1.6600 -0.5600 0.8780
1.6800 -0.5600 0.8780
1.7000 -0.5600 0.8736
1.7200 -0.5600 0.8642
1.7400 -0.5600 0.8674
1.7600 -0.5600 0.8674
1.7800 -0.5600 0.8650
1.8000 -0.5600 0.8750
1.8200 -0.5600 0.8780
1.8400 -0.5600 0.8780
1.8600 -0.5600 0.8680
1.8800 -0.5600 0.8534
1.9000 -0.5600 0.8534
1.9200 -0.5600 0.8534
1.9400 -0.5600 0.8642
1.9600 -0.5600 0.8680
1.9800 -0.5600 0.8874
2.0000 -0.5600 0.8850
2.0200 -0.5600 0.8774
2.0400 -0.5600 0.8936
2.0600 -0.5600 0.8880
2.0800 -0.5600 0.8936
2.1000 -0.5600 0.8936
2.1200 -0.5600 0.8880
2.1400 -0.5600 0.8850
2.1600 -0.5600 0.8880
2.1800 -0.5600 0.8880
2.2000 -0.5600 0.8736
2.2200 -0.5600 0.8540
2.2400 -0.5600 0.8090
2.2600 -0.5600 0.8090
2.2800 -0.5600 0.7934
2.3000 -0.5600 0.7808
2.3200 -0.5600 0.8004
2.3400 -0.5600 0.8036
2.3600 -0.5600 0.8012
2.3800 -0.5600 0.7972
2.4000 -0.5600 0.8082
2.4200 -0.5600 0.8082
2.4400 -0.5600 0.8090
2.4600 -0.5600 0.8534
2.4800 -0.5600 0.8780
2.5000 -0.5600 0.8780
2.5200 -0.5600 0.9110
2.5400 -0.5600 0.9040
2.5600 -0.5600 0.9240
2.5800 -0.5600 0.9240
2.6000 -0.5600 0.9232
2.6200 -0.5600 0.9264
2.6400 -0.5600 0.9270
2.6600 -0.5600 0.9270
2.6800 -0.5600 0.9270
2.7000 -0.5600 0.9170
2.7200 -0.5600 0.9240
2.7400 -0.5600 0.9264
2.7600 -0.5600 0.9194
2.7800 -0.5600 0.9140
2.8000 -0.5600 0.9034
2.8200 -0.5600 0.9034
2.8400 -0.5600 0.9034
2.8600 -0.5600 0.8974
2.8800 -0.5600 0.9034
2.9000 -0.5600 0.8974
2.9200 -0.5600 0.8974
2.9400 -0.5600 0.8780
2.9600 -0.5600 0.8642
2.9800 -0.5600 0.8510
3.0000 -0.5600 0.8534
3.0200 -0.5600 0.8534
3.0400 -0.5600 0.8736
3.0600 -0.5600 0.8880
3.0800 -0.5600 0.8850
3.1000 -0.5600 0.9110
3.1200 -0.5600 0.9170
3.1400 -0.5600 0.9232
3.1600 -0.5600 0.9232
3.1800 -0.5600 0.9324
3.2000 -0.5600 0.9232
3.2200 -0.5600 0.8650
3.2400 -0.5600 0.8642
3.2600 -0.5600 0.8294
3.2800 -0.5600 0.8090
3.3000 -0.5600 0.7530
3.3200 -0.5600 0.7522
3.3400 -0.5600 0.7164
3.3600 -0.5600 0.6892
3.3800 -0.5600 0.6804
3.4000 -0.5600 0.6804
3.4200 -0.5600 0.6724
3.4400 -0.5600 0.6804
3.4600 -0.5600 0.6932
3.4800 -0.5600 0.7012
3.5000 -0.5600 0.7052
3.5200 -0.5600 0.7124
3.5400 -0.5600 0.7172
3.5600 -0.5600 0.7594
3.5800 -0.5600 0.7522
3.6000 -0.5600 0.7816
3.6200 -0.5600 0.8082
3.6400 -0.5600 0.8190
3.6600 -0.5600 0.8190
3.6800 -0.5600 0.8230
3.7000 -0.5600 0.8294
3.7200 -0.5600 0.8300
3.7400 -0.5600 0.8332
3.7600 -0.5600 0.8364
3.7800 -0.5600 0.8410
3.8000 -0.5600 0.8540
3.8200 -0.5600 0.8540
3.8400 -0.5600 0.8364
3.8600 -0.5600 0.8184
3.8800 -0.5600 0.8036
3.9000 -0.5600 0.8012
3.9200 -0.5600 0.7862
3.9400 -0.5600 0.7698
3.9600 -0.5600 0.7706
3.9800 -0.5600 0.7752
4.0000 -0.5600 0.8012
4.0200 -0.5600 0.8082
4.0400 -0.5600 0.8152
4.0600 -0.5600 0.8114
4.0800 -0.5600 0.8230
4.1000 -0.5600 0.8490
4.1200 -0.5600 0.8642
4.1400 -0.5600 0.8774
4.1600 -0.5600 0.8780
4.1800 -0.5600 0.8880
4.2000 -0.5600 0.8780
4.2200 -0.5600 0.8830
4.2400 -0.5600 0.8736
4.2600 -0.5600 0.8510
4.2800 -0.5600 0.8402
4.3000 -0.5600 0.8286
4.3200 -0.5600 0.8294
4.3400 -0.5600 0.8230
4.3600 -0.5600 0.8190
4.3800 -0.5600 0.8114
4.4000 -0.5600 0.8090
4.4200 -0.5600 0.8012
4.4400 -0.5600 0.7650
4.4600 -0.5600 0.7642
4.4800 -0.5600 0.7610
4.5000 -0.5600 0.7444
4.5200 -0.5600 0.7522
4.5400 -0.5600 0.7516
4.5600 -0.5600 0.7522
4.5800 -0.5600 0.7594
4.6000 -0.5600 0.7642
4.6200 -0.5600 0.7698
4.6400 -0.5600 0.7698
4.6600 -0.5600 0.7642
4.6800 -0.5600 0.7972
4.7000 -0.5600 0.8090
4.7200 -0.5600 0.8090
4.7400 -0.5600 0.8736
4.7600 -0.5600 0.8674
4.7800 -0.5600 0.8674
4.8000 -0.5600 0.8082
4.8200 -0.5600 0.8082
4.8400 -0.5600 0.7706
4.8600 -0.5600 0.6732
4.8800 -0.5600 0.6852
4.9000 -0.5600 0.6852
4.9200 -0.5600 0.7816
4.9400 -0.5600 0.8090
4.9600 -0.5600 0.8300
4.9800 -0.5600 0.8300
5.0000 -0.5600 0.8610
5.0200 -0.5600 0.8780
5.0400 -0.5600 0.8936
5.0600 -0.5600 0.8836
5.0800 -0.5600 0.8434
5.1000 -0.5600 0.8230
5.1200 -0.5600 0.7720
5.1400 -0.5600 0.7752
5.1600 -0.5600 0.7752
5.1800 -0.5600 0.8410
5.2000 -0.5600 0.8540
5.2200 -0.5600 0.8534
5.2400 -0.5600 0.7926
5.2600 -0.5600 0.7610
0.0000 -0.5400 0.6620
0.0200 -0.5400 0.6578
0.0400 -0.5400 0.6328
0.0600 -0.5400 0.6046
0.0800 -0.5400 0.5866
0.1000 -0.5400 0.5866
0.1200 -0.5400 0.5916
0.1400 -0.5400 0.6506
0.1600 -0.5400 0.6828
0.1800 -0.5400 0.7284
0.2000 -0.5400 0.7244
0.2200 -0.5400 0.7490
0.2400 -0.5400 0.7396
0.2600 -0.5400 0.7530
0.2800 -0.5400 0.7498
0.3000 -0.5400 0.7664
0.3200 -0.5400 0.7530
0.3400 -0.5400 0.7530
0.3600 -0.5400 0.7530
0.3800 -0.5400 0.7490
0.4000 -0.5400 0.7530
0.4200 -0.5400 0.7632
0.4400 -0.5400 0.7664
0.4600 -0.5400 0.7546
0.4800 -0.5400 0.7196
0.5000 -0.5400 0.6948
0.5200 -0.5400 0.6908
0.5400 -0.5400 0.6716
0.5600 -0.5400 0.6676
0.5800 -0.5400 0.6620
0.6000 -0.5400 0.6620
0.6200 -0.5400 0.6756
0.6400 -0.5400 0.6740
0.6600 -0.5400 0.6708
0.6800 -0.5400 0.6668
0.7000 -0.5400 0.6756
0.7200 -0.5400 0.6868
0.7400 -0.5400 0.7228
0.7600 -0.5400 0.7228
0.7800 -0.5400 0.7466
0.8000 -0.5400 0.8166
0.8200 -0.5400 0.8290
0.8400 -0.5400 0.8454
0.8600 -0.5400 0.8430
0.8800 -0.5400 0.8618
0.9000 -0.5400 0.8554
0.9200 -0.5400 0.8346
0.9400 -0.5400 0.8290
0.9600 -0.5400 0.8252
0.9800 -0.5400 0.8252
1.0000 -0.5400 0.8198
1.0200 -0.5400 0.8198
1.0400 -0.5400 0.8190
1.0600 -0.5400 0.8128
1.0800 -0.5400 0.8058
1.1000 -0.5400 0.8058
1.1200 -0.5400 0.8058
1.1400 -0.5400 0.8058
1.1600 -0.5400 0.8166
1.1800 -0.5400 0.8160
1.2000 -0.5400 0.8166
1.2200 -0.5400 0.8166
1.2400 -0.5400 0.8198
1.2600 -0.5400 0.8166
1.2800 -0.5400 0.7994
1.3000 -0.5400 0.8090
1.3200 -0.5400 0.8244
1.3400 -0.5400 0.8244
1.3600 -0.5400 0.8554
1.3800 -0.5400 0.8780
1.4000 -0.5400 0.8974
1.4200 -0.5400 0.8936
1.4400 -0.5400 0.8874
1.4600 -0.5400 0.8880
1.4800 -0.5400 0.8894
1.5000 -0.5400 0.8956
1.5200 -0.5400 0.8956
1.5400 -0.5400 0.9048
1.5600 -0.5400 0.9048
1.5800 -0.5400 0.9140
1.6000 -0.5400 0.9140
1.6200 -0.5400 0.9176
1.6400 -0.5400 0.9140
1.6600 -0.5400 0.8956
1.6800 -0.5400 0.8962
1.7000 -0.5400 0.8850
1.7200 -0.5400 0.8850
1.7400 -0.5400 0.8856
1.7600 -0.5400 0.8856
1.7800 -0.5400 0.8894
1.8000 -0.5400 0.8956
1.8200 -0.5400 0.8956
1.8400 -0.5400 0.8980
1.8600 -0.5400 0.8880
1.8800 -0.5400 0.8750
1.9000 -0.5400 0.8794
1.9200 -0.5400 0.8756
1.9400 -0.5400 0.8836
1.9600 -0.5400 0.8850
1.9800 -0.5400 0.8986
2.0000 -0.5400 0.8986
2.0200 -0.5400 0.8956
2.0400 -0.5400 0.8980
2.0600 -0.5400 0.9048
2.0800 -0.5400 0.9080
2.1000 -0.5400 0.9086
2.1200 -0.5400 0.9048
2.1400 -0.5400 0.9086
2.1600 -0.5400 0.8986
2.1800 -0.5400 0.8986
2.2000 -0.5400 0.8780
2.2200 -0.5400 0.8656
2.2400 -0.5400 0.8230
2.2600 -0.5400 0.8230
2.2800 -0.5400 0.8096
2.3000 -0.5400 0.8058
2.3200 -0.5400 0.8160
2.3400 -0.5400 0.8166
2.3600 -0.5400 0.8190
2.3800 -0.5400 0.8128
2.4000 -0.5400 0.8198
2.4200 -0.5400 0.8230
2.4400 -0.5400 0.8354
2.4600 -0.5400 0.8794
2.4800 -0.5400 0.8986
2.5000 -0.5400 0.8980
2.5200 -0.5400 0.9140
2.5400 -0.5400 0.9140
2.5600 -0.5400 0.9300
2.5800 -0.5400 0.9300
2.6000 -0.5400 0.9330
2.6200 -0.5400 0.9336
2.6400 -0.5400 0.9336
2.6600 -0.5400 0.9336
2.6800 -0.5400 0.9336
2.7000 -0.5400 0.9276
2.7200 -0.5400 0.9306
2.7400 -0.5400 0.9300
2.7600 -0.5400 0.9276
2.7800 -0.5400 0.9246
2.8000 -0.5400 0.9146
2.8200 -0.5400 0.9086
2.8400 -0.5400 0.9048
2.8600 -0.5400 0.9086
2.8800 -0.5400 0.9048
2.9000 -0.5400 0.9010
2.9200 -0.5400 0.9010
2.9400 -0.5400 0.8950
2.9600 -0.5400 0.8750
2.9800 -0.5400 0.8656
3.0000 -0.5400 0.8694
3.0200 -0.5400 0.8680
3.0400 -0.5400 0.8856
3.0600 -0.5400 0.9010
3.0800 -0.5400 0.9010
3.1000 -0.5400 0.9176
3.1200 -0.5400 0.9300
3.1400 -0.5400 0.9300
3.1600 -0.5400 0.9300
3.1800 -0.5400 0.9458
3.2000 -0.5400 0.9300
3.2200 -0.5400 0.8794
3.2400 -0.5400 0.8794
3.2600 -0.5400 0.8516
3.2800 -0.5400 0.8190
3.3000 -0.5400 0.7838
3.3200 -0.5400 0.7838
3.3400 -0.5400 0.7498
3.3600 -0.5400 0.7148
3.3800 -0.5400 0.7028
3.4000 -0.5400 0.7028
3.4200 -0.5400 0.7036
3.4400 -0.5400 0.7036
3.4600 -0.5400 0.7244
3.4800 -0.5400 0.7466
3.5000 -0.5400 0.7466
3.5200 -0.5400 0.7610
3.5400 -0.5400 0.7546
3.5600 -0.5400 0.7838
3.5800 -0.5400 0.7830
3.6000 -0.5400 0.8050
3.6200 -0.5400 0.8198
3.6400 -0.5400 0.8378
3.6600 -0.5400 0.8378
3.6800 -0.5400 0.8378
3.7000 -0.5400 0.8510
3.7200 -0.5400 0.8510
3.7400 -0.5400 0.8516
3.7600 -0.5400 0.8656
3.7800 -0.5400 0.8650
3.8000 -0.5400 0.8694
3.8200 -0.5400 0.8694
3.8400 -0.5400 0.8680
3.8600 -0.5400 0.8378
3.8800 -0.5400 0.8190
3.9000 -0.5400 0.8190
3.9200 -0.5400 0.8090
3.9400 -0.5400 0.8058
3.9600 -0.5400 0.8050
3.9800 -0.5400 0.8090
4.0000 -0.5400 0.8166
4.0200 -0.5400 0.8244
4.0400 -0.5400 0.8346
4.0600 -0.5400 0.8252
4.0800 -0.5400 0.8510
4.1000 -0.5400 0.8694
4.1200 -0.5400 0.8756
4.1400 -0.5400 0.8956
4.1600 -0.5400 0.8956
4.1800 -0.5400 0.9010
4.2000 -0.5400 0.8956
4.2200 -0.5400 0.8986
4.2400 -0.5400 0.8956
4.2600 -0.5400 0.8694
4.2800 -0.5400 0.8554
4.3000 -0.5400 0.8516
4.3200 -0.5400 0.8540
4.3400 -0.5400 0.8454
4.3600 -0.5400 0.8346
4.3800 -0.5400 0.8198
4.4000 -0.5400 0.8198
4.4200 -0.5400 0.8166
4.4400 -0.5400 0.7916
4.4600 -0.5400 0.7870
4.4800 -0.5400 0.7878
4.5000 -0.5400 0.7870
4.5200 -0.5400 0.7838
4.5400 -0.5400 0.7940
4.5600 -0.5400 0.7910
4.5800 -0.5400 0.7838
4.6000 -0.5400 0.7838
4.6200 -0.5400 0.7760
4.6400 -0.5400 0.7752
4.6600 -0.5400 0.7838
4.6800 -0.5400 0.8096
4.7000 -0.5400 0.8190
4.7200 -0.5400 0.8190
4.7400 -0.5400 0.8880
4.7600 -0.5400 0.8856
4.7800 -0.5400 0.8780
4.8000 -0.5400 0.8166
4.8200 -0.5400 0.8190
4.8400 -0.5400 0.7948
4.8600 -0.5400 0.6948
4.8800 -0.5400 0.7036
4.9000 -0.5400 0.7028
4.9200 -0.5400 0.8026
4.9400 -0.5400 0.8244
4.9600 -0.5400 0.8510
4.9800 -0.5400 0.8510
5.0000 -0.5400 0.8750
5.0200 -0.5400 0.8980
5.0400 -0.5400 0.9048
5.0600 -0.5400 0.9048
5.0800 -0.5400 0.8680
5.1000 -0.5400 0.8378
5.1200 -0.5400 0.7994
5.1400 -0.5400 0.7994
5.1600 -0.5400 0.7956
5.1800 -0.5400 0.8656
5.2000 -0.5400 0.8780
5.2200 -0.5400 0.8794
5.2400 -0.5400 0.8096
5.2600 -0.5400 0.7774
0.0000 -0.5200 0.6908
0.0200 -0.5200 0.6884
0.0400 -0.5200 0.6844
0.0600 -0.5200 0.6788
0.0800 -0.5200 0.6708
0.1000 -0.5200 0.6640
0.1200 -0.5200 0.6708
0.1400 -0.5200 0.6908
0.1600 -0.5200 0.7108
0.1800 -0.5200 0.7610
0.2000 -0.5200 0.7530
0.2200 -0.5200 0.7692
0.2400 -0.5200 0.7716
0.2600 -0.5200 0.7744
0.2800 -0.5200 0.7744
0.3000 -0.5200 0.7854
0.3200 -0.5200 0.7802
0.3400 -0.5200 0.7802
0.3600 -0.5200 0.7802
0.3800 -0.5200 0.7720
0.4000 -0.5200 0.7854
0.4200 -0.5200 0.7854
0.4400 -0.5200 0.7870
0.4600 -0.5200 0.7802
0.4800 -0.5200 0.7634
0.5000 -0.5200 0.7308
0.5200 -0.5200 0.7292
0.5400 -0.5200 0.7044
0.5600 -0.5200 0.7004
0.5800 -0.5200 0.6964
0.6000 -0.5200 0.6964
0.6200 -0.5200 0.7004
0.6400 -0.5200 0.6964
0.6600 -0.5200 0.6964
0.6800 -0.5200 0.6924
0.7000 -0.5200 0.6980
0.7200 -0.5200 0.7044
0.7400 -0.5200 0.7530
0.7600 -0.5200 0.7578
0.7800 -0.5200 0.7802
0.8000 -0.5200 0.8412
0.8200 -0.5200 0.8582
0.8400 -0.5200 0.8822
0.8600 -0.5200 0.8768
0.8800 -0.5200 0.8780
0.9000 -0.5200 0.8850
0.9200 -0.5200 0.8634
0.9400 -0.5200 0.8634
0.9600 -0.5200 0.8610
0.9800 -0.5200 0.8650
1.0000 -0.5200 0.8482
1.0200 -0.5200 0.8440
1.0400 -0.5200 0.8358
1.0600 -0.5200 0.8288
1.0800 -0.5200 0.8190
1.1000 -0.5200 0.8214
1.1200 -0.5200 0.8254
1.1400 -0.5200 0.8254
1.1600 -0.5200 0.8394
1.1800 -0.5200 0.8358
1.2000 -0.5200 0.8358
1.2200 -0.5200 0.8358
1.2400 -0.5200 0.8394
1.2600 -0.5200 0.8358
1.2800 -0.5200 0.8190
1.3000 -0.5200 0.8342
1.3200 -0.5200 0.8528
1.3400 -0.5200 0.8528
1.3600 -0.5200 0.8750
1.3800 -0.5200 0.8880
1.4000 -0.5200 0.8980
1.4200 -0.5200 0.8968
1.4400 -0.5200 0.8980
1.4600 -0.5200 0.8998
1.4800 -0.5200 0.8980
1.5000 -0.5200 0.9098
1.5200 -0.5200 0.9098
1.5400 -0.5200 0.9140
1.5600 -0.5200 0.9128
1.5800 -0.5200 0.9224
1.6000 -0.5200 0.9200
1.6200 -0.5200 0.9240
1.6400 -0.5200 0.9170
1.6600 -0.5200 0.9080
1.6800 -0.5200 0.9098
1.7000 -0.5200 0.9010
1.7200 -0.5200 0.9010
1.7400 -0.5200 0.9064
1.7600 -0.5200 0.9028
1.7800 -0.5200 0.9064
1.8000 -0.5200 0.9064
1.8200 -0.5200 0.9040
1.8400 -0.5200 0.9040
1.8600 -0.5200 0.8968
1.8800 -0.5200 0.8850
1.9000 -0.5200 0.8950
1.9200 -0.5200 0.8880
1.9400 -0.5200 0.8880
1.9600 -0.5200 0.8968
1.9800 -0.5200 0.9080
2.0000 -0.5200 0.9064
2.0200 -0.5200 0.9128
2.0400 -0.5200 0.9098
2.0600 -0.5200 0.9158
2.0800 -0.5200 0.9170
2.1000 -0.5200 0.9188
2.1200 -0.5200 0.9170
2.1400 -0.5200 0.9170
2.1600 -0.5200 0.9170
2.1800 -0.5200 0.9158
2.2000 -0.5200 0.8922
2.2200 -0.5200 0.8750
2.2400 -0.5200 0.8528
2.2600 -0.5200 0.8482
2.2800 -0.5200 0.8272
2.3000 -0.5200 0.8254
2.3200 -0.5200 0.8358
2.3400 -0.5200 0.8394
2.3600 -0.5200 0.8482
2.3800 -0.5200 0.8428
2.4000 -0.5200 0.8528
2.4200 -0.5200 0.8528
2.4400 -0.5200 0.8668
2.4600 -0.5200 0.8922
2.4800 -0.5200 0.9080
2.5000 -0.5200 0.9010
2.5200 -0.5200 0.9170
2.5400 -0.5200 0.9170
2.5600 -0.5200 0.9360
2.5800 -0.5200 0.9360
2.6000 -0.5200 0.9420
2.6200 -0.5200 0.9390
2.6400 -0.5200 0.9390
2.6600 -0.5200 0.9390
2.6800 -0.5200 0.9360
2.7000 -0.5200 0.9360
2.7200 -0.5200 0.9420
2.7400 -0.5200 0.9408
2.7600 -0.5200 0.9378
2.7800 -0.5200 0.9300
2.8000 -0.5200 0.9240
2.8200 -0.5200 0.9158
2.8400 -0.5200 0.9140
2.8600 -0.5200 0.9170
2.8800 -0.5200 0.9140
2.9000 -0.5200 0.9098
2.9200 -0.5200 0.9098
2.9400 -0.5200 0.9040
2.9600 -0.5200 0.8850
2.9800 -0.5200 0.8850
3.0000 -0.5200 0.8868
3.0200 -0.5200 0.8868
3.0400 -0.5200 0.8998
3.0600 -0.5200 0.9140
3.0800 -0.5200 0.9140
3.1000 -0.5200 0.9240
3.1200 -0.5200 0.9360
3.1400 -0.5200 0.9360
3.1600 -0.5200 0.9360
3.1800 -0.5200 0.9490
3.2000 -0.5200 0.9360
3.2200 -0.5200 0.8968
3.2400 -0.5200 0.8950
3.2600 -0.5200 0.8680
3.2800 -0.5200 0.8358
3.3000 -0.5200 0.8092
3.3200 -0.5200 0.8092
3.3400 -0.5200 0.7894
3.3600 -0.5200 0.7514
3.3800 -0.5200 0.7446
3.4000 -0.5200 0.7412
3.4200 -0.5200 0.7364
3.4400 -0.5200 0.7478
3.4600 -0.5200 0.7634
3.4800 -0.5200 0.7650
3.5000 -0.5200 0.7634
3.5200 -0.5200 0.7802
3.5400 -0.5200 0.7760
3.5600 -0.5200 0.8038
3.5800 -0.5200 0.8004
3.6000 -0.5200 0.8214
3.6200 -0.5200 0.8482
3.6400 -0.5200 0.8634
3.6600 -0.5200 0.8634
3.6800 -0.5200 0.8652
3.7000 -0.5200 0.8680
3.7200 -0.5200 0.8668
3.7400 -0.5200 0.8668
3.7600 -0.5200 0.8780
3.7800 -0.5200 0.8780
3.8000 -0.5200 0.8850
3.8200 -0.5200 0.8850
3.8400 -0.5200 0.8750
3.8600 -0.5200 0.8634
3.8800 -0.5200 0.8412
3.9000 -0.5200 0.8394
3.9200 -0.5200 0.8324
3.9400 -0.5200 0.8254
3.9600 -0.5200 0.8288
3.9800 -0.5200 0.8288
4.0000 -0.5200 0.8324
4.0200 -0.5200 0.8440
4.0400 -0.5200 0.8610
4.0600 -0.5200 0.8540
4.0800 -0.5200 0.8650
4.1000 -0.5200 0.8750
4.1200 -0.5200 0.8868
4.1400 -0.5200 0.9040
4.1600 -0.5200 0.9010
4.1800 -0.5200 0.9110
4.2000 -0.5200 0.9040
4.2200 -0.5200 0.9098
4.2400 -0.5200 0.9064
4.2600 -0.5200 0.8922
4.2800 -0.5200 0.8822
4.3000 -0.5200 0.8768
4.3200 -0.5200 0.8750
4.3400 -0.5200 0.8722
4.3600 -0.5200 0.8610
4.3800 -0.5200 0.8428
4.4000 -0.5200 0.8428
4.4200 -0.5200 0.8358
4.4400 -0.5200 0.8108
4.4600 -0.5200 0.8038
4.4800 -0.5200 0.8050
4.5000 -0.5200 0.8074
4.5200 -0.5200 0.8050
4.5400 -0.5200 0.8050
4.5600 -0.5200 0.8074
4.5800 -0.5200 0.8050
4.6000 -0.5200 0.8004
4.6200 -0.5200 0.7894
4.6400 -0.5200 0.7870
4.6600 -0.5200 0.7964
4.6800 -0.5200 0.8312
4.7000 -0.5200 0.8394
4.7200 -0.5200 0.8394
4.7400 -0.5200 0.8998
4.7600 -0.5200 0.8950
4.7800 -0.5200 0.8950
4.8000 -0.5200 0.8324
4.8200 -0.5200 0.8340
4.8400 -0.5200 0.8160
4.8600 -0.5200 0.7308
4.8800 -0.5200 0.7478
4.9000 -0.5200 0.7446
4.9200 -0.5200 0.8214
4.9400 -0.5200 0.8570
4.9600 -0.5200 0.8750
4.9800 -0.5200 0.8722
5.0000 -0.5200 0.8868
5.0200 -0.5200 0.9010
5.0400 -0.5200 0.9158
5.0600 -0.5200 0.9158
5.0800 -0.5200 0.8840
5.1000 -0.5200 0.8668
5.1200 -0.5200 0.8272
5.1400 -0.5200 0.8254
5.1600 -0.5200 0.8214
5.1800 -0.5200 0.8822
5.2000 -0.5200 0.8880
5.2200 -0.5200 0.8880
5.2400 -0.5200 0.8272
5.2600 -0.5200 0.8074
0.0000 -0.5000 0.7140
0.0200 -0.5000 0.7100
0.0400 -0.5000 0.7020
0.0600 -0.5000 0.6980
0.0800 -0.5000 0.6940
0.1000 -0.5000 0.6900
0.1200 -0.5000 0.6940
0.1400 -0.5000 0.7140
0.1600 -0.5000 0.7380
0.1800 -0.5000 0.7830
0.2000 -0.5000 0.7830
0.2200 -0.5000 0.8020
0.2400 -0.5000 0.8020
0.2600 -0.5000 0.8090
0.2800 -0.5000 0.8050
0.3000 -0.5000 0.8050
0.3200 -0.5000 0.8020
0.3400 -0.5000 0.8090
0.3600 -0.5000 0.8050
0.3800 -0.5000 0.8020
0.4000 -0.5000 0.8050
0.4200 -0.5000 0.8050
0.4400 -0.5000 0.8090
0.4600 -0.5000 0.8090
0.4800 -0.5000 0.7910
0.5000 -0.5000 0.7610
0.5200 -0.5000 0.7610
0.5400 -0.5000 0.7490
0.5600 -0.5000 0.7460
0.5800 -0.5000 0.7380
0.6000 -0.5000 0.7380
0.6200 -0.5000 0.7340
0.6400 -0.5000 0.7260
0.6600 -0.5000 0.7180
0.6800 -0.5000 0.7180
0.7000 -0.5000 0.7220
0.7200 -0.5000 0.7460
0.7400 -0.5000 0.7870
0.7600 -0.5000 0.7870
0.7800 -0.5000 0.8020
0.8000 -0.5000 0.8680
0.8200 -0.5000 0.8780
0.8400 -0.5000 0.8880
0.8600 -0.5000 0.8880
0.8800 -0.5000 0.8950
0.9000 -0.5000 0.8850
0.9200 -0.5000 0.8780
0.9400 -0.5000 0.8780
0.9600 -0.5000 0.8780
0.9800 -0.5000 0.8850
1.0000 -0.5000 0.8680
1.0200 -0.5000 0.8680
1.0400 -0.5000 0.8680
1.0600 -0.5000 0.8510
1.0800 -0.5000 0.8370
1.1000 -0.5000 0.8370
1.1200 -0.5000 0.8410
1.1400 -0.5000 0.8510
1.1600 -0.5000 0.8540
1.1800 -0.5000 0.8540
1.2000 -0.5000 0.8540
1.2200 -0.5000 0.8510
1.2400 -0.5000 0.8510
1.2600 -0.5000 0.8440
1.2800 -0.5000 0.8270
1.3000 -0.5000 0.8540
1.3200 -0.5000 0.8610
1.3400 -0.5000 0.8680
1.3600 -0.5000 0.8780
1.3800 -0.5000 0.8950
1.4000 -0.5000 0.9010
1.4200 -0.5000 0.9040
1.4400 -0.5000 0.9140
1.4600 -0.5000 0.9110
1.4800 -0.5000 0.9080
1.5000 -0.5000 0.9140
1.5200 -0.5000 0.9140
1.5400 -0.5000 0.9170
1.5600 -0.5000 0.9240
1.5800 -0.5000 0.9270
1.6000 -0.5000 0.9270
1.6200 -0.5000 0.9300
1.6400 -0.5000 0.9240
1.6600 -0.5000 0.9110
1.6800 -0.5000 0.9110
1.7000 -0.5000 0.9140
1.7200 -0.5000 0.9140
1.7400 -0.5000 0.9080
1.7600 -0.5000 0.9080
1.7800 -0.5000 0.9110
1.8000 -0.5000 0.9110
1.8200 -0.5000 0.9010
1.8400 -0.5000 0.8980
1.8600 -0.5000 0.8950
1.8800 -0.5000 0.8780
1.9000 -0.5000 0.8880
1.9200 -0.5000 0.8880
1.9400 -0.5000 0.8980
1.9600 -0.5000 0.9080
1.9800 -0.5000 0.9170
2.0000 -0.5000 0.9170
2.0200 -0.5000 0.9200
2.0400 -0.5000 0.9200
2.0600 -0.5000 0.9170
2.0800 -0.5000 0.9200
2.1000 -0.5000 0.9240
2.1200 -0.5000 0.9200
2.1400 -0.5000 0.9200
2.1600 -0.5000 0.9240
2.1800 -0.5000 0.9240
2.2000 -0.5000 0.9040
2.2200 -0.5000 0.8880
2.2400 -0.5000 0.8680
2.2600 -0.5000 0.8680
2.2800 -0.5000 0.8540
2.3000 -0.5000 0.8510
2.3200 -0.5000 0.8510
2.3400 -0.5000 0.8510
2.3600 -0.5000 0.8610
2.3800 -0.5000 0.8680
2.4000 -0.5000 0.8780
2.4200 -0.5000 0.8750
2.4400 -0.5000 0.8780
2.4600 -0.5000 0.9010
2.4800 -0.5000 0.9140
2.5000 -0.5000 0.9080
2.5200 -0.5000 0.9240
2.5400 -0.5000 0.9200
2.5600 -0.5000 0.9420
2.5800 -0.5000 0.9420
2.6000 -0.5000 0.9390
2.6200 -0.5000 0.9420
2.6400 -0.5000 0.9420
2.6600 -0.5000 0.9390
2.6800 -0.5000 0.9360
2.7000 -0.5000 0.9390
2.7200 -0.5000 0.9420
2.7400 -0.5000 0.9390
2.7600 -0.5000 0.9420
2.7800 -0.5000 0.9360
2.8000 -0.5000 0.9300
2.8200 -0.5000 0.9200
2.8400 -0.5000 0.9200
2.8600 -0.5000 0.9240
2.8800 -0.5000 0.9170
2.9000 -0.5000 0.9170
2.9200 -0.5000 0.9170
2.9400 -0.5000 0.9140
2.9600 -0.5000 0.8980
2.9800 -0.5000 0.8950
3.0000 -0.5000 0.8950
3.0200 -0.5000 0.8950
3.0400 -0.5000 0.9040
3.0600 -0.5000 0.9140
3.0800 -0.5000 0.9140
3.1000 -0.5000 0.9270
3.1200 -0.5000 0.9300
3.1400 -0.5000 0.9390
3.1600 -0.5000 0.9390
3.1800 -0.5000 0.9450
3.2000 -0.5000 0.9360
3.2200 -0.5000 0.9080
3.2400 -0.5000 0.9040
3.2600 -0.5000 0.8850
3.2800 -0.5000 0.8610
3.3000 -0.5000 0.8300
3.3200 -0.5000 0.8270
3.3400 -0.5000 0.8120
3.3600 -0.5000 0.7760
3.3800 -0.5000 0.7760
3.4000 -0.5000 0.7720
3.4200 -0.5000 0.7530
3.4400 -0.5000 0.7720
3.4600 -0.5000 0.7830
3.4800 -0.5000 0.7870
3.5000 -0.5000 0.7830
3.5200 -0.5000 0.7910
3.5400 -0.5000 0.7980
3.5600 -0.5000 0.8190
3.5800 -0.5000 0.8190
3.6000 -0.5000 0.8440
3.6200 -0.5000 0.8610
3.6400 -0.5000 0.8750
3.6600 -0.5000 0.8750
3.6800 -0.5000 0.8880
3.7000 -0.5000 0.8850
3.7200 -0.5000 0.8780
3.7400 -0.5000 0.8780
3.7600 -0.5000 0.8850
3.7800 -0.5000 0.8850
3.8000 -0.5000 0.8950
3.8200 -0.5000 0.8950
3.8400 -0.5000 0.8780
3.8600 -0.5000 0.8750
3.8800 -0.5000 0.8680
3.9000 -0.5000 0.8680
3.9200 -0.5000 0.8510
3.9400 -0.5000 0.8510
3.9600 -0.5000 0.8440
3.9800 -0.5000 0.8510
4.0000 -0.5000 0.8440
4.0200 -0.5000 0.8610
4.0400 -0.5000 0.8650
4.0600 -0.5000 0.8650
4.0800 -0.5000 0.8680
4.1000 -0.5000 0.8780
4.1200 -0.5000 0.8950
4.1400 -0.5000 0.9040
4.1600 -0.5000 0.9040
4.1800 -0.5000 0.9140
4.2000 -0.5000 0.9140
4.2200 -0.5000 0.9140
4.2400 -0.5000 0.9140
4.2600 -0.5000 0.9010
4.2800 -0.5000 0.8980
4.3000 -0.5000 0.8950
4.3200 -0.5000 0.8950
4.3400 -0.5000 0.8780
4.3600 -0.5000 0.8750
4.3800 -0.5000 0.8680
4.4000 -0.5000 0.8680
4.4200 -0.5000 0.8650
4.4400 -0.5000 0.8230
4.4600 -0.5000 0.8160
4.4800 -0.5000 0.8160
4.5000 -0.5000 0.8190
4.5200 -0.5000 0.8190
4.5400 -0.5000 0.8160
4.5600 -0.5000 0.8190
4.5800 -0.5000 0.8160
4.6000 -0.5000 0.8160
4.6200 -0.5000 0.8090
4.6400 -0.5000 0.8050
4.6600 -0.5000 0.8190
4.6800 -0.5000 0.8540
4.7000 -0.5000 0.8650
4.7200 -0.5000 0.8650
4.7400 -0.5000 0.9080
4.7600 -0.5000 0.8980
4.7800 -0.5000 0.9010
4.8000 -0.5000 0.8540
4.8200 -0.5000 0.8510
4.8400 -0.5000 0.8340
4.8600 -0.5000 0.7720
4.8800 -0.5000 0.7830
4.9000 -0.5000 0.7760
4.9200 -0.5000 0.8440
4.9400 -0.5000 0.8680
4.9600 -0.5000 0.8950
4.9800 -0.5000 0.8880
5.0000 -0.5000 0.9040
5.0200 -0.5000 0.9040
5.0400 -0.5000 0.9240
5.0600 -0.5000 0.9240
5.0800 -0.5000 0.9040
5.1000 -0.5000 0.8880
5.1200 -0.5000 0.8440
5.1400 -0.5000 0.8440
5.1600 -0.5000 0.8510
5.1800 -0.5000 0.8880
5.2000 -0.5000 0.8950
5.2200 -0.5000 0.8980
5.2400 -0.5000 0.8410
5.2600 -0.5000 0.8190
0.0000 -0.4800 0.7380
0.0200 -0.4800 0.7356
0.0400 -0.4800 0.7156
0.0600 -0.4800 0.7140
0.0800 -0.4800 0.7036
0.1000 -0.4800 0.7020
0.1200 -0.4800 0.7100
0.1400 -0.4800 0.7340
0.1600 -0.4800 0.7562
0.1800 -0.4800 0.8090
0.2000 -0.4800 0.8102
0.2200 -0.4800 0.8118
0.2400 -0.4800 0.8172
0.2600 -0.4800 0.8246
0.2800 -0.4800 0.8282
0.3000 -0.4800 0.8246
0.3200 -0.4800 0.8206
0.3400 -0.4800 0.8230
0.3600 -0.4800 0.8206
0.3800 -0.4800 0.8160
0.4000 -0.4800 0.8230
0.4200 -0.4800 0.8246
0.4400 -0.4800 0.8258
0.4600 -0.4800 0.8246
0.4800 -0.4800 0.8160
0.5000 -0.4800 0.7996
0.5200 -0.4800 0.7996
0.5400 -0.4800 0.7846
0.5600 -0.4800 0.7846
0.5800 -0.4800 0.7694
0.6000 -0.4800 0.7650
0.6200 -0.4800 0.7694
0.6400 -0.4800 0.7626
0.6600 -0.4800 0.7626
0.6800 -0.4800 0.7562
0.7000 -0.4800 0.7670
0.7200 -0.4800 0.7780
0.7400 -0.4800 0.8160
0.7600 -0.4800 0.8136
0.7800 -0.4800 0.8190
0.8000 -0.4800 0.8780
0.8200 -0.4800 0.8880
0.8400 -0.4800 0.8950
0.8600 -0.4800 0.8880
0.8800 -0.4800 0.8980
0.9000 -0.4800 0.8850
0.9200 -0.4800 0.8780
0.9400 -0.4800 0.8780
0.9600 -0.4800 0.8780
0.9800 -0.4800 0.8850
1.0000 -0.4800 0.8808
1.0200 -0.4800 0.8808
1.0400 -0.4800 0.8780
1.0600 -0.4800 0.8680
1.0800 -0.4800 0.8540
1.1000 -0.4800 0.8540
1.1200 -0.4800 0.8568
1.1400 -0.4800 0.8650
1.1600 -0.4800 0.8610
1.1800 -0.4800 0.8540
1.2000 -0.4800 0.8680
1.2200 -0.4800 0.8540
1.2400 -0.4800 0.8568
1.2600 -0.4800 0.8540
1.2800 -0.4800 0.8510
1.3000 -0.4800 0.8610
1.3200 -0.4800 0.8680
1.3400 -0.4800 0.8680
1.3600 -0.4800 0.8780
1.3800 -0.4800 0.9010
1.4000 -0.4800 0.9122
1.4200 -0.4800 0.9122
1.4400 -0.4800 0.9182
1.4600 -0.4800 0.9182
1.4800 -0.4800 0.9216
1.5000 -0.4800 0.9170
1.5200 -0.4800 0.9170
1.5400 -0.4800 0.9270
1.5600 -0.4800 0.9260
1.5800 -0.4800 0.9286
1.6000 -0.4800 0.9302
1.6200 -0.4800 0.9372
1.6400 -0.4800 0.9270
1.6600 -0.4800 0.9182
1.6800 -0.4800 0.9170
1.7000 -0.4800 0.9140
1.7200 -0.4800 0.9158
1.7400 -0.4800 0.9140
1.7600 -0.4800 0.9140
1.7800 -0.4800 0.9122
1.8000 -0.4800 0.9140
1.8200 -0.4800 0.9122
1.8400 -0.4800 0.9122
1.8600 -0.4800 0.9022
1.8800 -0.4800 0.8992
1.9000 -0.4800 0.8992
1.9200 -0.4800 0.8992
1.9400 -0.4800 0.9122
1.9600 -0.4800 0.9182
1.9800 -0.4800 0.9270
2.0000 -0.4800 0.9270
2.0200 -0.4800 0.9270
2.0400 -0.4800 0.9270
2.0600 -0.4800 0.9240
2.0800 -0.4800 0.9240
2.1000 -0.4800 0.9270
2.1200 -0.4800 0.9252
2.1400 -0.4800 0.9270
2.1600 -0.4800 0.9300
2.1800 -0.4800 0.9300
2.2000 -0.4800 0.9140
2.2200 -0.4800 0.9022
2.2400 -0.4800 0.8780
2.2600 -0.4800 0.8780
2.2800 -0.4800 0.8680
2.3000 -0.4800 0.8610
2.3200 -0.4800 0.8568
2.3400 -0.4800 0.8568
2.3600 -0.4800 0.8750
2.3800 -0.4800 0.8750
2.4000 -0.4800 0.8880
2.4200 -0.4800 0.8808
2.4400 -0.4800 0.8880
2.4600 -0.4800 0.9080
2.4800 -0.4800 0.9170
2.5000 -0.4800 0.9152
2.5200 -0.4800 0.9270
2.5400 -0.4800 0.9312
2.5600 -0.4800 0.9490
2.5800 -0.4800 0.9490
2.6000 -0.4800 0.9450
2.6200 -0.4800 0.9450
2.6400 -0.4800 0.9466
2.6600 -0.4800 0.9450
2.6800 -0.4800 0.9390
2.7000 -0.4800 0.9420
2.7200 -0.4800 0.9408
2.7400 -0.4800 0.9390
2.7600 -0.4800 0.9420
2.7800 -0.4800 0.9390
2.8000 -0.4800 0.9372
2.8200 -0.4800 0.9270
2.8400 -0.4800 0.9270
2.8600 -0.4800 0.9282
2.8800 -0.4800 0.9240
2.9000 -0.4800 0.9216
2.9200 -0.4800 0.9240
2.9400 -0.4800 0.9140
2.9600 -0.4800 0.9010
2.9800 -0.4800 0.8962
3.0000 -0.4800 0.8968
3.0200 -0.4800 0.8950
3.0400 -0.4800 0.9040
3.0600 -0.4800 0.9140
3.0800 -0.4800 0.9140
3.1000 -0.4800 0.9270
3.1200 -0.4800 0.9348
3.1400 -0.4800 0.9420
3.1600 -0.4800 0.9420
3.1800 -0.4800 0.9420
3.2000 -0.4800 0.9390
3.2200 -0.4800 0.9110
3.2400 -0.4800 0.9080
3.2600 -0.4800 0.8950
3.2800 -0.4800 0.8750
3.3000 -0.4800 0.8468
3.3200 -0.4800 0.8440
3.3400 -0.4800 0.8230
3.3600 -0.4800 0.8090
3.3800 -0.4800 0.7956
3.4000 -0.4800 0.7956
3.4200 -0.4800 0.7886
3.4400 -0.4800 0.7886
3.4600 -0.4800 0.8032
3.4800 -0.4800 0.8050
3.5000 -0.4800 0.8050
3.5200 -0.4800 0.8090
3.5400 -0.4800 0.8160
3.5600 -0.4800 0.8270
3.5800 -0.4800 0.8270
3.6000 -0.4800 0.8568
3.6200 -0.4800 0.8680
3.6400 -0.4800 0.8880
3.6600 -0.4800 0.8880
3.6800 -0.4800 0.8992
3.7000 -0.4800 0.8950
3.7200 -0.4800 0.8908
3.7400 -0.4800 0.8908
3.7600 -0.4800 0.8908
3.7800 -0.4800 0.8950
3.8000 -0.4800 0.9010
3.8200 -0.4800 0.9010
3.8400 -0.4800 0.8880
3.8600 -0.4800 0.8780
3.8800 -0.4800 0.8750
3.9000 -0.4800 0.8750
3.9200 -0.4800 0.8610
3.9400 -0.4800 0.8610
3.9600 -0.4800 0.8610
3.9800 -0.4800 0.8626
4.0000 -0.4800 0.8610
4.0200 -0.4800 0.8662
4.0400 -0.4800 0.8680
4.0600 -0.4800 0.8650
4.0800 -0.4800 0.8750
4.1000 -0.4800 0.8862
4.1200 -0.4800 0.8980
4.1400 -0.4800 0.9140
4.1600 -0.4800 0.9140
4.1800 -0.4800 0.9240
4.2000 -0.4800 0.9182
4.2200 -0.4800 0.9152
4.2400 -0.4800 0.9152
4.2600 -0.4800 0.9080
4.2800 -0.4800 0.9092
4.3000 -0.4800 0.8980
4.3200 -0.4800 0.8980
4.3400 -0.4800 0.8880
4.3600 -0.4800 0.8850
4.3800 -0.4800 0.8850
4.4000 -0.4800 0.8862
4.4200 -0.4800 0.8768
4.4400 -0.4800 0.8422
4.4600 -0.4800 0.8316
4.4800 -0.4800 0.8282
4.5000 -0.4800 0.8270
4.5200 -0.4800 0.8270
4.5400 -0.4800 0.8246
4.5600 -0.4800 0.8230
4.5800 -0.4800 0.8230
4.6000 -0.4800 0.8246
4.6200 -0.4800 0.8190
4.6400 -0.4800 0.8172
4.6600 -0.4800 0.8282
4.6800 -0.4800 0.8650
4.7000 -0.4800 0.8750
4.7200 -0.4800 0.8750
4.7400 -0.4800 0.9122
4.7600 -0.4800 0.9092
4.7800 -0.4800 0.9080
4.8000 -0.4800 0.8610
4.8200 -0.4800 0.8610
4.8400 -0.4800 0.8440
4.8600 -0.4800 0.7996
4.8800 -0.4800 0.8090
4.9000 -0.4800 0.8090
4.9200 -0.4800 0.8482
4.9400 -0.4800 0.8750
4.9600 -0.4800 0.8950
4.9800 -0.4800 0.8908
5.0000 -0.4800 0.9122
5.0200 -0.4800 0.9182
5.0400 -0.4800 0.9300
5.0600 -0.4800 0.9300
5.0800 -0.4800 0.9140
5.1000 -0.4800 0.9010
5.1200 -0.4800 0.8568
5.1400 -0.4800 0.8540
5.1600 -0.4800 0.8610
5.1800 -0.4800 0.9022
5.2000 -0.4800 0.9140
5.2200 -0.4800 0.9140
5.2400 -0.4800 0.8540
5.2600 -0.4800 0.8340
0.0000 -0.4600 0.7626
0.0200 -0.4600 0.7586
0.0400 -0.4600 0.7444
0.0600 -0.4600 0.7444
0.0800 -0.4600 0.7324
0.1000 -0.4600 0.7324
0.1200 -0.4600 0.7340
0.1400 -0.4600 0.7522
0.1600 -0.4600 0.7752
0.1800 -0.4600 0.8230
0.2000 -0.4600 0.8262
0.2200 -0.4600 0.8332
0.2400 -0.4600 0.8440
0.2600 -0.4600 0.8642
0.2800 -0.4600 0.8642
0.3000 -0.4600 0.8534
0.3200 -0.4600 0.8440
0.3400 -0.4600 0.8402
0.3600 -0.4600 0.8340
0.3800 -0.4600 0.8300
0.4000 -0.4600 0.8434
0.4200 -0.4600 0.8534
0.4400 -0.4600 0.8590
0.4600 -0.4600 0.8510
0.4800 -0.4600 0.8364
0.5000 -0.4600 0.8184
0.5200 -0.4600 0.8184
0.5400 -0.4600 0.8050
0.5600 -0.4600 0.8050
0.5800 -0.4600 0.8004
0.6000 -0.4600 0.7966
0.6200 -0.4600 0.8044
0.6400 -0.4600 0.8012
0.6600 -0.4600 0.7972
0.6800 -0.4600 0.8012
0.7000 -0.4600 0.8082
0.7200 -0.4600 0.8152
0.7400 -0.4600 0.8230
0.7600 -0.4600 0.8230
0.7800 -0.4600 0.8340
0.8000 -0.4600 0.8750
0.8200 -0.4600 0.8880
0.8400 -0.4600 0.8980
0.8600 -0.4600 0.8980
0.8800 -0.4600 0.9034
0.9000 -0.4600 0.9004
0.9200 -0.4600 0.8880
0.9400 -0.4600 0.8880
0.9600 -0.4600 0.8880
0.9800 -0.4600 0.8880
1.0000 -0.4600 0.8936
1.0200 -0.4600 0.8936
1.0400 -0.4600 0.8880
1.0600 -0.4600 0.8774
1.0800 -0.4600 0.8680
1.1000 -0.4600 0.8680
1.1200 -0.4600 0.8736
1.1400 -0.4600 0.8650
1.1600 -0.4600 0.8680
1.1800 -0.4600 0.8650
1.2000 -0.4600 0.8680
1.2200 -0.4600 0.8650
1.2400 -0.4600 0.8650
1.2600 -0.4600 0.8610
1.2800 -0.4600 0.8540
1.3000 -0.4600 0.8610
1.3200 -0.4600 0.8680
1.3400 -0.4600 0.8680
1.3600 -0.4600 0.8874
1.3800 -0.4600 0.9140
1.4000 -0.4600 0.9232
1.4200 -0.4600 0.9232
1.4400 -0.4600 0.9294
1.4600 -0.4600 0.9300
1.4800 -0.4600 0.9300
1.5000 -0.4600 0.9240
1.5200 -0.4600 0.9240
1.5400 -0.4600 0.9354
1.5600 -0.4600 0.9168
1.5800 -0.4600 0.9182
1.6000 -0.4600 0.9250
1.6200 -0.4600 0.9420
1.6400 -0.4600 0.9384
1.6600 -0.4600 0.9264
1.6800 -0.4600 0.9264
1.7000 -0.4600 0.9170
1.7200 -0.4600 0.9194
1.7400 -0.4600 0.9170
1.7600 -0.4600 0.9194
1.7800 -0.4600 0.9170
1.8000 -0.4600 0.9200
1.8200 -0.4600 0.9264
1.8400 -0.4600 0.9264
1.8600 -0.4600 0.9170
1.8800 -0.4600 0.9140
1.9000 -0.4600 0.9170
1.9200 -0.4600 0.9170
1.9400 -0.4600 0.9240
1.9600 -0.4600 0.9264
1.9800 -0.4600 0.9354
2.0000 -0.4600 0.9354
2.0200 -0.4600 0.9354
2.0400 -0.4600 0.9300
2.0600 -0.4600 0.9300
2.0800 -0.4600 0.9324
2.1000 -0.4600 0.9348
2.1200 -0.4600 0.9348
2.1400 -0.4600 0.9390
2.1600 -0.4600 0.9390
2.1800 -0.4600 0.9384
2.2000 -0.4600 0.9240
2.2200 -0.4600 0.9140
2.2400 -0.4600 0.8936
2.2600 -0.4600 0.8936
2.2800 -0.4600 0.8774
2.3000 -0.4600 0.8750
2.3200 -0.4600 0.8774
2.3400 -0.4600 0.8780
2.3600 -0.4600 0.8950
2.3800 -0.4600 0.8780
2.4000 -0.4600 0.8936
2.4200 -0.4600 0.8880
2.4400 -0.4600 0.8950
2.4600 -0.4600 0.9164
2.4800 -0.4600 0.9270
2.5000 -0.4600 0.9264
2.5200 -0.4600 0.9414
2.5400 -0.4600 0.9444
2.5600 -0.4600 0.9664
2.5800 -0.4600 0.9628
2.6000 -0.4600 0.9550
2.6200 -0.4600 0.9490
2.6400 -0.4600 0.9574
2.6600 -0.4600 0.9490
2.6800 -0.4600 0.9490
2.7000 -0.4600 0.9450
2.7200 -0.4600 0.9444
2.7400 -0.4600 0.9450
2.7600 -0.4600 0.9414
2.7800 -0.4600 0.9390
2.8000 -0.4600 0.9420
2.8200 -0.4600 0.9354
2.8400 -0.4600 0.9354
2.8600 -0.4600 0.9354
2.8800 -0.4600 0.9300
2.9000 -0.4600 0.9270
2.9200 -0.4600 0.9270
2.9400 -0.4600 0.9164
2.9600 -0.4600 0.9080
2.9800 -0.4600 0.8956
3.0000 -0.4600 0.8950
3.0200 -0.4600 0.8880
3.0400 -0.4600 0.8986
3.0600 -0.4600 0.9134
3.0800 -0.4600 0.9140
3.1000 -0.4600 0.9270
3.1200 -0.4600 0.9330
3.1400 -0.4600 0.9420
3.1600 -0.4600 0.9420
3.1800 -0.4600 0.9450
3.2000 -0.4600 0.9420
3.2200 -0.4600 0.9086
3.2400 -0.4600 0.9040
3.2600 -0.4600 0.8980
3.2800 -0.4600 0.8780
3.3000 -0.4600 0.8540
3.3200 -0.4600 0.8540
3.3400 -0.4600 0.8370
3.3600 -0.4600 0.8222
3.3800 -0.4600 0.8152
3.4000 -0.4600 0.8152
3.4200 -0.4600 0.8090
3.4400 -0.4600 0.8082
3.4600 -0.4600 0.8160
3.4800 -0.4600 0.8160
3.5000 -0.4600 0.8160
3.5200 -0.4600 0.8190
3.5400 -0.4600 0.8190
3.5600 -0.4600 0.8370
3.5800 -0.4600 0.8402
3.6000 -0.4600 0.8674
3.6200 -0.4600 0.8774
3.6400 -0.4600 0.9028
3.6600 -0.4600 0.9028
3.6800 -0.4600 0.9110
3.7000 -0.4600 0.9072
3.7200 -0.4600 0.9004
3.7400 -0.4600 0.9010
3.7600 -0.4600 0.9072
3.7800 -0.4600 0.9104
3.8000 -0.4600 0.9104
3.8200 -0.4600 0.9040
3.8400 -0.4600 0.8980
3.8600 -0.4600 0.8836
3.8800 -0.4600 0.8680
3.9000 -0.4600 0.8750
3.9200 -0.4600 0.8674
3.9400 -0.4600 0.8642
3.9600 -0.4600 0.8674
3.9800 -0.4600 0.8680
4.0000 -0.4600 0.8680
4.0200 -0.4600 0.8750
4.0400 -0.4600 0.8680
4.0600 -0.4600 0.8680
4.0800 -0.4600 0.8774
4.1000 -0.4600 0.8980
4.1200 -0.4600 0.9104
4.1400 -0.4600 0.9240
4.1600 -0.4600 0.9240
4.1800 -0.4600 0.9294
4.2000 -0.4600 0.9270
4.2200 -0.4600 0.9264
4.2400 -0.4600 0.9264
4.2600 -0.4600 0.9134
4.2800 -0.4600 0.9140
4.3000 -0.4600 0.9072
4.3200 -0.4600 0.9072
4.3400 -0.4600 0.9004
4.3600 -0.4600 0.8936
4.3800 -0.4600 0.8850
4.4000 -0.4600 0.8880
4.4200 -0.4600 0.8774
4.4400 -0.4600 0.8540
4.4600 -0.4600 0.8534
4.4800 -0.4600 0.8496
4.5000 -0.4600 0.8402
4.5200 -0.4600 0.8370
4.5400 -0.4600 0.8370
4.5600 -0.4600 0.8370
4.5800 -0.4600 0.8370
4.6000 -0.4600 0.8402
4.6200 -0.4600 0.8230
4.6400 -0.4600 0.8230
4.6600 -0.4600 0.8364
4.6800 -0.4600 0.8680
4.7000 -0.4600 0.8750
4.7200 -0.4600 0.8780
4.7400 -0.4600 0.9194
4.7600 -0.4600 0.9140
4.7800 -0.4600 0.9110
4.8000 -0.4600 0.8674
4.8200 -0.4600 0.8674
4.8400 -0.4600 0.8540
4.8600 -0.4600 0.8114
4.8800 -0.4600 0.8230
4.9000 -0.4600 0.8230
4.9200 -0.4600 0.8642
4.9400 -0.4600 0.8860
4.9600 -0.4600 0.9034
4.9800 -0.4600 0.9004
5.0000 -0.4600 0.9164
5.0200 -0.4600 0.9294
5.0400 -0.4600 0.9444
5.0600 -0.4600 0.9450
5.0800 -0.4600 0.9232
5.1000 -0.4600 0.9080
5.1200 -0.4600 0.8674
5.1400 -0.4600 0.8680
5.1600 -0.4600 0.8674
5.1800 -0.4600 0.9134
5.2000 -0.4600 0.9240
5.2200 -0.4600 0.9240
5.2400 -0.4600 0.8680
5.2600 -0.4600 0.8440
0.0000 -0.4400 0.7838
0.0200 -0.4400 0.7838
0.0400 -0.4400 0.7728
0.0600 -0.4400 0.7728
0.0800 -0.4400 0.7664
0.1000 -0.4400 0.7650
0.1200 -0.4400 0.7618
0.1400 -0.4400 0.7720
0.1600 -0.4400 0.7948
0.1800 -0.4400 0.8410
0.2000 -0.4400 0.8440
0.2200 -0.4400 0.8610
0.2400 -0.4400 0.8610
0.2600 -0.4400 0.8680
0.2800 -0.4400 0.8680
0.3000 -0.4400 0.8680
0.3200 -0.4400 0.8650
0.3400 -0.4400 0.8540
0.3600 -0.4400 0.8454
0.3800 -0.4400 0.8454
0.4000 -0.4400 0.8650
0.4200 -0.4400 0.8750
0.4400 -0.4400 0.8750
0.4600 -0.4400 0.8610
0.4800 -0.4400 0.8516
0.5000 -0.4400 0.8364
0.5200 -0.4400 0.8346
0.5400 -0.4400 0.8230
0.5600 -0.4400 0.8166
0.5800 -0.4400 0.8096
0.6000 -0.4400 0.8090
0.6200 -0.4400 0.8160
0.6400 -0.4400 0.8128
0.6600 -0.4400 0.8160
0.6800 -0.4400 0.8160
0.7000 -0.4400 0.8190
0.7200 -0.4400 0.8270
0.7400 -0.4400 0.8340
0.7600 -0.4400 0.8340
0.7800 -0.4400 0.8340
0.8000 -0.4400 0.8856
0.8200 -0.4400 0.9048
0.8400 -0.4400 0.9146
0.8600 -0.4400 0.9146
0.8800 -0.4400 0.9146
0.9000 -0.4400 0.9140
0.9200 -0.4400 0.8950
0.9400 -0.4400 0.8956
0.9600 -0.4400 0.9016
0.9800 -0.4400 0.8980
1.0000 -0.4400 0.8950
1.0200 -0.4400 0.8894
1.0400 -0.4400 0.8936
1.0600 -0.4400 0.8850
1.0800 -0.4400 0.8850
1.1000 -0.4400 0.8850
1.1200 -0.4400 0.8850
1.1400 -0.4400 0.8780
1.1600 -0.4400 0.8756
1.1800 -0.4400 0.8756
1.2000 -0.4400 0.8756
1.2200 -0.4400 0.8756
1.2400 -0.4400 0.8750
1.2600 -0.4400 0.8750
1.2800 -0.4400 0.8610
1.3000 -0.4400 0.8694
1.3200 -0.4400 0.8850
1.3400 -0.4400 0.8880
1.3600 -0.4400 0.9080
1.3800 -0.4400 0.9246
1.4000 -0.4400 0.9300
1.4200 -0.4400 0.9300
1.4400 -0.4400 0.9330
1.4600 -0.4400 0.9420
1.4800 -0.4400 0.9390
1.5000 -0.4400 0.9390
1.5200 -0.4400 0.9360
1.5400 -0.4400 0.9380
1.5600 -0.4400 0.8662
1.5800 -0.4400 0.8698
1.6000 -0.4400 0.8860
1.6200 -0.4400 0.9500
1.6400 -0.4400 0.9458
1.6600 -0.4400 0.9366
1.6800 -0.4400 0.9390
1.7000 -0.4400 0.9270
1.7200 -0.4400 0.9270
1.7400 -0.4400 0.9246
1.7600 -0.4400 0.9246
1.7800 -0.4400 0.9300
1.8000 -0.4400 0.9276
1.8200 -0.4400 0.9366
1.8400 -0.4400 0.9396
1.8600 -0.4400 0.9276
1.8800 -0.4400 0.9240
1.9000 -0.4400 0.9300
1.9200 -0.4400 0.9294
1.9400 -0.4400 0.9336
1.9600 -0.4400 0.9366
1.9800 -0.4400 0.9458
2.0000 -0.4400 0.9450
2.0200 -0.4400 0.9396
2.0400 -0.4400 0.9426
2.0600 -0.4400 0.9458
2.0800 -0.4400 0.9490
2.1000 -0.4400 0.9450
2.1200 -0.4400 0.9458
2.1400 -0.4400 0.9450
2.1600 -0.4400 0.9490
2.1800 -0.4400 0.9450
2.2000 -0.4400 0.9306
2.2200 -0.4400 0.9246
2.2400 -0.4400 0.9086
2.2600 -0.4400 0.9086
2.2800 -0.4400 0.8950
2.3000 -0.4400 0.8880
2.3200 -0.4400 0.8950
2.3400 -0.4400 0.8950
2.3600 -0.4400 0.8980
2.3800 -0.4400 0.8956
2.4000 -0.4400 0.9016
2.4200 -0.4400 0.8986
2.4400 -0.4400 0.9040
2.4600 -0.4400 0.9240
2.4800 -0.4400 0.9420
2.5000 -0.4400 0.9390
2.5200 -0.4400 0.9580
2.5400 -0.4400 0.9556
2.5600 -0.4400 0.9712
2.5800 -0.4400 0.9700
2.6000 -0.4400 0.9646
2.6200 -0.4400 0.9670
2.6400 -0.4400 0.9670
2.6600 -0.4400 0.9670
2.6800 -0.4400 0.9574
2.7000 -0.4400 0.9490
2.7200 -0.4400 0.9550
2.7400 -0.4400 0.9550
2.7600 -0.4400 0.9458
2.7800 -0.4400 0.9360
2.8000 -0.4400 0.9300
2.8200 -0.4400 0.9390
2.8400 -0.4400 0.9390
2.8600 -0.4400 0.9390
2.8800 -0.4400 0.9384
2.9000 -0.4400 0.9360
2.9200 -0.4400 0.9330
2.9400 -0.4400 0.9240
2.9600 -0.4400 0.9116
2.9800 -0.4400 0.9010
3.0000 -0.4400 0.8980
3.0200 -0.4400 0.8880
3.0400 -0.4400 0.9048
3.0600 -0.4400 0.9170
3.0800 -0.4400 0.9176
3.1000 -0.4400 0.9270
3.1200 -0.4400 0.9360
3.1400 -0.4400 0.9450
3.1600 -0.4400 0.9450
3.1800 -0.4400 0.9502
3.2000 -0.4400 0.9426
3.2200 -0.4400 0.9140
3.2400 -0.4400 0.9140
3.2600 -0.4400 0.8950
3.2800 -0.4400 0.8856
3.3000 -0.4400 0.8650
3.3200 -0.4400 0.8650
3.3400 -0.4400 0.8510
3.3600 -0.4400 0.8346
3.3800 -0.4400 0.8300
3.4000 -0.4400 0.8276
3.4200 -0.4400 0.8190
3.4400 -0.4400 0.8160
3.4600 -0.4400 0.8190
3.4800 -0.4400 0.8230
3.5000 -0.4400 0.8230
3.5200 -0.4400 0.8276
3.5400 -0.4400 0.8276
3.5600 -0.4400 0.8540
3.5800 -0.4400 0.8610
3.6000 -0.4400 0.8780
3.6200 -0.4400 0.8980
3.6400 -0.4400 0.9140
3.6600 -0.4400 0.9140
3.6800 -0.4400 0.9176
3.7000 -0.4400 0.9146
3.7200 -0.4400 0.9140
3.7400 -0.4400 0.9140
3.7600 -0.4400 0.9176
3.7800 -0.4400 0.9146
3.8000 -0.4400 0.9140
3.8200 -0.4400 0.9140
3.8400 -0.4400 0.9048
3.8600 -0.4400 0.8950
3.8800 -0.4400 0.8756
3.9000 -0.4400 0.8794
3.9200 -0.4400 0.8780
3.9400 -0.4400 0.8694
3.9600 -0.4400 0.8756
3.9800 -0.4400 0.8756
4.0000 -0.4400 0.8850
4.0200 -0.4400 0.8900
4.0400 -0.4400 0.8794
4.0600 -0.4400 0.8780
4.0800 -0.4400 0.8956
4.1000 -0.4400 0.9140
4.1200 -0.4400 0.9246
4.1400 -0.4400 0.9366
4.1600 -0.4400 0.9366
4.1800 -0.4400 0.9390
4.2000 -0.4400 0.9366
4.2200 -0.4400 0.9336
4.2400 -0.4400 0.9330
4.2600 -0.4400 0.9246
4.2800 -0.4400 0.9240
4.3000 -0.4400 0.9146
4.3200 -0.4400 0.9140
4.3400 -0.4400 0.9140
4.3600 -0.4400 0.9048
4.3800 -0.4400 0.8894
4.4000 -0.4400 0.8894
4.4200 -0.4400 0.8794
4.4400 -0.4400 0.8680
4.4600 -0.4400 0.8610
4.4800 -0.4400 0.8610
4.5000 -0.4400 0.8510
4.5200 -0.4400 0.8410
4.5400 -0.4400 0.8440
4.5600 -0.4400 0.8496
4.5800 -0.4400 0.8434
4.6000 -0.4400 0.8402
4.6200 -0.4400 0.8340
4.6400 -0.4400 0.8340
4.6600 -0.4400 0.8440
4.6800 -0.4400 0.8750
4.7000 -0.4400 0.8850
4.7200 -0.4400 0.8850
4.7400 -0.4400 0.9270
4.7600 -0.4400 0.9146
4.7800 -0.4400 0.9176
4.8000 -0.4400 0.8750
4.8200 -0.4400 0.8750
4.8400 -0.4400 0.8610
4.8600 -0.4400 0.8190
4.8800 -0.4400 0.8270
4.9000 -0.4400 0.8270
4.9200 -0.4400 0.8794
4.9400 -0.4400 0.9048
4.9600 -0.4400 0.9152
4.9800 -0.4400 0.9140
5.0000 -0.4400 0.9240
5.0200 -0.4400 0.9420
5.0400 -0.4400 0.9556
5.0600 -0.4400 0.9556
5.0800 -0.4400 0.9300
5.1000 -0.4400 0.9184
5.1200 -0.4400 0.8894
5.1400 -0.4400 0.8894
5.1600 -0.4400 0.8794
5.1800 -0.4400 0.9246
5.2000 -0.4400 0.9300
5.2200 -0.4400 0.9300
5.2400 -0.4400 0.8850
5.2600 -0.4400 0.8618
0.0000 -0.4200 0.7980
0.0200 -0.4200 0.7980
0.0400 -0.4200 0.7854
0.0600 -0.4200 0.7910
0.0800 -0.4200 0.7760
0.1000 -0.4200 0.7744
0.1200 -0.4200 0.7830
0.1400 -0.4200 0.7964
0.1600 -0.4200 0.8090
0.1800 -0.4200 0.8540
0.2000 -0.4200 0.8540
0.2200 -0.4200 0.8650
0.2400 -0.4200 0.8610
0.2600 -0.4200 0.8680
0.2800 -0.4200 0.8680
0.3000 -0.4200 0.8680
0.3200 -0.4200 0.8662
0.3400 -0.4200 0.8610
0.3600 -0.4200 0.8540
0.3800 -0.4200 0.8540
0.4000 -0.4200 0.8680
0.4200 -0.4200 0.8750
0.4400 -0.4200 0.8750
0.4600 -0.4200 0.8610
0.4800 -0.4200 0.8634
0.5000 -0.4200 0.8394
0.5200 -0.4200 0.8410
0.5400 -0.4200 0.8282
0.5600 -0.4200 0.8230
0.5800 -0.4200 0.8178
0.6000 -0.4200 0.8178
0.6200 -0.4200 0.8178
0.6400 -0.4200 0.8230
0.6600 -0.4200 0.8230
0.6800 -0.4200 0.8230
0.7000 -0.4200 0.8288
0.7200 -0.4200 0.8270
0.7400 -0.4200 0.8370
0.7600 -0.4200 0.8370
0.7800 -0.4200 0.8440
0.8000 -0.4200 0.9110
0.8200 -0.4200 0.9224
0.8400 -0.4200 0.9288
0.8600 -0.4200 0.9270
0.8800 -0.4200 0.9270
0.9000 -0.4200 0.9258
0.9200 -0.4200 0.9140
0.9400 -0.4200 0.9140
0.9600 -0.4200 0.9140
0.9800 -0.4200 0.9110
1.0000 -0.4200 0.8950
1.0200 -0.4200 0.8950
1.0400 -0.4200 0.8880
1.0600 -0.4200 0.8780
1.0800 -0.4200 0.8950
1.1000 -0.4200 0.8950
1.1200 -0.4200 0.8950
1.1400 -0.4200 0.8880
1.1600 -0.4200 0.8880
1.1800 -0.4200 0.8868
1.2000 -0.4200 0.8850
1.2200 -0.4200 0.8922
1.2400 -0.4200 0.8850
1.2600 -0.4200 0.8880
1.2800 -0.4200 0.8768
1.3000 -0.4200 0.8922
1.3200 -0.4200 0.9064
1.3400 -0.4200 0.9064
1.3600 -0.4200 0.9170
1.3800 -0.4200 0.9318
1.4000 -0.4200 0.9408
1.4200 -0.4200 0.9408
1.4400 -0.4200 0.9438
1.4600 -0.4200 0.9450
1.4800 -0.4200 0.9450
1.5000 -0.4200 0.9450
1.5200 -0.4200 0.9432
1.5400 -0.4200 0.9212
1.5600 -0.4200 0.8070
1.5800 -0.4200 0.8162
1.6000 -0.4200 0.8256
1.6200 -0.4200 0.9306
1.6400 -0.4200 0.9606
1.6600 -0.4200 0.9450
1.6800 -0.4200 0.9450
1.7000 -0.4200 0.9378
1.7200 -0.4200 0.9318
1.7400 -0.4200 0.9348
1.7600 -0.4200 0.9378
1.7800 -0.4200 0.9390
1.8000 -0.4200 0.9408
1.8200 -0.4200 0.9474
1.8400 -0.4200 0.9490
1.8600 -0.4200 0.9438
1.8800 -0.4200 0.9348
1.9000 -0.4200 0.9408
1.9200 -0.4200 0.9408
1.9400 -0.4200 0.9568
1.9600 -0.4200 0.9568
1.9800 -0.4200 0.9640
2.0000 -0.4200 0.9616
2.0200 -0.4200 0.9526
2.0400 -0.4200 0.9580
2.0600 -0.4200 0.9616
2.0800 -0.4200 0.9670
2.1000 -0.4200 0.9616
2.1200 -0.4200 0.9580
2.1400 -0.4200 0.9568
2.1600 -0.4200 0.9580
2.1800 -0.4200 0.9580
2.2000 -0.4200 0.9438
2.2200 -0.4200 0.9348
2.2400 -0.4200 0.9258
2.2600 -0.4200 0.9258
2.2800 -0.4200 0.9128
2.3000 -0.4200 0.9016
2.3200 -0.4200 0.9052
2.3400 -0.4200 0.9052
2.3600 -0.4200 0.9128
2.3800 -0.4200 0.9140
2.4000 -0.4200 0.9158
2.4200 -0.4200 0.9158
2.4400 -0.4200 0.9240
2.4600 -0.4200 0.9318
2.4800 -0.4200 0.9550
2.5000 -0.4200 0.9490
2.5200 -0.4200 0.9682
2.5400 -0.4200 0.9658
2.5600 -0.4200 0.9850
2.5800 -0.4200 0.9826
2.6000 -0.4200 0.9760
2.6200 -0.4200 0.9778
2.6400 -0.4200 0.9700
2.6600 -0.4200 0.9700
2.6800 -0.4200 0.9670
2.7000 -0.4200 0.9580
2.7200 -0.4200 0.9580
2.7400 -0.4200 0.9580
2.7600 -0.4200 0.9550
2.7800 -0.4200 0.9450
2.8000 -0.4200 0.9378
2.8200 -0.4200 0.9372
2.8400 -0.4200 0.9372
2.8600 -0.4200 0.9378
2.8800 -0.4200 0.9360
2.9000 -0.4200 0.9342
2.9200 -0.4200 0.9342
2.9400 -0.4200 0.9270
2.9600 -0.4200 0.9170
2.9800 -0.4200 0.9080
3.0000 -0.4200 0.9040
3.0200 -0.4200 0.9028
3.0400 -0.4200 0.9140
3.0600 -0.4200 0.9270
3.0800 -0.4200 0.9270
3.1000 -0.4200 0.9348
3.1200 -0.4200 0.9420
3.1400 -0.4200 0.9514
3.1600 -0.4200 0.9550
3.1800 -0.4200 0.9640
3.2000 -0.4200 0.9474
3.2200 -0.4200 0.9240
3.2400 -0.4200 0.9240
3.2600 -0.4200 0.9098
3.2800 -0.4200 0.8880
3.3000 -0.4200 0.8750
3.3200 -0.4200 0.8722
3.3400 -0.4200 0.8540
3.3600 -0.4200 0.8370
3.3800 -0.4200 0.8352
3.4000 -0.4200 0.8340
3.4200 -0.4200 0.8230
3.4400 -0.4200 0.8190
3.4600 -0.4200 0.8254
3.4800 -0.4200 0.8288
3.5000 -0.4200 0.8300
3.5200 -0.4200 0.8410
3.5400 -0.4200 0.8410
3.5600 -0.4200 0.8750
3.5800 -0.4200 0.8750
3.6000 -0.4200 0.9016
3.6200 -0.4200 0.9140
3.6400 -0.4200 0.9270
3.6600 -0.4200 0.9288
3.6800 -0.4200 0.9318
3.7000 -0.4200 0.9288
3.7200 -0.4200 0.9288
3.7400 -0.4200 0.9288
3.7600 -0.4200 0.9300
3.7800 -0.4200 0.9270
3.8000 -0.4200 0.9240
3.8200 -0.4200 0.9240
3.8400 -0.4200 0.9170
3.8600 -0.4200 0.9010
3.8800 -0.4200 0.8922
3.9000 -0.4200 0.8922
3.9200 -0.4200 0.8762
3.9400 -0.4200 0.8868
3.9600 -0.4200 0.8880
3.9800 -0.4200 0.8950
4.0000 -0.4200 0.8968
4.0200 -0.4200 0.9052
4.0400 -0.4200 0.9028
4.0600 -0.4200 0.9016
4.0800 -0.4200 0.9140
4.1000 -0.4200 0.9270
4.1200 -0.4200 0.9330
4.1400 -0.4200 0.9490
4.1600 -0.4200 0.9526
4.1800 -0.4200 0.9580
4.2000 -0.4200 0.9490
4.2200 -0.4200 0.9450
4.2400 -0.4200 0.9438
4.2600 -0.4200 0.9360
4.2800 -0.4200 0.9288
4.3000 -0.4200 0.9270
4.3200 -0.4200 0.9270
4.3400 -0.4200 0.9270
4.3600 -0.4200 0.9258
4.3800 -0.4200 0.9140
4.4000 -0.4200 0.9128
4.4200 -0.4200 0.8968
4.4400 -0.4200 0.8750
4.4600 -0.4200 0.8680
4.4800 -0.4200 0.8668
4.5000 -0.4200 0.8610
4.5200 -0.4200 0.8540
4.5400 -0.4200 0.8510
4.5600 -0.4200 0.8510
4.5800 -0.4200 0.8510
4.6000 -0.4200 0.8440
4.6200 -0.4200 0.8410
4.6400 -0.4200 0.8428
4.6600 -0.4200 0.8540
4.6800 -0.4200 0.8768
4.7000 -0.4200 0.8922
4.7200 -0.4200 0.8922
4.7400 -0.4200 0.9330
4.7600 -0.4200 0.9270
4.7800 -0.4200 0.9288
4.8000 -0.4200 0.8850
4.8200 -0.4200 0.8822
4.8400 -0.4200 0.8680
4.8600 -0.4200 0.8190
4.8800 -0.4200 0.8270
4.9000 -0.4200 0.8270
4.9200 -0.4200 0.8980
4.9400 -0.4200 0.9188
4.9600 -0.4200 0.9318
4.9800 -0.4200 0.9300
5.0000 -0.4200 0.9408
5.0200 -0.4200 0.9580
5.0400 -0.4200 0.9670
5.0600 -0.4200 0.9658
5.0800 -0.4200 0.9438
5.1000 -0.4200 0.9300
5.1200 -0.4200 0.9064
5.1400 -0.4200 0.9080
5.1600 -0.4200 0.9028
5.1800 -0.4200 0.9360
5.2000 -0.4200 0.9474
5.2200 -0.4200 0.9474
5.2400 -0.4200 0.8968
5.2600 -0.4200 0.8750
0.0000 -0.4000 0.8090
0.0200 -0.4000 0.8090
0.0400 -0.4000 0.8020
0.0600 -0.4000 0.7980
0.0800 -0.4000 0.7980
0.1000 -0.4000 0.7980
0.1200 -0.4000 0.7980
0.1400 -0.4000 0.8090
0.1600 -0.4000 0.8190
0.1800 -0.4000 0.8650
0.2000 -0.4000 0.8650
0.2200 -0.4000 0.8680
0.2400 -0.4000 0.8750
0.2600 -0.4000 0.8750
0.2800 -0.4000 0.8750
0.3000 -0.4000 0.8750
0.3200 -0.4000 0.8750
0.3400 -0.4000 0.8680
0.3600 -0.4000 0.8650
0.3800 -0.4000 0.8680
0.4000 -0.4000 0.8780
0.4200 -0.4000 0.8750
0.4400 -0.4000 0.8750
0.4600 -0.4000 0.8540
0.4800 -0.4000 0.8610
0.5000 -0.4000 0.8440
0.5200 -0.4000 0.8410
0.5400 -0.4000 0.8340
0.5600 -0.4000 0.8340
0.5800 -0.4000 0.8270
0.6000 -0.4000 0.8270
0.6200 -0.4000 0.8270
0.6400 -0.4000 0.8340
0.6600 -0.4000 0.8340
0.6800 -0.4000 0.8340
0.7000 -0.4000 0.8340
0.7200 -0.4000 0.8340
0.7400 -0.4000 0.8510
0.7600 -0.4000 0.8510
0.7800 -0.4000 0.8650
0.8000 -0.4000 0.9240
0.8200 -0.4000 0.9300
0.8400 -0.4000 0.9420
0.8600 -0.4000 0.9420
0.8800 -0.4000 0.9420
0.9000 -0.4000 0.9420
0.9200 -0.4000 0.9270
0.9400 -0.4000 0.9240
0.9600 -0.4000 0.9270
0.9800 -0.4000 0.9200
1.0000 -0.4000 0.9140
1.0200 -0.4000 0.9110
1.0400 -0.4000 0.9080
1.0600 -0.4000 0.9040
1.0800 -0.4000 0.9040
1.1000 -0.4000 0.9040
1.1200 -0.4000 0.8980
1.1400 -0.4000 0.9010
1.1600 -0.4000 0.8980
1.1800 -0.4000 0.8980
1.2000 -0.4000 0.9010
1.2200 -0.4000 0.8950
1.2400 -0.4000 0.8980
1.2600 -0.4000 0.9010
1.2800 -0.4000 0.8980
1.3000 -0.4000 0.9110
1.3200 -0.4000 0.9170
1.3400 -0.4000 0.9170
1.3600 -0.4000 0.9270
1.3800 -0.4000 0.9420
1.4000 -0.4000 0.9550
1.4200 -0.4000 0.9550
1.4400 -0.4000 0.9640
1.4600 -0.4000 0.9640
1.4800 -0.4000 0.9580
1.5000 -0.4000 0.9580
1.5200 -0.4000 0.9530
1.5400 -0.4000 0.8650
1.5600 -0.4000 0.7830
1.5800 -0.4000 0.8030
1.6000 -0.4000 0.8090
1.6200 -0.4000 0.8810
1.6400 -0.4000 0.9670
1.6600 -0.4000 0.9580
1.6800 -0.4000 0.9550
1.7000 -0.4000 0.9580
1.7200 -0.4000 0.9580
1.7400 -0.4000 0.9580
1.7600 -0.4000 0.9580
1.7800 -0.4000 0.9580
1.8000 -0.4000 0.9640
1.8200 -0.4000 0.9760
1.8400 -0.4000 0.9760
1.8600 -0.4000 0.9700
1.8800 -0.4000 0.9550
1.9000 -0.4000 0.9700
1.9200 -0.4000 0.9700
1.9400 -0.4000 0.9760
1.9600 -0.4000 0.9760
1.9800 -0.4000 0.9850
2.0000 -0.4000 0.9790
2.0200 -0.4000 0.9760
2.0400 -0.4000 0.9760
2.0600 -0.4000 0.9760
2.0800 -0.4000 0.9790
2.1000 -0.4000 0.9760
2.1200 -0.4000 0.9700
2.1400 -0.4000 0.9700
2.1600 -0.4000 0.9700
2.1800 -0.4000 0.9700
2.2000 -0.4000 0.9580
2.2200 -0.4000 0.9490
2.2400 -0.4000 0.9390
2.2600 -0.4000 0.9390
2.2800 -0.4000 0.9240
2.3000 -0.4000 0.9200
2.3200 -0.4000 0.9240
2.3400 -0.4000 0.9240
2.3600 -0.4000 0.9270
2.3800 -0.4000 0.9240
2.4000 -0.4000 0.9270
2.4200 -0.4000 0.9240
2.4400 -0.4000 0.9360
2.4600 -0.4000 0.9550
2.4800 -0.4000 0.9640
2.5000 -0.4000 0.9640
2.5200 -0.4000 0.9700
2.5400 -0.4000 0.9790
2.5600 -0.4000 0.9990
2.5800 -0.4000 0.9990
2.6000 -0.4000 0.9940
2.6200 -0.4000 0.9970
2.6400 -0.4000 0.9790
2.6600 -0.4000 0.9790
2.6800 -0.4000 0.9790
2.7000 -0.4000 0.9760
2.7200 -0.4000 0.9700
2.7400 -0.4000 0.9670
2.7600 -0.4000 0.9580
2.7800 -0.4000 0.9640
2.8000 -0.4000 0.9490
2.8200 -0.4000 0.9390
2.8400 -0.4000 0.9390
2.8600 -0.4000 0.9490
2.8800 -0.4000 0.9420
2.9000 -0.4000 0.9390
2.9200 -0.4000 0.9420
2.9400 -0.4000 0.9300
2.9600 -0.4000 0.9240
2.9800 -0.4000 0.9140
3.0000 -0.4000 0.9110
3.0200 -0.4000 0.9110
3.0400 -0.4000 0.9200
3.0600 -0.4000 0.9300
3.0800 -0.4000 0.9300
3.1000 -0.4000 0.9490
3.1200 -0.4000 0.9580
3.1400 -0.4000 0.9700
3.1600 -0.4000 0.9700
3.1800 -0.4000 0.9790
3.2000 -0.4000 0.9580
3.2200 -0.4000 0.9300
3.2400 -0.4000 0.9300
3.2600 -0.4000 0.9200
3.2800 -0.4000 0.8950
3.3000 -0.4000 0.8750
3.3200 -0.4000 0.8750
3.3400 -0.4000 0.8510
3.3600 -0.4000 0.8410
3.3800 -0.4000 0.8340
3.4000 -0.4000 0.8340
3.4200 -0.4000 0.8370
3.4400 -0.4000 0.8270
3.4600 -0.4000 0.8370
3.4800 -0.4000 0.8410
3.5000 -0.4000 0.8440
3.5200 -0.4000 0.8540
3.5400 -0.4000 0.8540
3.5600 -0.4000 0.8850
3.5800 -0.4000 0.8880
3.6000 -0.4000 0.9110
3.6200 -0.4000 0.9170
3.6400 -0.4000 0.9390
3.6600 -0.4000 0.9420
3.6800 -0.4000 0.9450
3.7000 -0.4000 0.9450
3.7200 -0.4000 0.9450
3.7400 -0.4000 0.9390
3.7600 -0.4000 0.9390
3.7800 -0.4000 0.9330
3.8000 -0.4000 0.9300
3.8200 -0.4000 0.9300
3.8400 -0.4000 0.9300
3.8600 -0.4000 0.9140
3.8800 -0.4000 0.9040
3.9000 -0.4000 0.9080
3.9200 -0.4000 0.8950
3.9400 -0.4000 0.9010
3.9600 -0.4000 0.8980
3.9800 -0.4000 0.9010
4.0000 -0.4000 0.9110
4.0200 -0.4000 0.9140
4.0400 -0.4000 0.9170
4.0600 -0.4000 0.9170
4.0800 -0.4000 0.9240
4.1000 -0.4000 0.9300
4.1200 -0.4000 0.9450
4.1400 -0.4000 0.9580
4.1600 -0.4000 0.9640
4.1800 -0.4000 0.9700
4.2000 -0.4000 0.9670
4.2200 -0.4000 0.9580
4.2400 -0.4000 0.9580
4.2600 -0.4000 0.9490
4.2800 -0.4000 0.9390
4.3000 -0.4000 0.9360
4.3200 -0.4000 0.9360
4.3400 -0.4000 0.9360
4.3600 -0.4000 0.9360
4.3800 -0.4000 0.9270
4.4000 -0.4000 0.9270
4.4200 -0.4000 0.9140
4.4400 -0.4000 0.9010
4.4600 -0.4000 0.8950
4.4800 -0.4000 0.8850
4.5000 -0.4000 0.8780
4.5200 -0.4000 0.8680
4.5400 -0.4000 0.8610
4.5600 -0.4000 0.8610
4.5800 -0.4000 0.8610
4.6000 -0.4000 0.8540
4.6200 -0.4000 0.8610
4.6400 -0.4000 0.8610
4.6600 -0.4000 0.8680
4.6800 -0.4000 0.8980
4.7000 -0.4000 0.9040
4.7200 -0.4000 0.9080
4.7400 -0.4000 0.9390
4.7600 -0.4000 0.9390
4.7800 -0.4000 0.9420
4.8000 -0.4000 0.8980
4.8200 -0.4000 0.8980
4.8400 -0.4000 0.8750
4.8600 -0.4000 0.8270
4.8800 -0.4000 0.8340
4.9000 -0.4000 0.8370
4.9200 -0.4000 0.9170
4.9400 -0.4000 0.9300
4.9600 -0.4000 0.9420
4.9800 -0.4000 0.9390
5.0000 -0.4000 0.9580
5.0200 -0.4000 0.9760
5.0400 -0.4000 0.9760
5.0600 -0.4000 0.9700
5.0800 -0.4000 0.9490
5.1000 -0.4000 0.9390
5.1200 -0.4000 0.9200
5.1400 -0.4000 0.9200
5.1600 -0.4000 0.9170
5.1800 -0.4000 0.9450
5.2000 -0.4000 0.9580
5.2200 -0.4000 0.9640
5.2400 -0.4000 0.9080
5.2600 -0.4000 0.8880
0.0000 -0.3800 0.8190
0.0200 -0.3800 0.8206
0.0400 -0.3800 0.8160
0.0600 -0.3800 0.8136
0.0800 -0.3800 0.8102
0.1000 -0.3800 0.8102
0.1200 -0.3800 0.8090
0.1400 -0.3800 0.8190
0.1600 -0.3800 0.8370
0.1800 -0.3800 0.8650
0.2000 -0.3800 0.8650
0.2200 -0.3800 0.8780
0.2400 -0.3800 0.8880
0.2600 -0.3800 0.8808
0.2800 -0.3800 0.8780
0.3000 -0.3800 0.8880
0.3200 -0.3800 0.9022
0.3400 -0.3800 0.9022
0.3600 -0.3800 0.9004
0.3800 -0.3800 0.8862
0.4000 -0.3800 0.8880
0.4200 -0.3800 0.8908
0.4400 -0.3800 0.8880
0.4600 -0.3800 0.8708
0.4800 -0.3800 0.8650
0.5000 -0.3800 0.8410
0.5200 -0.3800 0.8410
0.5400 -0.3800 0.8370
0.5600 -0.3800 0.8358
0.5800 -0.3800 0.8340
0.6000 -0.3800 0.8340
0.6200 -0.3800 0.8340
0.6400 -0.3800 0.8394
0.6600 -0.3800 0.8370
0.6800 -0.3800 0.8370
0.7000 -0.3800 0.8410
0.7200 -0.3800 0.8510
0.7400 -0.3800 0.8762
0.7600 -0.3800 0.8762
0.7800 -0.3800 0.8862
0.8000 -0.3800 0.9312
0.8200 -0.3800 0.9420
0.8400 -0.3800 0.9450
0.8600 -0.3800 0.9490
0.8800 -0.3800 0.9550
0.9000 -0.3800 0.9514
0.9200 -0.3800 0.9402
0.9400 -0.3800 0.9342
0.9600 -0.3800 0.9342
0.9800 -0.3800 0.9300
1.0000 -0.3800 0.9240
1.0200 -0.3800 0.9240
1.0400 -0.3800 0.9270
1.0600 -0.3800 0.9182
1.0800 -0.3800 0.9170
1.1000 -0.3800 0.9170
1.1200 -0.3800 0.9092
1.1400 -0.3800 0.9140
1.1600 -0.3800 0.9092
1.1800 -0.3800 0.9092
1.2000 -0.3800 0.9152
1.2200 -0.3800 0.9104
1.2400 -0.3800 0.9140
1.2600 -0.3800 0.9152
1.2800 -0.3800 0.9122
1.3000 -0.3800 0.9216
1.3200 -0.3800 0.9240
1.3400 -0.3800 0.9240
1.3600 -0.3800 0.9330
1.3800 -0.3800 0.9514
1.4000 -0.3800 0.9682
1.4200 -0.3800 0.9652
1.4400 -0.3800 0.9760
1.4600 -0.3800 0.9760
1.4800 -0.3800 0.9756
1.5000 -0.3800 0.9304
1.5200 -0.3800 0.9186
1.5400 -0.3800 0.8266
1.5600 -0.3800 0.7988
1.5800 -0.3800 0.8192
1.6000 -0.3800 0.8210
1.6200 -0.3800 0.8360
1.6400 -0.3800 0.9330
1.6600 -0.3800 0.9904
1.6800 -0.3800 0.9892
1.7000 -0.3800 0.9862
1.7200 -0.3800 0.9904
1.7400 -0.3800 0.9814
1.7600 -0.3800 0.9862
1.7800 -0.3800 0.9904
1.8000 -0.3800 0.9904
1.8200 -0.3800 1.0092
1.8400 -0.3800 1.0110
1.8600 -0.3800 0.9904
1.8800 -0.3800 0.9796
1.9000 -0.3800 0.9850
1.9200 -0.3800 0.9814
1.9400 -0.3800 0.9940
1.9600 -0.3800 1.0002
1.9800 -0.3800 1.0032
2.0000 -0.3800 1.0002
2.0200 -0.3800 1.0032
2.0400 -0.3800 1.0032
2.0600 -0.3800 0.9960
2.0800 -0.3800 0.9978
2.1000 -0.3800 0.9952
2.1200 -0.3800 0.9952
2.1400 -0.3800 0.9952
2.1600 -0.3800 0.9978
2.1800 -0.3800 1.0002
2.2000 -0.3800 0.9826
2.2200 -0.3800 0.9652
2.2400 -0.3800 0.9466
2.2600 -0.3800 0.9450
2.2800 -0.3800 0.9312
2.3000 -0.3800 0.9282
2.3200 -0.3800 0.9330
2.3400 -0.3800 0.9312
2.3600 -0.3800 0.9372
2.3800 -0.3800 0.9342
2.4000 -0.3800 0.9360
2.4200 -0.3800 0.9360
2.4400 -0.3800 0.9466
2.4600 -0.3800 0.9640
2.4800 -0.3800 0.9772
2.5000 -0.3800 0.9772
2.5200 -0.3800 0.9916
2.5400 -0.3800 1.0074
2.5600 -0.3800 1.0152
2.5800 -0.3800 1.0152
2.6000 -0.3800 1.0122
2.6200 -0.3800 1.0110
2.6400 -0.3800 1.0062
2.6600 -0.3800 1.0032
2.6800 -0.3800 1.0002
2.7000 -0.3800 0.9850
2.7200 -0.3800 0.9862
2.7400 -0.3800 0.9862
2.7600 -0.3800 0.9826
2.7800 -0.3800 0.9760
2.8000 -0.3800 0.9640
2.8200 -0.3800 0.9604
2.8400 -0.3800 0.9604
2.8600 -0.3800 0.9604
2.8800 -0.3800 0.9562
2.9000 -0.3800 0.9562
2.9200 -0.3800 0.9562
2.9400 -0.3800 0.9390
2.9600 -0.3800 0.9300
2.9800 -0.3800 0.9240
3.0000 -0.3800 0.9240
3.0200 -0.3800 0.9240
3.0400 -0.3800 0.9312
3.0600 -0.3800 0.9466
3.0800 -0.3800 0.9514
3.1000 -0.3800 0.9652
3.1200 -0.3800 0.9790
3.1400 -0.3800 0.9952
3.1600 -0.3800 0.9970
3.1800 -0.3800 1.0062
3.2000 -0.3800 0.9772
3.2200 -0.3800 0.9402
3.2400 -0.3800 0.9402
3.2600 -0.3800 0.9270
3.2800 -0.3800 0.9092
3.3000 -0.3800 0.8780
3.3200 -0.3800 0.8780
3.3400 -0.3800 0.8510
3.3600 -0.3800 0.8610
3.3800 -0.3800 0.8522
3.4000 -0.3800 0.8468
3.4200 -0.3800 0.8422
3.4400 -0.3800 0.8370
3.4600 -0.3800 0.8522
3.4800 -0.3800 0.8568
3.5000 -0.3800 0.8626
3.5200 -0.3800 0.8708
3.5400 -0.3800 0.8750
3.5600 -0.3800 0.8950
3.5800 -0.3800 0.8980
3.6000 -0.3800 0.9170
3.6200 -0.3800 0.9270
3.6400 -0.3800 0.9514
3.6600 -0.3800 0.9550
3.6800 -0.3800 0.9514
3.7000 -0.3800 0.9562
3.7200 -0.3800 0.9450
3.7400 -0.3800 0.9450
3.7600 -0.3800 0.9514
3.7800 -0.3800 0.9450
3.8000 -0.3800 0.9466
3.8200 -0.3800 0.9514
3.8400 -0.3800 0.9402
3.8600 -0.3800 0.9282
3.8800 -0.3800 0.9198
3.9000 -0.3800 0.9216
3.9200 -0.3800 0.9170
3.9400 -0.3800 0.9170
3.9600 -0.3800 0.9152
3.9800 -0.3800 0.9152
4.0000 -0.3800 0.9200
4.0200 -0.3800 0.9282
4.0400 -0.3800 0.9312
4.0600 -0.3800 0.9300
4.0800 -0.3800 0.9300
4.1000 -0.3800 0.9450
4.1200 -0.3800 0.9580
4.1400 -0.3800 0.9700
4.1600 -0.3800 0.9700
4.1800 -0.3800 0.9814
4.2000 -0.3800 0.9772
4.2200 -0.3800 0.9724
4.2400 -0.3800 0.9724
4.2600 -0.3800 0.9580
4.2800 -0.3800 0.9490
4.3000 -0.3800 0.9450
4.3200 -0.3800 0.9450
4.3400 -0.3800 0.9420
4.3600 -0.3800 0.9420
4.3800 -0.3800 0.9330
4.4000 -0.3800 0.9372
4.4200 -0.3800 0.9216
4.4400 -0.3800 0.9170
4.4600 -0.3800 0.9092
4.4800 -0.3800 0.9056
4.5000 -0.3800 0.8950
4.5200 -0.3800 0.8880
4.5400 -0.3800 0.8808
4.5600 -0.3800 0.8808
4.5800 -0.3800 0.8862
4.6000 -0.3800 0.8780
4.6200 -0.3800 0.8750
4.6400 -0.3800 0.8750
4.6600 -0.3800 0.8880
4.6800 -0.3800 0.9022
4.7000 -0.3800 0.9140
4.7200 -0.3800 0.9122
4.7400 -0.3800 0.9466
4.7600 -0.3800 0.9490
4.7800 -0.3800 0.9490
4.8000 -0.3800 0.8992
4.8200 -0.3800 0.8980
4.8400 -0.3800 0.8880
4.8600 -0.3800 0.8386
4.8800 -0.3800 0.8440
4.9000 -0.3800 0.8510
4.9200 -0.3800 0.9240
4.9400 -0.3800 0.9390
4.9600 -0.3800 0.9490
4.9800 -0.3800 0.9466
5.0000 -0.3800 0.9700
5.0200 -0.3800 0.9904
5.0400 -0.3800 0.9772
5.0600 -0.3800 0.9772
5.0800 -0.3800 0.9640
5.1000 -0.3800 0.9550
5.1200 -0.3800 0.9300
5.1400 -0.3800 0.9300
5.1600 -0.3800 0.9270
5.1800 -0.3800 0.9604
5.2000 -0.3800 0.9670
5.2200 -0.3800 0.9700
5.2400 -0.3800 0.9140
5.2600 -0.3800 0.8950
0.0000 -0.3600 0.8270
0.0200 -0.3600 0.8270
0.0400 -0.3600 0.8222
0.0600 -0.3600 0.8230
0.0800 -0.3600 0.8190
0.1000 -0.3600 0.8190
0.1200 -0.3600 0.8230
0.1400 -0.3600 0.8332
0.1600 -0.3600 0.8510
0.1800 -0.3600 0.8780
0.2000 -0.3600 0.8780
0.2200 -0.3600 0.8936
0.2400 -0.3600 0.9034
0.2600 -0.3600 0.9034
0.2800 -0.3600 0.9034
0.3000 -0.3600 0.9034
0.3200 -0.3600 0.9140
0.3400 -0.3600 0.9140
0.3600 -0.3600 0.9140
0.3800 -0.3600 0.9004
0.4000 -0.3600 0.8950
0.4200 -0.3600 0.9004
0.4400 -0.3600 0.8974
0.4600 -0.3600 0.8936
0.4800 -0.3600 0.8736
0.5000 -0.3600 0.8540
0.5200 -0.3600 0.8540
0.5400 -0.3600 0.8410
0.5600 -0.3600 0.8410
0.5800 -0.3600 0.8402
0.6000 -0.3600 0.8402
0.6200 -0.3600 0.8370
0.6400 -0.3600 0.8410
0.6600 -0.3600 0.8510
0.6800 -0.3600 0.8440
0.7000 -0.3600 0.8434
0.7200 -0.3600 0.8674
0.7400 -0.3600 0.8974
0.7600 -0.3600 0.8936
0.7800 -0.3600 0.9134
0.8000 -0.3600 0.9444
0.8200 -0.3600 0.9538
0.8400 -0.3600 0.9628
0.8600 -0.3600 0.9580
0.8800 -0.3600 0.9664
0.9000 -0.3600 0.9640
0.9200 -0.3600 0.9490
0.9400 -0.3600 0.9482
0.9600 -0.3600 0.9538
0.9800 -0.3600 0.9390
1.0000 -0.3600 0.9384
1.0200 -0.3600 0.9354
1.0400 -0.3600 0.9384
1.0600 -0.3600 0.9270
1.0800 -0.3600 0.9264
1.1000 -0.3600 0.9270
1.1200 -0.3600 0.9232
1.1400 -0.3600 0.9240
1.1600 -0.3600 0.9232
1.1800 -0.3600 0.9232
1.2000 -0.3600 0.9264
1.2200 -0.3600 0.9240
1.2400 -0.3600 0.9240
1.2600 -0.3600 0.9264
1.2800 -0.3600 0.9232
1.3000 -0.3600 0.9300
1.3200 -0.3600 0.9270
1.3400 -0.3600 0.9294
1.3600 -0.3600 0.9538
1.3800 -0.3600 0.9832
1.4000 -0.3600 0.9928
1.4200 -0.3600 0.9874
1.4400 -0.3600 0.9952
1.4600 -0.3600 1.0010
1.4800 -0.3600 0.9874
1.5000 -0.3600 0.8838
1.5200 -0.3600 0.8658
1.5400 -0.3600 0.8196
1.5600 -0.3600 0.8174
1.5800 -0.3600 0.8246
1.6000 -0.3600 0.8260
1.6200 -0.3600 0.8272
1.6400 -0.3600 0.8650
1.6600 -0.3600 0.9746
1.6800 -0.3600 0.9854
1.7000 -0.3600 1.0104
1.7200 -0.3600 1.0104
1.7400 -0.3600 1.0110
1.7600 -0.3600 1.0110
1.7800 -0.3600 1.0104
1.8000 -0.3600 1.0104
1.8200 -0.3600 1.0216
1.8400 -0.3600 1.0216
1.8600 -0.3600 1.0014
1.8800 -0.3600 0.9970
1.9000 -0.3600 0.9986
1.9200 -0.3600 0.9986
1.9400 -0.3600 1.0074
1.9600 -0.3600 1.0110
1.9800 -0.3600 1.0134
2.0000 -0.3600 1.0134
2.0200 -0.3600 1.0140
2.0400 -0.3600 1.0110
2.0600 -0.3600 1.0110
2.0800 -0.3600 1.0104
2.1000 -0.3600 1.0050
2.1200 -0.3600 1.0110
2.1400 -0.3600 1.0074
2.1600 -0.3600 1.0134
2.1800 -0.3600 1.0164
2.2000 -0.3600 1.0020
2.2200 -0.3600 0.9874
2.2400 -0.3600 0.9628
2.2600 -0.3600 0.9580
2.2800 -0.3600 0.9450
2.3000 -0.3600 0.9390
2.3200 -0.3600 0.9482
2.3400 -0.3600 0.9450
2.3600 -0.3600 0.9574
2.3800 -0.3600 0.9482
2.4000 -0.3600 0.9490
2.4200 -0.3600 0.9490
2.4400 -0.3600 0.9640
2.4600 -0.3600 0.9748
2.4800 -0.3600 0.9986
2.5000 -0.3600 0.9986
2.5200 -0.3600 1.0134
2.5400 -0.3600 1.0244
2.5600 -0.3600 1.0244
2.5800 -0.3600 1.0220
2.6000 -0.3600 1.0220
2.6200 -0.3600 1.0200
2.6400 -0.3600 1.0188
2.6600 -0.3600 1.0164
2.6800 -0.3600 1.0110
2.7000 -0.3600 1.0038
2.7200 -0.3600 1.0044
2.7400 -0.3600 1.0074
2.7600 -0.3600 1.0044
2.7800 -0.3600 0.9928
2.8000 -0.3600 0.9838
2.8200 -0.3600 0.9838
2.8400 -0.3600 0.9838
2.8600 -0.3600 0.9790
2.8800 -0.3600 0.9694
2.9000 -0.3600 0.9760
2.9200 -0.3600 0.9700
2.9400 -0.3600 0.9490
2.9600 -0.3600 0.9390
2.9800 -0.3600 0.9300
3.0000 -0.3600 0.9324
3.0200 -0.3600 0.9354
3.0400 -0.3600 0.9538
3.0600 -0.3600 0.9694
3.0800 -0.3600 0.9694
3.1000 -0.3600 0.9850
3.1200 -0.3600 0.9964
3.1400 -0.3600 1.0074
3.1600 -0.3600 1.0110
3.1800 -0.3600 1.0220
3.2000 -0.3600 0.9940
3.2200 -0.3600 0.9490
3.2400 -0.3600 0.9490
3.2600 -0.3600 0.9360
3.2800 -0.3600 0.9194
3.3000 -0.3600 0.9004
3.3200 -0.3600 0.9004
3.3400 -0.3600 0.8680
3.3600 -0.3600 0.8650
3.3800 -0.3600 0.8650
3.4000 -0.3600 0.8650
3.4200 -0.3600 0.8596
3.4400 -0.3600 0.8440
3.4600 -0.3600 0.8680
3.4800 -0.3600 0.8780
3.5000 -0.3600 0.8780
3.5200 -0.3600 0.8780
3.5400 -0.3600 0.8874
3.5600 -0.3600 0.9134
3.5800 -0.3600 0.9140
3.6000 -0.3600 0.9264
3.6200 -0.3600 0.9414
3.6400 -0.3600 0.9670
3.6600 -0.3600 0.9694
3.6800 -0.3600 0.9694
3.7000 -0.3600 0.9694
3.7200 -0.3600 0.9580
3.7400 -0.3600 0.9574
3.7600 -0.3600 0.9694
3.7800 -0.3600 0.9748
3.8000 -0.3600 0.9784
3.8200 -0.3600 0.9784
3.8400 -0.3600 0.9664
3.8600 -0.3600 0.9444
3.8800 -0.3600 0.9324
3.9000 -0.3600 0.9300
3.9200 -0.3600 0.9270
3.9400 -0.3600 0.9264
3.9600 -0.3600 0.9264
3.9800 -0.3600 0.9270
4.0000 -0.3600 0.9270
4.0200 -0.3600 0.9384
4.0400 -0.3600 0.9482
4.0600 -0.3600 0.9482
4.0800 -0.3600 0.9490
4.1000 -0.3600 0.9640
4.1200 -0.3600 0.9748
4.1400 -0.3600 0.9850
4.1600 -0.3600 0.9874
4.1800 -0.3600 0.9928
4.2000 -0.3600 0.9928
4.2200 -0.3600 0.9862
4.2400 -0.3600 0.9838
4.2600 -0.3600 0.9640
4.2800 -0.3600 0.9664
4.3000 -0.3600 0.9574
4.3200 -0.3600 0.9538
4.3400 -0.3600 0.9450
4.3600 -0.3600 0.9490
4.3800 -0.3600 0.9390
4.4000 -0.3600 0.9420
4.4200 -0.3600 0.9270
4.4400 -0.3600 0.9240
4.4600 -0.3600 0.9170
4.4800 -0.3600 0.9140
4.5000 -0.3600 0.9040
4.5200 -0.3600 0.9010
4.5400 -0.3600 0.8950
4.5600 -0.3600 0.8936
4.5800 -0.3600 0.9034
4.6000 -0.3600 0.8936
4.6200 -0.3600 0.8774
4.6400 -0.3600 0.8774
4.6600 -0.3600 0.8950
4.6800 -0.3600 0.9134
4.7000 -0.3600 0.9240
4.7200 -0.3600 0.9232
4.7400 -0.3600 0.9694
4.7600 -0.3600 0.9628
4.7800 -0.3600 0.9580
4.8000 -0.3600 0.9110
4.8200 -0.3600 0.9110
4.8400 -0.3600 0.8980
4.8600 -0.3600 0.8540
4.8800 -0.3600 0.8610
4.9000 -0.3600 0.8642
4.9200 -0.3600 0.9270
4.9400 -0.3600 0.9482
4.9600 -0.3600 0.9574
4.9800 -0.3600 0.9580
5.0000 -0.3600 0.9790
5.0200 -0.3600 1.0014
5.0400 -0.3600 1.0014
5.0600 -0.3600 0.9986
5.0800 -0.3600 0.9748
5.1000 -0.3600 0.9700
5.1200 -0.3600 0.9420
5.1400 -0.3600 0.9420
5.1600 -0.3600 0.9390
5.1800 -0.3600 0.9700
5.2000 -0.3600 0.9700
5.2200 -0.3600 0.9700
5.2400 -0.3600 0.9232
5.2600 -0.3600 0.9072
0.0000 -0.3400 0.8370
0.0200 -0.3400 0.8346
0.0400 -0.3400 0.8346
0.0600 -0.3400 0.8346
0.0800 -0.3400 0.8308
0.1000 -0.3400 0.8340
0.1200 -0.3400 0.8370
0.1400 -0.3400 0.8416
0.1600 -0.3400 0.8618
0.1800 -0.3400 0.8986
0.2000 -0.3400 0.9010
0.2200 -0.3400 0.9092
0.2400 -0.3400 0.9146
0.2600 -0.3400 0.9170
0.2800 -0.3400 0.9170
0.3000 -0.3400 0.9146
0.3200 -0.3400 0.9200
0.3400 -0.3400 0.9170
0.3600 -0.3400 0.9176
0.3800 -0.3400 0.9116
0.4000 -0.3400 0.9048
0.4200 -0.3400 0.9110
0.4400 -0.3400 0.9110
0.4600 -0.3400 0.9016
0.4800 -0.3400 0.8880
0.5000 -0.3400 0.8656
0.5200 -0.3400 0.8656
0.5400 -0.3400 0.8610
0.5600 -0.3400 0.8618
0.5800 -0.3400 0.8618
0.6000 -0.3400 0.8650
0.6200 -0.3400 0.8554
0.6400 -0.3400 0.8618
0.6600 -0.3400 0.8610
0.6800 -0.3400 0.8554
0.7000 -0.3400 0.8656
0.7200 -0.3400 0.8794
0.7400 -0.3400 0.9116
0.7600 -0.3400 0.9140
0.7800 -0.3400 0.9200
0.8000 -0.3400 0.9556
0.8200 -0.3400 0.9760
0.8400 -0.3400 0.9802
0.8600 -0.3400 0.9802
0.8800 -0.3400 0.9856
0.9000 -0.3400 0.9790
0.9200 -0.3400 0.9676
0.9400 -0.3400 0.9676
0.9600 -0.3400 0.9640
0.9800 -0.3400 0.9556
1.0000 -0.3400 0.9508
1.0200 -0.3400 0.9556
1.0400 -0.3400 0.9458
1.0600 -0.3400 0.9366
1.0800 -0.3400 0.9336
1.1000 -0.3400 0.9336
1.1200 -0.3400 0.9306
1.1400 -0.3400 0.9336
1.1600 -0.3400 0.9336
1.1800 -0.3400 0.9336
1.2000 -0.3400 0.9366
1.2200 -0.3400 0.9300
1.2400 -0.3400 0.9336
1.2600 -0.3400 0.9360
1.2800 -0.3400 0.9300
1.3000 -0.3400 0.9396
1.3200 -0.3400 0.9426
1.3400 -0.3400 0.9426
1.3600 -0.3400 0.9700
1.3800 -0.3400 0.9880
1.4000 -0.3400 1.0056
1.4200 -0.3400 1.0002
1.4400 -0.3400 1.0110
1.4600 -0.3400 1.0130
1.4800 -0.3400 0.9538
1.5000 -0.3400 0.8350
1.5200 -0.3400 0.8282
1.5400 -0.3400 0.8260
1.5600 -0.3400 0.8250
1.5800 -0.3400 0.8310
1.6000 -0.3400 0.8316
1.6200 -0.3400 0.8370
1.6400 -0.3400 0.8382
1.6600 -0.3400 0.9104
1.6800 -0.3400 0.9284
1.7000 -0.3400 1.0166
1.7200 -0.3400 1.0220
1.7400 -0.3400 1.0204
1.7600 -0.3400 1.0200
1.7800 -0.3400 1.0176
1.8000 -0.3400 1.0176
1.8200 -0.3400 1.0244
1.8400 -0.3400 1.0220
1.8600 -0.3400 1.0086
1.8800 -0.3400 1.0050
1.9000 -0.3400 1.0110
1.9200 -0.3400 1.0110
1.9400 -0.3400 1.0170
1.9600 -0.3400 1.0204
1.9800 -0.3400 1.0250
2.0000 -0.3400 1.0250
2.0200 -0.3400 1.0220
2.0400 -0.3400 1.0204
2.0600 -0.3400 1.0176
2.0800 -0.3400 1.0170
2.1000 -0.3400 1.0116
2.1200 -0.3400 1.0200
2.1400 -0.3400 1.0220
2.1600 -0.3400 1.0256
2.1800 -0.3400 1.0280
2.2000 -0.3400 1.0170
2.2200 -0.3400 0.9996
2.2400 -0.3400 0.9790
2.2600 -0.3400 0.9766
2.2800 -0.3400 0.9652
2.3000 -0.3400 0.9640
2.3200 -0.3400 0.9676
2.3400 -0.3400 0.9676
2.3600 -0.3400 0.9700
2.3800 -0.3400 0.9700
2.4000 -0.3400 0.9760
2.4200 -0.3400 0.9712
2.4400 -0.3400 0.9802
2.4600 -0.3400 0.9946
2.4800 -0.3400 1.0140
2.5000 -0.3400 1.0116
2.5200 -0.3400 1.0250
2.5400 -0.3400 1.0256
2.5600 -0.3400 1.0280
2.5800 -0.3400 1.0274
2.6000 -0.3400 1.0250
2.6200 -0.3400 1.0250
2.6400 -0.3400 1.0220
2.6600 -0.3400 1.0220
2.6800 -0.3400 1.0220
2.7000 -0.3400 1.0140
2.7200 -0.3400 1.0140
2.7400 -0.3400 1.0140
2.7600 -0.3400 1.0146
2.7800 -0.3400 1.0086
2.8000 -0.3400 1.0056
2.8200 -0.3400 0.9940
2.8400 -0.3400 0.9970
2.8600 -0.3400 0.9856
2.8800 -0.3400 0.9766
2.9000 -0.3400 0.9802
2.9200 -0.3400 0.9850
2.9400 -0.3400 0.9652
2.9600 -0.3400 0.9556
2.9800 -0.3400 0.9426
3.0000 -0.3400 0.9426
3.0200 -0.3400 0.9556
3.0400 -0.3400 0.9670
3.0600 -0.3400 0.9790
3.0800 -0.3400 0.9802
3.1000 -0.3400 0.9946
3.1200 -0.3400 1.0116
3.1400 -0.3400 1.0176
3.1600 -0.3400 1.0204
3.1800 -0.3400 1.0280
3.2000 -0.3400 1.0110
3.2200 -0.3400 0.9646
3.2400 -0.3400 0.9646
3.2600 -0.3400 0.9490
3.2800 -0.3400 0.9276
3.3000 -0.3400 0.9140
3.3200 -0.3400 0.9146
3.3400 -0.3400 0.8856
3.3600 -0.3400 0.8794
3.3800 -0.3400 0.8680
3.4000 -0.3400 0.8680
3.4200 -0.3400 0.8680
3.4400 -0.3400 0.8656
3.4600 -0.3400 0.8850
3.4800 -0.3400 0.8894
3.5000 -0.3400 0.8894
3.5200 -0.3400 0.8986
3.5400 -0.3400 0.9048
3.5600 -0.3400 0.9270
3.5800 -0.3400 0.9270
3.6000 -0.3400 0.9426
3.6200 -0.3400 0.9556
3.6400 -0.3400 0.9802
3.6600 -0.3400 0.9802
3.6800 -0.3400 0.9892
3.7000 -0.3400 0.9856
3.7200 -0.3400 0.9766
3.7400 -0.3400 0.9802
3.7600 -0.3400 0.9892
3.7800 -0.3400 0.9946
3.8000 -0.3400 0.9996
3.8200 -0.3400 0.9974
3.8400 -0.3400 0.9802
3.8600 -0.3400 0.9676
3.8800 -0.3400 0.9502
3.9000 -0.3400 0.9502
3.9200 -0.3400 0.9426
3.9400 -0.3400 0.9366
3.9600 -0.3400 0.9366
3.9800 -0.3400 0.9336
4.0000 -0.3400 0.9366
4.0200 -0.3400 0.9450
4.0400 -0.3400 0.9550
4.0600 -0.3400 0.9490
4.0800 -0.3400 0.9640
4.1000 -0.3400 0.9760
4.1200 -0.3400 0.9802
4.1400 -0.3400 0.9940
4.1600 -0.3400 0.9970
4.1800 -0.3400 0.9990
4.2000 -0.3400 1.0056
4.2200 -0.3400 1.0056
4.2400 -0.3400 0.9996
4.2600 -0.3400 0.9802
4.2800 -0.3400 0.9760
4.3000 -0.3400 0.9700
4.3200 -0.3400 0.9712
4.3400 -0.3400 0.9556
4.3600 -0.3400 0.9592
4.3800 -0.3400 0.9458
4.4000 -0.3400 0.9458
4.4200 -0.3400 0.9360
4.4400 -0.3400 0.9300
4.4600 -0.3400 0.9208
4.4800 -0.3400 0.9176
4.5000 -0.3400 0.9116
4.5200 -0.3400 0.9086
4.5400 -0.3400 0.9048
4.5600 -0.3400 0.9016
4.5800 -0.3400 0.9140
4.6000 -0.3400 0.9086
4.6200 -0.3400 0.8956
4.6400 -0.3400 0.8894
4.6600 -0.3400 0.9048
4.6800 -0.3400 0.9208
4.7000 -0.3400 0.9300
4.7200 -0.3400 0.9300
4.7400 -0.3400 0.9760
4.7600 -0.3400 0.9760
4.7800 -0.3400 0.9712
4.8000 -0.3400 0.9240
4.8200 -0.3400 0.9208
4.8400 -0.3400 0.9116
4.8600 -0.3400 0.8610
4.8800 -0.3400 0.8756
4.9000 -0.3400 0.8794
4.9200 -0.3400 0.9360
4.9400 -0.3400 0.9490
4.9600 -0.3400 0.9670
4.9800 -0.3400 0.9670
5.0000 -0.3400 0.9980
5.0200 -0.3400 1.0140
5.0400 -0.3400 1.0146
5.0600 -0.3400 1.0146
5.0800 -0.3400 0.9946
5.1000 -0.3400 0.9850
5.1200 -0.3400 0.9502
5.1400 -0.3400 0.9490
5.1600 -0.3400 0.9490
5.1800 -0.3400 0.9850
5.2000 -0.3400 0.9790
5.2200 -0.3400 0.9790
5.2400 -0.3400 0.9270
5.2600 -0.3400 0.9140
0.0000 -0.3200 0.8510
0.0200 -0.3200 0.8528
0.0400 -0.3200 0.8528
0.0600 -0.3200 0.8510
0.0800 -0.3200 0.8410
0.1000 -0.3200 0.8410
0.1200 -0.3200 0.8528
0.1400 -0.3200 0.8668
0.1600 -0.3200 0.8780
0.1800 -0.3200 0.9188
0.2000 -0.3200 0.9188
0.2200 -0.3200 0.9224
0.2400 -0.3200 0.9240
0.2600 -0.3200 0.9288
0.2800 -0.3200 0.9270
0.3000 -0.3200 0.9240
0.3200 -0.3200 0.9270
0.3400 -0.3200 0.9240
0.3600 -0.3200 0.9240
0.3800 -0.3200 0.9188
0.4000 -0.3200 0.9224
0.4200 -0.3200 0.9258
0.4400 -0.3200 0.9240
0.4600 -0.3200 0.9140
0.4800 -0.3200 0.9028
0.5000 -0.3200 0.8868
0.5200 -0.3200 0.8868
0.5400 -0.3200 0.8722
0.5600 -0.3200 0.8750
0.5800 -0.3200 0.8750
0.6000 -0.3200 0.8750
0.6200 -0.3200 0.8750
0.6400 -0.3200 0.8750
0.6600 -0.3200 0.8768
0.6800 -0.3200 0.8750
0.7000 -0.3200 0.8880
0.7200 -0.3200 0.8968
0.7400 -0.3200 0.9240
0.7600 -0.3200 0.9240
0.7800 -0.3200 0.9258
0.8000 -0.3200 0.9760
0.8200 -0.3200 0.9982
0.8400 -0.3200 1.0038
0.8600 -0.3200 1.0038
0.8800 -0.3200 1.0098
0.9000 -0.3200 0.9990
0.9200 -0.3200 0.9940
0.9400 -0.3200 0.9916
0.9600 -0.3200 0.9850
0.9800 -0.3200 0.9790
1.0000 -0.3200 0.9736
1.0200 -0.3200 0.9700
1.0400 -0.3200 0.9580
1.0600 -0.3200 0.9490
1.0800 -0.3200 0.9450
1.1000 -0.3200 0.9438
1.1200 -0.3200 0.9474
1.1400 -0.3200 0.9420
1.1600 -0.3200 0.9420
1.1800 -0.3200 0.9450
1.2000 -0.3200 0.9450
1.2200 -0.3200 0.9438
1.2400 -0.3200 0.9450
1.2600 -0.3200 0.9450
1.2800 -0.3200 0.9408
1.3000 -0.3200 0.9550
1.3200 -0.3200 0.9640
1.3400 -0.3200 0.9616
1.3600 -0.3200 0.9826
1.3800 -0.3200 0.9970
1.4000 -0.3200 1.0110
1.4200 -0.3200 1.0110
1.4400 -0.3200 1.0200
1.4600 -0.3200 1.0154
1.4800 -0.3200 0.8884
1.5000 -0.3200 0.8262
1.5200 -0.3200 0.8252
1.5400 -0.3200 0.8332
1.5600 -0.3200 0.8310
1.5800 -0.3200 0.8360
1.6000 -0.3200 0.8340
1.6200 -0.3200 0.8390
1.6400 -0.3200 0.8350
1.6600 -0.3200 0.8518
1.6800 -0.3200 0.8632
1.7000 -0.3200 0.9990
1.7200 -0.3200 1.0298
1.7400 -0.3200 1.0250
1.7600 -0.3200 1.0238
1.7800 -0.3200 1.0220
1.8000 -0.3200 1.0220
1.8200 -0.3200 1.0220
1.8400 -0.3200 1.0220
1.8600 -0.3200 1.0110
1.8800 -0.3200 1.0140
1.9000 -0.3200 1.0128
1.9200 -0.3200 1.0140
1.9400 -0.3200 1.0220
1.9600 -0.3200 1.0250
1.9800 -0.3200 1.0310
2.0000 -0.3200 1.0310
2.0200 -0.3200 1.0280
2.0400 -0.3200 1.0250
2.0600 -0.3200 1.0220
2.0800 -0.3200 1.0220
2.1000 -0.3200 1.0200
2.1200 -0.3200 1.0250
2.1400 -0.3200 1.0268
2.1600 -0.3200 1.0310
2.1800 -0.3200 1.0340
2.2000 -0.3200 1.0200
2.2200 -0.3200 1.0110
2.2400 -0.3200 0.9970
2.2600 -0.3200 0.9970
2.2800 -0.3200 0.9826
2.3000 -0.3200 0.9790
2.3200 -0.3200 0.9826
2.3400 -0.3200 0.9850
2.3600 -0.3200 0.9916
2.3800 -0.3200 0.9868
2.4000 -0.3200 0.9982
2.4200 -0.3200 0.9958
2.4400 -0.3200 1.0020
2.4600 -0.3200 1.0080
2.4800 -0.3200 1.0220
2.5000 -0.3200 1.0200
2.5200 -0.3200 1.0250
2.5400 -0.3200 1.0280
2.5600 -0.3200 1.0298
2.5800 -0.3200 1.0298
2.6000 -0.3200 1.0298
2.6200 -0.3200 1.0250
2.6400 -0.3200 1.0250
2.6600 -0.3200 1.0250
2.6800 -0.3200 1.0328
2.7000 -0.3200 1.0220
2.7200 -0.3200 1.0238
2.7400 -0.3200 1.0238
2.7600 -0.3200 1.0212
2.7800 -0.3200 1.0128
2.8000 -0.3200 1.0110
2.8200 -0.3200 0.9982
2.8400 -0.3200 1.0008
2.8600 -0.3200 0.9990
2.8800 -0.3200 0.9970
2.9000 -0.3200 0.9958
2.9200 -0.3200 0.9958
2.9400 -0.3200 0.9868
2.9600 -0.3200 0.9688
2.9800 -0.3200 0.9568
3.0000 -0.3200 0.9568
3.0200 -0.3200 0.9580
3.0400 -0.3200 0.9736
3.0600 -0.3200 0.9850
3.0800 -0.3200 0.9880
3.1000 -0.3200 1.0068
3.1200 -0.3200 1.0188
3.1400 -0.3200 1.0220
3.1600 -0.3200 1.0250
3.1800 -0.3200 1.0310
3.2000 -0.3200 1.0140
3.2200 -0.3200 0.9904
3.2400 -0.3200 0.9916
3.2600 -0.3200 0.9658
3.2800 -0.3200 0.9420
3.3000 -0.3200 0.9224
3.3200 -0.3200 0.9240
3.3400 -0.3200 0.9098
3.3600 -0.3200 0.8968
3.3800 -0.3200 0.8722
3.4000 -0.3200 0.8750
3.4200 -0.3200 0.8822
3.4400 -0.3200 0.8868
3.4600 -0.3200 0.9028
3.4800 -0.3200 0.9098
3.5000 -0.3200 0.9098
3.5200 -0.3200 0.9170
3.5400 -0.3200 0.9170
3.5600 -0.3200 0.9360
3.5800 -0.3200 0.9360
3.6000 -0.3200 0.9580
3.6200 -0.3200 0.9736
3.6400 -0.3200 1.0056
3.6600 -0.3200 1.0038
3.6800 -0.3200 0.9990
3.7000 -0.3200 0.9880
3.7200 -0.3200 0.9982
3.7400 -0.3200 1.0000
3.7600 -0.3200 1.0110
3.7800 -0.3200 1.0038
3.8000 -0.3200 1.0110
3.8200 -0.3200 1.0110
3.8400 -0.3200 0.9982
3.8600 -0.3200 0.9868
3.8800 -0.3200 0.9640
3.9000 -0.3200 0.9616
3.9200 -0.3200 0.9568
3.9400 -0.3200 0.9450
3.9600 -0.3200 0.9550
3.9800 -0.3200 0.9568
4.0000 -0.3200 0.9526
4.0200 -0.3200 0.9616
4.0400 -0.3200 0.9640
4.0600 -0.3200 0.9616
4.0800 -0.3200 0.9778
4.1000 -0.3200 0.9916
4.1200 -0.3200 0.9916
4.1400 -0.3200 1.0020
4.1600 -0.3200 1.0008
4.1800 -0.3200 1.0038
4.2000 -0.3200 1.0110
4.2200 -0.3200 1.0140
4.2400 -0.3200 1.0140
4.2600 -0.3200 1.0038
4.2800 -0.3200 1.0038
4.3000 -0.3200 0.9826
4.3200 -0.3200 0.9850
4.3400 -0.3200 0.9760
4.3600 -0.3200 0.9736
4.3800 -0.3200 0.9580
4.4000 -0.3200 0.9616
4.4200 -0.3200 0.9474
4.4400 -0.3200 0.9360
4.4600 -0.3200 0.9300
4.4800 -0.3200 0.9270
4.5000 -0.3200 0.9240
4.5200 -0.3200 0.9224
4.5400 -0.3200 0.9240
4.5600 -0.3200 0.9224
4.5800 -0.3200 0.9240
4.6000 -0.3200 0.9158
4.6200 -0.3200 0.9158
4.6400 -0.3200 0.9128
4.6600 -0.3200 0.9140
4.6800 -0.3200 0.9288
4.7000 -0.3200 0.9408
4.7200 -0.3200 0.9420
4.7400 -0.3200 0.9850
4.7600 -0.3200 0.9850
4.7800 -0.3200 0.9790
4.8000 -0.3200 0.9378
4.8200 -0.3200 0.9378
4.8400 -0.3200 0.9200
4.8600 -0.3200 0.8850
4.8800 -0.3200 0.9028
4.9000 -0.3200 0.9028
4.9200 -0.3200 0.9474
4.9400 -0.3200 0.9658
4.9600 -0.3200 0.9778
4.9800 -0.3200 0.9790
5.0000 -0.3200 1.0110
5.0200 -0.3200 1.0220
5.0400 -0.3200 1.0220
5.0600 -0.3200 1.0220
5.0800 -0.3200 1.0110
5.1000 -0.3200 0.9940
5.1200 -0.3200 0.9640
5.1400 -0.3200 0.9640
5.1600 -0.3200 0.9658
5.1800 -0.3200 0.9880
5.2000 -0.3200 0.9940
5.2200 -0.3200 0.9940
5.2400 -0.3200 0.9390
5.2600 -0.3200 0.9188
0.0000 -0.3000 0.8680
0.0200 -0.3000 0.8680
0.0400 -0.3000 0.8680
0.0600 -0.3000 0.8610
0.0800 -0.3000 0.8610
0.1000 -0.3000 0.8610
0.1200 -0.3000 0.8650
0.1400 -0.3000 0.8780
0.1600 -0.3000 0.8980
0.1800 -0.3000 0.9270
0.2000 -0.3000 0.9270
0.2200 -0.3000 0.9330
0.2400 -0.3000 0.9360
0.2600 -0.3000 0.9420
0.2800 -0.3000 0.9420
0.3000 -0.3000 0.9300
0.3200 -0.3000 0.9330
0.3400 -0.3000 0.9300
0.3600 -0.3000 0.9300
0.3800 -0.3000 0.9270
0.4000 -0.3000 0.9300
0.4200 -0.3000 0.9330
0.4400 -0.3000 0.9330
0.4600 -0.3000 0.9270
0.4800 -0.3000 0.9170
0.5000 -0.3000 0.9010
0.5200 -0.3000 0.9010
0.5400 -0.3000 0.8880
0.5600 -0.3000 0.8850
0.5800 -0.3000 0.8850
0.6000 -0.3000 0.8880
0.6200 -0.3000 0.8880
0.6400 -0.3000 0.8950
0.6600 -0.3000 0.9010
0.6800 -0.3000 0.9010
0.7000 -0.3000 0.9040
0.7200 -0.3000 0.9110
0.7400 -0.3000 0.9300
0.7600 -0.3000 0.9300
0.7800 -0.3000 0.9390
0.8000 -0.3000 0.9970
0.8200 -0.3000 1.0050
0.8400 -0.3000 1.0170
0.8600 -0.3000 1.0170
0.8800 -0.3000 1.0200
0.9000 -0.3000 1.0140
0.9200 -0.3000 1.0050
0.9400 -0.3000 1.0050
0.9600 -0.3000 1.0020
0.9800 -0.3000 0.9970
1.0000 -0.3000 0.9790
1.0200 -0.3000 0.9790
1.0400 -0.3000 0.9670
1.0600 -0.3000 0.9640
1.0800 -0.3000 0.9580
1.1000 -0.3000 0.9580
1.1200 -0.3000 0.9580
1.1400 -0.3000 0.9490
1.1600 -0.3000 0.9580
1.1800 -0.3000 0.9580
1.2000 -0.3000 0.9580
1.2200 -0.3000 0.9640
1.2400 -0.3000 0.9550
1.2600 -0.3000 0.9580
1.2800 -0.3000 0.9550
1.3000 -0.3000 0.9760
1.3200 -0.3000 0.9790
1.3400 -0.3000 0.9760
1.3600 -0.3000 0.9940
1.3800 -0.3000 0.9990
1.4000 -0.3000 1.0110
1.4200 -0.3000 1.0110
1.4400 -0.3000 1.0200
1.4600 -0.3000 1.0060
1.4800 -0.3000 0.8470
1.5000 -0.3000 0.8260
1.5200 -0.3000 0.8260
1.5400 -0.3000 0.8390
1.5600 -0.3000 0.8390
1.5800 -0.3000 0.8360
1.6000 -0.3000 0.8360
1.6200 -0.3000 0.8390
1.6400 -0.3000 0.8350
1.6600 -0.3000 0.8340
1.6800 -0.3000 0.8370
1.7000 -0.3000 0.9540
1.7200 -0.3000 1.0340
1.7400 -0.3000 1.0280
1.7600 -0.3000 1.0250
1.7800 -0.3000 1.0200
1.8000 -0.3000 1.0200
1.8200 -0.3000 1.0220
1.8400 -0.3000 1.0220
1.8600 -0.3000 1.0170
1.8800 -0.3000 1.0200
1.9000 -0.3000 1.0200
1.9200 -0.3000 1.0200
1.9400 -0.3000 1.0280
1.9600 -0.3000 1.0340
1.9800 -0.3000 1.0360
2.0000 -0.3000 1.0340
2.0200 -0.3000 1.0340
2.0400 -0.3000 1.0280
2.0600 -0.3000 1.0250
2.0800 -0.3000 1.0250
2.1000 -0.3000 1.0220
2.1200 -0.3000 1.0310
2.1400 -0.3000 1.0340
2.1600 -0.3000 1.0310
2.1800 -0.3000 1.0340
2.2000 -0.3000 1.0220
2.2200 -0.3000 1.0140
2.2400 -0.3000 1.0050
2.2600 -0.3000 1.0110
2.2800 -0.3000 0.9970
2.3000 -0.3000 0.9970
2.3200 -0.3000 0.9940
2.3400 -0.3000 0.9940
2.3600 -0.3000 0.9970
2.3800 -0.3000 0.9940
2.4000 -0.3000 1.0020
2.4200 -0.3000 1.0020
2.4400 -0.3000 1.0080
2.4600 -0.3000 1.0110
2.4800 -0.3000 1.0250
2.5000 -0.3000 1.0220
2.5200 -0.3000 1.0340
2.5400 -0.3000 1.0360
2.5600 -0.3000 1.0390
2.5800 -0.3000 1.0390
2.6000 -0.3000 1.0360
2.6200 -0.3000 1.0340
2.6400 -0.3000 1.0390
2.6600 -0.3000 1.0360
2.6800 -0.3000 1.0390
2.7000 -0.3000 1.0340
2.7200 -0.3000 1.0360
2.7400 -0.3000 1.0360
2.7600 -0.3000 1.0280
2.7800 -0.3000 1.0200
2.8000 -0.3000 1.0200
2.8200 -0.3000 1.0110
2.8400 -0.3000 1.0110
2.8600 -0.3000 1.0110
2.8800 -0.3000 1.0080
2.9000 -0.3000 1.0050
2.9200 -0.3000 1.0020
2.9400 -0.3000 0.9970
2.9600 -0.3000 0.9850
2.9800 -0.3000 0.9670
3.0000 -0.3000 0.9670
3.0200 -0.3000 0.9670
3.0400 -0.3000 0.9880
3.0600 -0.3000 0.9990
3.0800 -0.3000 0.9990
3.1000 -0.3000 1.0140
3.1200 -0.3000 1.0220
3.1400 -0.3000 1.0250
3.1600 -0.3000 1.0280
3.1800 -0.3000 1.0390
3.2000 -0.3000 1.0170
3.2200 -0.3000 1.0020
3.2400 -0.3000 0.9990
3.2600 -0.3000 0.9790
3.2800 -0.3000 0.9580
3.3000 -0.3000 0.9300
3.3200 -0.3000 0.9300
3.3400 -0.3000 0.9240
3.3600 -0.3000 0.9140
3.3800 -0.3000 0.9010
3.4000 -0.3000 0.9010
3.4200 -0.3000 0.9040
3.4400 -0.3000 0.9080
3.4600 -0.3000 0.9140
3.4800 -0.3000 0.9200
3.5000 -0.3000 0.9200
3.5200 -0.3000 0.9240
3.5400 -0.3000 0.9270
3.5600 -0.3000 0.9450
3.5800 -0.3000 0.9450
3.6000 -0.3000 0.9640
3.6200 -0.3000 0.9790
3.6400 -0.3000 1.0110
3.6600 -0.3000 1.0110
3.6800 -0.3000 1.0020
3.7000 -0.3000 0.9990
3.7200 -0.3000 1.0020
3.7400 -0.3000 1.0050
3.7600 -0.3000 1.0140
3.7800 -0.3000 1.0110
3.8000 -0.3000 1.0140
3.8200 -0.3000 1.0140
3.8400 -0.3000 1.0080
3.8600 -0.3000 0.9990
3.8800 -0.3000 0.9850
3.9000 -0.3000 0.9850
3.9200 -0.3000 0.9790
3.9400 -0.3000 0.9640
3.9600 -0.3000 0.9670
3.9800 -0.3000 0.9670
4.0000 -0.3000 0.9670
4.0200 -0.3000 0.9790
4.0400 -0.3000 0.9790
4.0600 -0.3000 0.9850
4.0800 -0.3000 0.9880
4.1000 -0.3000 0.9990
4.1200 -0.3000 0.9990
4.1400 -0.3000 1.0110
4.1600 -0.3000 1.0080
4.1800 -0.3000 1.0080
4.2000 -0.3000 1.0110
4.2200 -0.3000 1.0140
4.2400 -0.3000 1.0140
4.2600 -0.3000 1.0110
4.2800 -0.3000 1.0110
4.3000 -0.3000 1.0020
4.3200 -0.3000 1.0020
4.3400 -0.3000 0.9880
4.3600 -0.3000 0.9880
4.3800 -0.3000 0.9700
4.4000 -0.3000 0.9700
4.4200 -0.3000 0.9640
4.4400 -0.3000 0.9490
4.4600 -0.3000 0.9450
4.4800 -0.3000 0.9420
4.5000 -0.3000 0.9360
4.5200 -0.3000 0.9360
4.5400 -0.3000 0.9330
4.5600 -0.3000 0.9330
4.5800 -0.3000 0.9330
4.6000 -0.3000 0.9270
4.6200 -0.3000 0.9270
4.6400 -0.3000 0.9270
4.6600 -0.3000 0.9270
4.6800 -0.3000 0.9450
4.7000 -0.3000 0.9640
4.7200 -0.3000 0.9640
4.7400 -0.3000 0.9970
4.7600 -0.3000 0.9970
4.7800 -0.3000 0.9880
4.8000 -0.3000 0.9490
4.8200 -0.3000 0.9490
4.8400 -0.3000 0.9300
4.8600 -0.3000 0.8980
4.8800 -0.3000 0.9140
4.9000 -0.3000 0.9140
4.9200 -0.3000 0.9640
4.9400 -0.3000 0.9790
4.9600 -0.3000 0.9970
4.9800 -0.3000 0.9990
5.0000 -0.3000 1.0110
5.0200 -0.3000 1.0250
5.0400 -0.3000 1.0250
5.0600 -0.3000 1.0250
5.0800 -0.3000 1.0140
5.1000 -0.3000 0.9990
5.1200 -0.3000 0.9760
5.1400 -0.3000 0.9760
5.1600 -0.3000 0.9700
5.1800 -0.3000 0.9880
5.2000 -0.3000 0.9990
5.2200 -0.3000 0.9940
5.2400 -0.3000 0.9580
5.2600 -0.3000 0.9300
0.0000 -0.2800 0.8862
0.0200 -0.2800 0.8862
0.0400 -0.2800 0.8862
0.0600 -0.2800 0.8762
0.0800 -0.2800 0.8808
0.1000 -0.2800 0.8850
0.1200 -0.2800 0.8780
0.1400 -0.2800 0.8992
0.1600 -0.2800 0.9182
0.1800 -0.2800 0.9466
0.2000 -0.2800 0.9450
0.2200 -0.2800 0.9514
0.2400 -0.2800 0.9490
0.2600 -0.2800 0.9580
0.2800 -0.2800 0.9562
0.3000 -0.2800 0.9490
0.3200 -0.2800 0.9490
0.3400 -0.2800 0.9562
0.3600 -0.2800 0.9526
0.3800 -0.2800 0.9466
0.4000 -0.2800 0.9450
0.4200 -0.2800 0.9432
0.4400 -0.2800 0.9420
0.4600 -0.2800 0.9432
0.4800 -0.2800 0.9252
0.5000 -0.2800 0.9152
0.5200 -0.2800 0.9152
0.5400 -0.2800 0.9092
0.5600 -0.2800 0.9010
0.5800 -0.2800 0.9104
0.6000 -0.2800 0.9122
0.6200 -0.2800 0.9122
0.6400 -0.2800 0.9152
0.6600 -0.2800 0.9182
0.6800 -0.2800 0.9182
0.7000 -0.2800 0.9182
0.7200 -0.2800 0.9252
0.7400 -0.2800 0.9420
0.7600 -0.2800 0.9402
0.7800 -0.2800 0.9550
0.8000 -0.2800 0.9990
0.8200 -0.2800 1.0092
0.8400 -0.2800 1.0250
0.8600 -0.2800 1.0250
0.8800 -0.2800 1.0280
0.9000 -0.2800 1.0220
0.9200 -0.2800 1.0110
0.9400 -0.2800 1.0110
0.9600 -0.2800 1.0080
0.9800 -0.2800 1.0020
1.0000 -0.2800 0.9958
1.0200 -0.2800 0.9940
1.0400 -0.2800 0.9814
1.0600 -0.2800 0.9700
1.0800 -0.2800 0.9550
1.1000 -0.2800 0.9580
1.1200 -0.2800 0.9640
1.1400 -0.2800 0.9580
1.1600 -0.2800 0.9640
1.1800 -0.2800 0.9640
1.2000 -0.2800 0.9640
1.2200 -0.2800 0.9640
1.2400 -0.2800 0.9580
1.2600 -0.2800 0.9604
1.2800 -0.2800 0.9580
1.3000 -0.2800 0.9772
1.3200 -0.2800 0.9850
1.3400 -0.2800 0.9850
1.3600 -0.2800 0.9940
1.3800 -0.2800 1.0032
1.4000 -0.2800 1.0080
1.4200 -0.2800 1.0080
1.4400 -0.2800 1.0200
1.4600 -0.2800 0.9824
1.4800 -0.2800 0.8314
1.5000 -0.2800 0.8280
1.5200 -0.2800 0.8250
1.5400 -0.2800 0.8360
1.5600 -0.2800 0.8420
1.5800 -0.2800 0.8402
1.6000 -0.2800 0.8390
1.6200 -0.2800 0.8390
1.6400 -0.2800 0.8360
1.6600 -0.2800 0.8358
1.6800 -0.2800 0.8370
1.7000 -0.2800 0.8998
1.7200 -0.2800 1.0256
1.7400 -0.2800 1.0322
1.7600 -0.2800 1.0292
1.7800 -0.2800 1.0200
1.8000 -0.2800 1.0200
1.8200 -0.2800 1.0220
1.8400 -0.2800 1.0220
1.8600 -0.2800 1.0140
1.8800 -0.2800 1.0170
1.9000 -0.2800 1.0220
1.9200 -0.2800 1.0220
1.9400 -0.2800 1.0280
1.9600 -0.2800 1.0340
1.9800 -0.2800 1.0360
2.0000 -0.2800 1.0348
2.0200 -0.2800 1.0310
2.0400 -0.2800 1.0280
2.0600 -0.2800 1.0250
2.0800 -0.2800 1.0250
2.1000 -0.2800 1.0250
2.1200 -0.2800 1.0310
2.1400 -0.2800 1.0360
2.1600 -0.2800 1.0310
2.1800 -0.2800 1.0310
2.2000 -0.2800 1.0250
2.2200 -0.2800 1.0200
2.2400 -0.2800 1.0110
2.2600 -0.2800 1.0110
2.2800 -0.2800 1.0050
2.3000 -0.2800 1.0008
2.3200 -0.2800 1.0002
2.3400 -0.2800 1.0020
2.3600 -0.2800 1.0032
2.3800 -0.2800 1.0020
2.4000 -0.2800 1.0062
2.4200 -0.2800 1.0050
2.4400 -0.2800 1.0122
2.4600 -0.2800 1.0170
2.4800 -0.2800 1.0292
2.5000 -0.2800 1.0262
2.5200 -0.2800 1.0372
2.5400 -0.2800 1.0390
2.5600 -0.2800 1.0500
2.5800 -0.2800 1.0482
2.6000 -0.2800 1.0482
2.6200 -0.2800 1.0482
2.6400 -0.2800 1.0568
2.6600 -0.2800 1.0524
2.6800 -0.2800 1.0420
2.7000 -0.2800 1.0378
2.7200 -0.2800 1.0420
2.7400 -0.2800 1.0420
2.7600 -0.2800 1.0390
2.7800 -0.2800 1.0360
2.8000 -0.2800 1.0292
2.8200 -0.2800 1.0200
2.8400 -0.2800 1.0200
2.8600 -0.2800 1.0170
2.8800 -0.2800 1.0152
2.9000 -0.2800 1.0140
2.9200 -0.2800 1.0122
2.9400 -0.2800 1.0110
2.9600 -0.2800 0.9940
2.9800 -0.2800 0.9814
3.0000 -0.2800 0.9790
3.0200 -0.2800 0.9790
3.0400 -0.2800 0.9978
3.0600 -0.2800 1.0020
3.0800 -0.2800 1.0050
3.1000 -0.2800 1.0152
3.1200 -0.2800 1.0292
3.1400 -0.2800 1.0328
3.1600 -0.2800 1.0328
3.1800 -0.2800 1.0420
3.2000 -0.2800 1.0220
3.2200 -0.2800 1.0020
3.2400 -0.2800 1.0020
3.2600 -0.2800 0.9940
3.2800 -0.2800 0.9772
3.3000 -0.2800 0.9450
3.3200 -0.2800 0.9466
3.3400 -0.2800 0.9372
3.3600 -0.2800 0.9216
3.3800 -0.2800 0.9216
3.4000 -0.2800 0.9216
3.4200 -0.2800 0.9200
3.4400 -0.2800 0.9216
3.4600 -0.2800 0.9282
3.4800 -0.2800 0.9300
3.5000 -0.2800 0.9282
3.5200 -0.2800 0.9312
3.5400 -0.2800 0.9360
3.5600 -0.2800 0.9490
3.5800 -0.2800 0.9490
3.6000 -0.2800 0.9580
3.6200 -0.2800 0.9790
3.6400 -0.2800 1.0140
3.6600 -0.2800 1.0122
3.6800 -0.2800 1.0050
3.7000 -0.2800 1.0050
3.7200 -0.2800 0.9978
3.7400 -0.2800 1.0020
3.7600 -0.2800 1.0170
3.7800 -0.2800 1.0140
3.8000 -0.2800 1.0140
3.8200 -0.2800 1.0110
3.8400 -0.2800 1.0092
3.8600 -0.2800 0.9940
3.8800 -0.2800 0.9940
3.9000 -0.2800 0.9940
3.9200 -0.2800 0.9814
3.9400 -0.2800 0.9790
3.9600 -0.2800 0.9814
3.9800 -0.2800 0.9790
4.0000 -0.2800 0.9760
4.0200 -0.2800 0.9904
4.0400 -0.2800 0.9952
4.0600 -0.2800 0.9940
4.0800 -0.2800 0.9978
4.1000 -0.2800 1.0050
4.1200 -0.2800 1.0062
4.1400 -0.2800 1.0110
4.1600 -0.2800 1.0110
4.1800 -0.2800 1.0080
4.2000 -0.2800 1.0110
4.2200 -0.2800 1.0110
4.2400 -0.2800 1.0110
4.2600 -0.2800 1.0080
4.2800 -0.2800 1.0068
4.3000 -0.2800 1.0020
4.3200 -0.2800 1.0002
4.3400 -0.2800 0.9990
4.3600 -0.2800 0.9880
4.3800 -0.2800 0.9736
4.4000 -0.2800 0.9760
4.4200 -0.2800 0.9760
4.4400 -0.2800 0.9640
4.4600 -0.2800 0.9640
4.4800 -0.2800 0.9580
4.5000 -0.2800 0.9490
4.5200 -0.2800 0.9466
4.5400 -0.2800 0.9432
4.5600 -0.2800 0.9432
4.5800 -0.2800 0.9514
4.6000 -0.2800 0.9466
4.6200 -0.2800 0.9432
4.6400 -0.2800 0.9402
4.6600 -0.2800 0.9432
4.6800 -0.2800 0.9670
4.7000 -0.2800 0.9724
4.7200 -0.2800 0.9700
4.7400 -0.2800 0.9940
4.7600 -0.2800 0.9940
4.7800 -0.2800 0.9916
4.8000 -0.2800 0.9562
4.8200 -0.2800 0.9562
4.8400 -0.2800 0.9466
4.8600 -0.2800 0.9152
4.8800 -0.2800 0.9252
4.9000 -0.2800 0.9252
4.9200 -0.2800 0.9640
4.9400 -0.2800 0.9850
4.9600 -0.2800 0.9990
4.9800 -0.2800 1.0002
5.0000 -0.2800 1.0140
5.0200 -0.2800 1.0280
5.0400 -0.2800 1.0280
5.0600 -0.2800 1.0280
5.0800 -0.2800 1.0170
5.1000 -0.2800 0.9990
5.1200 -0.2800 0.9880
5.1400 -0.2800 0.9880
5.1600 -0.2800 0.9760
5.1800 -0.2800 0.9940
5.2000 -0.2800 1.0032
5.2200 -0.2800 1.0002
5.2400 -0.2800 0.9700
5.2600 -0.2800 0.9514
0.0000 -0.2600 0.9164
0.0200 -0.2600 0.9140
0.0400 -0.2600 0.9140
0.0600 -0.2600 0.9096
0.0800 -0.2600 0.9066
0.1000 -0.2600 0.9072
0.1200 -0.2600 0.9072
0.1400 -0.2600 0.9170
0.1600 -0.2600 0.9324
0.1800 -0.2600 0.9628
0.2000 -0.2600 0.9574
0.2200 -0.2600 0.9700
0.2400 -0.2600 0.9640
0.2600 -0.2600 0.9694
0.2800 -0.2600 0.9670
0.3000 -0.2600 0.9592
0.3200 -0.2600 0.9640
0.3400 -0.2600 0.9640
0.3600 -0.2600 0.9640
0.3800 -0.2600 0.9640
0.4000 -0.2600 0.9628
0.4200 -0.2600 0.9670
0.4400 -0.2600 0.9664
0.4600 -0.2600 0.9694
0.4800 -0.2600 0.9470
0.5000 -0.2600 0.9270
0.5200 -0.2600 0.9294
0.5400 -0.2600 0.9264
0.5600 -0.2600 0.9170
0.5800 -0.2600 0.9232
0.6000 -0.2600 0.9240
0.6200 -0.2600 0.9264
0.6400 -0.2600 0.9294
0.6600 -0.2600 0.9300
0.6800 -0.2600 0.9300
0.7000 -0.2600 0.9300
0.7200 -0.2600 0.9384
0.7400 -0.2600 0.9664
0.7600 -0.2600 0.9580
0.7800 -0.2600 0.9640
0.8000 -0.2600 1.0020
0.8200 -0.2600 1.0110
0.8400 -0.2600 1.0226
0.8600 -0.2600 1.0220
0.8800 -0.2600 1.0256
0.9000 -0.2600 1.0220
0.9200 -0.2600 1.0134
0.9400 -0.2600 1.0110
0.9600 -0.2600 1.0140
0.9800 -0.2600 1.0050
1.0000 -0.2600 0.9970
1.0200 -0.2600 0.9940
1.0400 -0.2600 0.9964
1.0600 -0.2600 0.9838
1.0800 -0.2600 0.9640
1.1000 -0.2600 0.9640
1.1200 -0.2600 0.9580
1.1400 -0.2600 0.9580
1.1600 -0.2600 0.9640
1.1800 -0.2600 0.9640
1.2000 -0.2600 0.9670
1.2200 -0.2600 0.9670
1.2400 -0.2600 0.9640
1.2600 -0.2600 0.9670
1.2800 -0.2600 0.9640
1.3000 -0.2600 0.9850
1.3200 -0.2600 0.9880
1.3400 -0.2600 0.9880
1.3600 -0.2600 0.9970
1.3800 -0.2600 1.0050
1.4000 -0.2600 1.0104
1.4200 -0.2600 1.0104
1.4400 -0.2600 1.0200
1.4600 -0.2600 0.9528
1.4800 -0.2600 0.8250
1.5000 -0.2600 0.8250
1.5200 -0.2600 0.8250
1.5400 -0.2600 0.8390
1.5600 -0.2600 0.8360
1.5800 -0.2600 0.8396
1.6000 -0.2600 0.8420
1.6200 -0.2600 0.8420
1.6400 -0.2600 0.8390
1.6600 -0.2600 0.8400
1.6800 -0.2600 0.8400
1.7000 -0.2600 0.8558
1.7200 -0.2600 1.0070
1.7400 -0.2600 1.0340
1.7600 -0.2600 1.0340
1.7800 -0.2600 1.0200
1.8000 -0.2600 1.0220
1.8200 -0.2600 1.0244
1.8400 -0.2600 1.0220
1.8600 -0.2600 1.0140
1.8800 -0.2600 1.0170
1.9000 -0.2600 1.0200
1.9200 -0.2600 1.0220
1.9400 -0.2600 1.0250
1.9600 -0.2600 1.0310
1.9800 -0.2600 1.0360
2.0000 -0.2600 1.0360
2.0200 -0.2600 1.0334
2.0400 -0.2600 1.0340
2.0600 -0.2600 1.0304
2.0800 -0.2600 1.0310
2.1000 -0.2600 1.0280
2.1200 -0.2600 1.0310
2.1400 -0.2600 1.0340
2.1600 -0.2600 1.0356
2.1800 -0.2600 1.0340
2.2000 -0.2600 1.0250
2.2200 -0.2600 1.0220
2.2400 -0.2600 1.0140
2.2600 -0.2600 1.0140
2.2800 -0.2600 1.0110
2.3000 -0.2600 1.0050
2.3200 -0.2600 1.0080
2.3400 -0.2600 1.0086
2.3600 -0.2600 1.0110
2.3800 -0.2600 1.0080
2.4000 -0.2600 1.0110
2.4200 -0.2600 1.0104
2.4400 -0.2600 1.0140
2.4600 -0.2600 1.0200
2.4800 -0.2600 1.0280
2.5000 -0.2600 1.0280
2.5200 -0.2600 1.0390
2.5400 -0.2600 1.0494
2.5600 -0.2600 1.0576
2.5800 -0.2600 1.0548
2.6000 -0.2600 1.0560
2.6200 -0.2600 1.0576
2.6400 -0.2600 1.0610
2.6600 -0.2600 1.0580
2.6800 -0.2600 1.0500
2.7000 -0.2600 1.0420
2.7200 -0.2600 1.0576
2.7400 -0.2600 1.0576
2.7600 -0.2600 1.0548
2.7800 -0.2600 1.0548
2.8000 -0.2600 1.0414
2.8200 -0.2600 1.0250
2.8400 -0.2600 1.0220
2.8600 -0.2600 1.0216
2.8800 -0.2600 1.0244
2.9000 -0.2600 1.0200
2.9200 -0.2600 1.0200
2.9400 -0.2600 1.0194
2.9600 -0.2600 1.0044
2.9800 -0.2600 0.9970
3.0000 -0.2600 0.9940
3.0200 -0.2600 0.9880
3.0400 -0.2600 0.9990
3.0600 -0.2600 1.0074
3.0800 -0.2600 1.0110
3.1000 -0.2600 1.0220
3.1200 -0.2600 1.0340
3.1400 -0.2600 1.0340
3.1600 -0.2600 1.0340
3.1800 -0.2600 1.0390
3.2000 -0.2600 1.0244
3.2200 -0.2600 1.0020
3.2400 -0.2600 1.0026
3.2600 -0.2600 0.9970
3.2800 -0.2600 0.9790
3.3000 -0.2600 0.9580
3.3200 -0.2600 0.9640
3.3400 -0.2600 0.9550
3.3600 -0.2600 0.9300
3.3800 -0.2600 0.9300
3.4000 -0.2600 0.9324
3.4200 -0.2600 0.9270
3.4400 -0.2600 0.9300
3.4600 -0.2600 0.9414
3.4800 -0.2600 0.9420
3.5000 -0.2600 0.9414
3.5200 -0.2600 0.9414
3.5400 -0.2600 0.9390
3.5600 -0.2600 0.9550
3.5800 -0.2600 0.9556
3.6000 -0.2600 0.9694
3.6200 -0.2600 0.9880
3.6400 -0.2600 1.0140
3.6600 -0.2600 1.0140
3.6800 -0.2600 1.0080
3.7000 -0.2600 1.0110
3.7200 -0.2600 1.0074
3.7400 -0.2600 1.0110
3.7600 -0.2600 1.0170
3.7800 -0.2600 1.0140
3.8000 -0.2600 1.0116
3.8200 -0.2600 1.0110
3.8400 -0.2600 1.0110
3.8600 -0.2600 0.9990
3.8800 -0.2600 0.9970
3.9000 -0.2600 0.9940
3.9200 -0.2600 0.9928
3.9400 -0.2600 0.9880
3.9600 -0.2600 0.9928
3.9800 -0.2600 0.9892
4.0000 -0.2600 0.9850
4.0200 -0.2600 0.9946
4.0400 -0.2600 0.9970
4.0600 -0.2600 0.9986
4.0800 -0.2600 0.9996
4.1000 -0.2600 1.0056
4.1200 -0.2600 1.0110
4.1400 -0.2600 1.0140
4.1600 -0.2600 1.0110
4.1800 -0.2600 1.0134
4.2000 -0.2600 1.0134
4.2200 -0.2600 1.0110
4.2400 -0.2600 1.0110
4.2600 -0.2600 1.0080
4.2800 -0.2600 1.0020
4.3000 -0.2600 1.0050
4.3200 -0.2600 1.0026
4.3400 -0.2600 0.9990
4.3600 -0.2600 0.9880
4.3800 -0.2600 0.9748
4.4000 -0.2600 0.9700
4.4200 -0.2600 0.9676
4.4400 -0.2600 0.9580
4.4600 -0.2600 0.9592
4.4800 -0.2600 0.9640
4.5000 -0.2600 0.9580
4.5200 -0.2600 0.9640
4.5400 -0.2600 0.9538
4.5600 -0.2600 0.9538
4.5800 -0.2600 0.9592
4.6000 -0.2600 0.9580
4.6200 -0.2600 0.9550
4.6400 -0.2600 0.9550
4.6600 -0.2600 0.9640
4.6800 -0.2600 0.9760
4.7000 -0.2600 0.9790
4.7200 -0.2600 0.9766
4.7400 -0.2600 0.9970
4.7600 -0.2600 0.9940
4.7800 -0.2600 0.9928
4.8000 -0.2600 0.9670
4.8200 -0.2600 0.9670
4.8400 -0.2600 0.9580
4.8600 -0.2600 0.9264
4.8800 -0.2600 0.9300
4.9000 -0.2600 0.9300
4.9200 -0.2600 0.9640
4.9400 -0.2600 0.9850
4.9600 -0.2600 1.0020
4.9800 -0.2600 1.0026
5.0000 -0.2600 1.0140
5.0200 -0.2600 1.0280
5.0400 -0.2600 1.0340
5.0600 -0.2600 1.0340
5.0800 -0.2600 1.0220
5.1000 -0.2600 1.0050
5.1200 -0.2600 0.9880
5.1400 -0.2600 0.9856
5.1600 -0.2600 0.9766
5.1800 -0.2600 1.0020
5.2000 -0.2600 1.0134
5.2200 -0.2600 1.0134
5.2400 -0.2600 0.9784
5.2600 -0.2600 0.9580
0.0000 -0.2400 0.9276
0.0200 -0.2400 0.9276
0.0400 -0.2400 0.9282
0.0600 -0.2400 0.9252
0.0800 -0.2400 0.9270
0.1000 -0.2400 0.9270
0.1200 -0.2400 0.9276
0.1400 -0.2400 0.9366
0.1600 -0.2400 0.9458
0.1800 -0.2400 0.9700
0.2000 -0.2400 0.9700
0.2200 -0.2400 0.9700
0.2400 -0.2400 0.9670
0.2600 -0.2400 0.9664
0.2800 -0.2400 0.9664
0.3000 -0.2400 0.9640
0.3200 -0.2400 0.9676
0.3400 -0.2400 0.9766
0.3600 -0.2400 0.9766
0.3800 -0.2400 0.9712
0.4000 -0.2400 0.9712
0.4200 -0.2400 0.9790
0.4400 -0.2400 0.9790
0.4600 -0.2400 0.9700
0.4800 -0.2400 0.9640
0.5000 -0.2400 0.9490
0.5200 -0.2400 0.9458
0.5400 -0.2400 0.9396
0.5600 -0.2400 0.9366
0.5800 -0.2400 0.9426
0.6000 -0.2400 0.9426
0.6200 -0.2400 0.9390
0.6400 -0.2400 0.9426
0.6600 -0.2400 0.9450
0.6800 -0.2400 0.9450
0.7000 -0.2400 0.9550
0.7200 -0.2400 0.9592
0.7400 -0.2400 0.9766
0.7600 -0.2400 0.9712
0.7800 -0.2400 0.9676
0.8000 -0.2400 0.9986
0.8200 -0.2400 1.0110
0.8400 -0.2400 1.0216
0.8600 -0.2400 1.0200
0.8800 -0.2400 1.0220
0.9000 -0.2400 1.0250
0.9200 -0.2400 1.0110
0.9400 -0.2400 1.0110
0.9600 -0.2400 1.0170
0.9800 -0.2400 1.0080
1.0000 -0.2400 0.9996
1.0200 -0.2400 0.9990
1.0400 -0.2400 1.0020
1.0600 -0.2400 0.9940
1.0800 -0.2400 0.9712
1.1000 -0.2400 0.9676
1.1200 -0.2400 0.9676
1.1400 -0.2400 0.9640
1.1600 -0.2400 0.9670
1.1800 -0.2400 0.9676
1.2000 -0.2400 0.9712
1.2200 -0.2400 0.9712
1.2400 -0.2400 0.9700
1.2600 -0.2400 0.9760
1.2800 -0.2400 0.9700
1.3000 -0.2400 0.9850
1.3200 -0.2400 0.9856
1.3400 -0.2400 0.9856
1.3600 -0.2400 0.9970
1.3800 -0.2400 1.0050
1.4000 -0.2400 1.0140
1.4200 -0.2400 1.0140
1.4400 -0.2400 1.0220
1.4600 -0.2400 0.9232
1.4800 -0.2400 0.8230
1.5000 -0.2400 0.8250
1.5200 -0.2400 0.8250
1.5400 -0.2400 0.8414
1.5600 -0.2400 0.8340
1.5800 -0.2400 0.8360
1.6000 -0.2400 0.8360
1.6200 -0.2400 0.8390
1.6400 -0.2400 0.8390
1.6600 -0.2400 0.8390
1.6800 -0.2400 0.8390
1.7000 -0.2400 0.8406
1.7200 -0.2400 0.9624
1.7400 -0.2400 1.0310
1.7600 -0.2400 1.0316
1.7800 -0.2400 1.0262
1.8000 -0.2400 1.0316
1.8200 -0.2400 1.0286
1.8400 -0.2400 1.0256
1.8600 -0.2400 1.0226
1.8800 -0.2400 1.0220
1.9000 -0.2400 1.0220
1.9200 -0.2400 1.0220
1.9400 -0.2400 1.0286
1.9600 -0.2400 1.0316
1.9800 -0.2400 1.0366
2.0000 -0.2400 1.0366
2.0200 -0.2400 1.0360
2.0400 -0.2400 1.0360
2.0600 -0.2400 1.0366
2.0800 -0.2400 1.0366
2.1000 -0.2400 1.0340
2.1200 -0.2400 1.0310
2.1400 -0.2400 1.0390
2.1600 -0.2400 1.0430
2.1800 -0.2400 1.0396
2.2000 -0.2400 1.0340
2.2200 -0.2400 1.0250
2.2400 -0.2400 1.0220
2.2600 -0.2400 1.0204
2.2800 -0.2400 1.0056
2.3000 -0.2400 1.0110
2.3200 -0.2400 1.0080
2.3400 -0.2400 1.0086
2.3600 -0.2400 1.0110
2.3800 -0.2400 1.0050
2.4000 -0.2400 1.0110
2.4200 -0.2400 1.0110
2.4400 -0.2400 1.0140
2.4600 -0.2400 1.0220
2.4800 -0.2400 1.0310
2.5000 -0.2400 1.0340
2.5200 -0.2400 1.0476
2.5400 -0.2400 1.0620
2.5600 -0.2400 1.0702
2.5800 -0.2400 1.0666
2.6000 -0.2400 1.0660
2.6200 -0.2400 1.0666
2.6400 -0.2400 1.0666
2.6600 -0.2400 1.0620
2.6800 -0.2400 1.0586
2.7000 -0.2400 1.0560
2.7200 -0.2400 1.0610
2.7400 -0.2400 1.0660
2.7600 -0.2400 1.0586
2.7800 -0.2400 1.0580
2.8000 -0.2400 1.0476
2.8200 -0.2400 1.0344
2.8400 -0.2400 1.0316
2.8600 -0.2400 1.0280
2.8800 -0.2400 1.0310
2.9000 -0.2400 1.0220
2.9200 -0.2400 1.0226
2.9400 -0.2400 1.0220
2.9600 -0.2400 1.0146
2.9800 -0.2400 1.0116
3.0000 -0.2400 1.0110
3.0200 -0.2400 0.9940
3.0400 -0.2400 1.0026
3.0600 -0.2400 1.0200
3.0800 -0.2400 1.0200
3.1000 -0.2400 1.0256
3.1200 -0.2400 1.0366
3.1400 -0.2400 1.0390
3.1600 -0.2400 1.0390
3.1800 -0.2400 1.0430
3.2000 -0.2400 1.0244
3.2200 -0.2400 0.9940
3.2400 -0.2400 0.9940
3.2600 -0.2400 0.9850
3.2800 -0.2400 0.9700
3.3000 -0.2400 0.9628
3.3200 -0.2400 0.9640
3.3400 -0.2400 0.9580
3.3600 -0.2400 0.9458
3.3800 -0.2400 0.9420
3.4000 -0.2400 0.9420
3.4200 -0.2400 0.9336
3.4400 -0.2400 0.9396
3.4600 -0.2400 0.9490
3.4800 -0.2400 0.9538
3.5000 -0.2400 0.9490
3.5200 -0.2400 0.9450
3.5400 -0.2400 0.9426
3.5600 -0.2400 0.9580
3.5800 -0.2400 0.9580
3.6000 -0.2400 0.9850
3.6200 -0.2400 0.9940
3.6400 -0.2400 1.0110
3.6600 -0.2400 1.0110
3.6800 -0.2400 1.0110
3.7000 -0.2400 1.0110
3.7200 -0.2400 1.0110
3.7400 -0.2400 1.0140
3.7600 -0.2400 1.0170
3.7800 -0.2400 1.0140
3.8000 -0.2400 1.0140
3.8200 -0.2400 1.0110
3.8400 -0.2400 1.0044
3.8600 -0.2400 0.9970
3.8800 -0.2400 0.9940
3.9000 -0.2400 0.9940
3.9200 -0.2400 0.9946
3.9400 -0.2400 0.9880
3.9600 -0.2400 0.9874
3.9800 -0.2400 0.9874
4.0000 -0.2400 0.9850
4.0200 -0.2400 0.9880
4.0400 -0.2400 0.9946
4.0600 -0.2400 0.9940
4.0800 -0.2400 0.9990
4.1000 -0.2400 1.0050
4.1200 -0.2400 1.0110
4.1400 -0.2400 1.0200
4.1600 -0.2400 1.0176
4.1800 -0.2400 1.0200
4.2000 -0.2400 1.0204
4.2200 -0.2400 1.0146
4.2400 -0.2400 1.0140
4.2600 -0.2400 1.0050
4.2800 -0.2400 1.0050
4.3000 -0.2400 1.0020
4.3200 -0.2400 1.0020
4.3400 -0.2400 0.9970
4.3600 -0.2400 0.9970
4.3800 -0.2400 0.9790
4.4000 -0.2400 0.9766
4.4200 -0.2400 0.9670
4.4400 -0.2400 0.9592
4.4600 -0.2400 0.9580
4.4800 -0.2400 0.9580
4.5000 -0.2400 0.9580
4.5200 -0.2400 0.9664
4.5400 -0.2400 0.9640
4.5600 -0.2400 0.9640
4.5800 -0.2400 0.9592
4.6000 -0.2400 0.9580
4.6200 -0.2400 0.9580
4.6400 -0.2400 0.9580
4.6600 -0.2400 0.9670
4.6800 -0.2400 0.9760
4.7000 -0.2400 0.9760
4.7200 -0.2400 0.9700
4.7400 -0.2400 1.0056
4.7600 -0.2400 1.0086
4.7800 -0.2400 1.0086
4.8000 -0.2400 0.9700
4.8200 -0.2400 0.9700
4.8400 -0.2400 0.9580
4.8600 -0.2400 0.9276
4.8800 -0.2400 0.9360
4.9000 -0.2400 0.9360
4.9200 -0.2400 0.9670
4.9400 -0.2400 0.9802
4.9600 -0.2400 0.9996
4.9800 -0.2400 0.9990
5.0000 -0.2400 1.0170
5.0200 -0.2400 1.0316
5.0400 -0.2400 1.0366
5.0600 -0.2400 1.0366
5.0800 -0.2400 1.0256
5.1000 -0.2400 1.0116
5.1200 -0.2400 0.9970
5.1400 -0.2400 0.9940
5.1600 -0.2400 0.9850
5.1800 -0.2400 1.0110
5.2000 -0.2400 1.0200
5.2200 -0.2400 1.0170
5.2400 -0.2400 0.9850
5.2600 -0.2400 0.9670
0.0000 -0.2200 0.9378
0.0200 -0.2200 0.9378
0.0400 -0.2200 0.9420
0.0600 -0.2200 0.9360
0.0800 -0.2200 0.9348
0.1000 -0.2200 0.9378
0.1200 -0.2200 0.9390
0.1400 -0.2200 0.9490
0.1600 -0.2200 0.9580
0.1800 -0.2200 0.9700
0.2000 -0.2200 0.9700
0.2200 -0.2200 0.9700
0.2400 -0.2200 0.9640
0.2600 -0.2200 0.9640
0.2800 -0.2200 0.9640
0.3000 -0.2200 0.9658
0.3200 -0.2200 0.9760
0.3400 -0.2200 0.9850
0.3600 -0.2200 0.9850
0.3800 -0.2200 0.9700
0.4000 -0.2200 0.9778
0.4200 -0.2200 0.9772
0.4400 -0.2200 0.9772
0.4600 -0.2200 0.9640
0.4800 -0.2200 0.9640
0.5000 -0.2200 0.9580
0.5200 -0.2200 0.9580
0.5400 -0.2200 0.9450
0.5600 -0.2200 0.9490
0.5800 -0.2200 0.9490
0.6000 -0.2200 0.9490
0.6200 -0.2200 0.9438
0.6400 -0.2200 0.9450
0.6600 -0.2200 0.9450
0.6800 -0.2200 0.9450
0.7000 -0.2200 0.9550
0.7200 -0.2200 0.9640
0.7400 -0.2200 0.9760
0.7600 -0.2200 0.9736
0.7800 -0.2200 0.9700
0.8000 -0.2200 0.9970
0.8200 -0.2200 1.0110
0.8400 -0.2200 1.0200
0.8600 -0.2200 1.0170
0.8800 -0.2200 1.0220
0.9000 -0.2200 1.0208
0.9200 -0.2200 1.0110
0.9400 -0.2200 1.0110
0.9600 -0.2200 1.0152
0.9800 -0.2200 1.0110
1.0000 -0.2200 1.0068
1.0200 -0.2200 1.0038
1.0400 -0.2200 1.0020
1.0600 -0.2200 0.9970
1.0800 -0.2200 0.9850
1.1000 -0.2200 0.9778
1.1200 -0.2200 0.9826
1.1400 -0.2200 0.9700
1.1600 -0.2200 0.9736
1.1800 -0.2200 0.9736
1.2000 -0.2200 0.9760
1.2200 -0.2200 0.9850
1.2400 -0.2200 0.9778
1.2600 -0.2200 0.9778
1.2800 -0.2200 0.9760
1.3000 -0.2200 0.9850
1.3200 -0.2200 0.9880
1.3400 -0.2200 0.9880
1.3600 -0.2200 0.9970
1.3800 -0.2200 0.9990
1.4000 -0.2200 1.0110
1.4200 -0.2200 1.0110
1.4400 -0.2200 1.0210
1.4600 -0.2200 0.8910
1.4800 -0.2200 0.8230
1.5000 -0.2200 0.8250
1.5200 -0.2200 0.8280
1.5400 -0.2200 0.8390
1.5600 -0.2200 0.8340
1.5800 -0.2200 0.8360
1.6000 -0.2200 0.8378
1.6200 -0.2200 0.8420
1.6400 -0.2200 0.8390
1.6600 -0.2200 0.8420
1.6800 -0.2200 0.8420
1.7000 -0.2200 0.8400
1.7200 -0.2200 0.9136
1.7400 -0.2200 1.0334
1.7600 -0.2200 1.0372
1.7800 -0.2200 1.0450
1.8000 -0.2200 1.0390
1.8200 -0.2200 1.0378
1.8400 -0.2200 1.0352
1.8600 -0.2200 1.0310
1.8800 -0.2200 1.0250
1.9000 -0.2200 1.0268
1.9200 -0.2200 1.0268
1.9400 -0.2200 1.0378
1.9600 -0.2200 1.0390
1.9800 -0.2200 1.0372
2.0000 -0.2200 1.0390
2.0200 -0.2200 1.0390
2.0400 -0.2200 1.0340
2.0600 -0.2200 1.0390
2.0800 -0.2200 1.0390
2.1000 -0.2200 1.0352
2.1200 -0.2200 1.0340
2.1400 -0.2200 1.0500
2.1600 -0.2200 1.0560
2.1800 -0.2200 1.0536
2.2000 -0.2200 1.0450
2.2200 -0.2200 1.0340
2.2400 -0.2200 1.0250
2.2600 -0.2200 1.0250
2.2800 -0.2200 1.0128
2.3000 -0.2200 1.0140
2.3200 -0.2200 1.0050
2.3400 -0.2200 1.0080
2.3600 -0.2200 1.0110
2.3800 -0.2200 1.0098
2.4000 -0.2200 1.0110
2.4200 -0.2200 1.0098
2.4400 -0.2200 1.0188
2.4600 -0.2200 1.0250
2.4800 -0.2200 1.0390
2.5000 -0.2200 1.0408
2.5200 -0.2200 1.0572
2.5400 -0.2200 1.0750
2.5600 -0.2200 1.0820
2.5800 -0.2200 1.0800
2.6000 -0.2200 1.0750
2.6200 -0.2200 1.0770
2.6400 -0.2200 1.0800
2.6600 -0.2200 1.0770
2.6800 -0.2200 1.0750
2.7000 -0.2200 1.0610
2.7200 -0.2200 1.0560
2.7400 -0.2200 1.0560
2.7600 -0.2200 1.0560
2.7800 -0.2200 1.0580
2.8000 -0.2200 1.0500
2.8200 -0.2200 1.0390
2.8400 -0.2200 1.0390
2.8600 -0.2200 1.0378
2.8800 -0.2200 1.0340
2.9000 -0.2200 1.0298
2.9200 -0.2200 1.0298
2.9400 -0.2200 1.0250
2.9600 -0.2200 1.0170
2.9800 -0.2200 1.0140
3.0000 -0.2200 1.0140
3.0200 -0.2200 1.0086
3.0400 -0.2200 1.0158
3.0600 -0.2200 1.0250
3.0800 -0.2200 1.0268
3.1000 -0.2200 1.0360
3.1200 -0.2200 1.0488
3.1400 -0.2200 1.0500
3.1600 -0.2200 1.0488
3.1800 -0.2200 1.0470
3.2000 -0.2200 1.0200
3.2200 -0.2200 0.9880
3.2400 -0.2200 0.9880
3.2600 -0.2200 0.9850
3.2800 -0.2200 0.9700
3.3000 -0.2200 0.9580
3.3200 -0.2200 0.9568
3.3400 -0.2200 0.9550
3.3600 -0.2200 0.9550
3.3800 -0.2200 0.9450
3.4000 -0.2200 0.9450
3.4200 -0.2200 0.9390
3.4400 -0.2200 0.9450
3.4600 -0.2200 0.9490
3.4800 -0.2200 0.9490
3.5000 -0.2200 0.9490
3.5200 -0.2200 0.9390
3.5400 -0.2200 0.9450
3.5600 -0.2200 0.9580
3.5800 -0.2200 0.9580
3.6000 -0.2200 0.9880
3.6200 -0.2200 0.9970
3.6400 -0.2200 1.0188
3.6600 -0.2200 1.0140
3.6800 -0.2200 1.0140
3.7000 -0.2200 1.0140
3.7200 -0.2200 1.0110
3.7400 -0.2200 1.0140
3.7600 -0.2200 1.0170
3.7800 -0.2200 1.0200
3.8000 -0.2200 1.0170
3.8200 -0.2200 1.0140
3.8400 -0.2200 1.0080
3.8600 -0.2200 0.9940
3.8800 -0.2200 0.9850
3.9000 -0.2200 0.9862
3.9200 -0.2200 0.9940
3.9400 -0.2200 0.9790
3.9600 -0.2200 0.9850
3.9800 -0.2200 0.9850
4.0000 -0.2200 0.9850
4.0200 -0.2200 0.9880
4.0400 -0.2200 0.9958
4.0600 -0.2200 0.9970
4.0800 -0.2200 0.9982
4.1000 -0.2200 1.0110
4.1200 -0.2200 1.0158
4.1400 -0.2200 1.0212
4.1600 -0.2200 1.0212
4.1800 -0.2200 1.0220
4.2000 -0.2200 1.0238
4.2200 -0.2200 1.0200
4.2400 -0.2200 1.0170
4.2600 -0.2200 1.0080
4.2800 -0.2200 1.0068
4.3000 -0.2200 0.9970
4.3200 -0.2200 0.9970
4.3400 -0.2200 0.9940
4.3600 -0.2200 0.9940
4.3800 -0.2200 0.9790
4.4000 -0.2200 0.9778
4.4200 -0.2200 0.9736
4.4400 -0.2200 0.9640
4.4600 -0.2200 0.9580
4.4800 -0.2200 0.9580
4.5000 -0.2200 0.9580
4.5200 -0.2200 0.9658
4.5400 -0.2200 0.9670
4.5600 -0.2200 0.9688
4.5800 -0.2200 0.9670
4.6000 -0.2200 0.9658
4.6200 -0.2200 0.9670
4.6400 -0.2200 0.9658
4.6600 -0.2200 0.9760
4.6800 -0.2200 0.9688
4.7000 -0.2200 0.9778
4.7200 -0.2200 0.9760
4.7400 -0.2200 1.0188
4.7600 -0.2200 1.0200
4.7800 -0.2200 1.0170
4.8000 -0.2200 0.9700
4.8200 -0.2200 0.9700
4.8400 -0.2200 0.9580
4.8600 -0.2200 0.9330
4.8800 -0.2200 0.9378
4.9000 -0.2200 0.9360
4.9200 -0.2200 0.9700
4.9400 -0.2200 0.9958
4.9600 -0.2200 1.0140
4.9800 -0.2200 1.0128
5.0000 -0.2200 1.0250
5.0200 -0.2200 1.0390
5.0400 -0.2200 1.0420
5.0600 -0.2200 1.0420
5.0800 -0.2200 1.0280
5.1000 -0.2200 1.0200
5.1200 -0.2200 1.0020
5.1400 -0.2200 1.0008
5.1600 -0.2200 0.9958
5.1800 -0.2200 1.0200
5.2000 -0.2200 1.0220
5.2200 -0.2200 1.0220
5.2400 -0.2200 0.9790
5.2600 -0.2200 0.9700
0.0000 -0.2000 0.9390
0.0200 -0.2000 0.9390
0.0400 -0.2000 0.9420
0.0600 -0.2000 0.9390
0.0800 -0.2000 0.9390
0.1000 -0.2000 0.9390
0.1200 -0.2000 0.9450
0.1400 -0.2000 0.9580
0.1600 -0.2000 0.9640
0.1800 -0.2000 0.9790
0.2000 -0.2000 0.9790
0.2200 -0.2000 0.9760
0.2400 -0.2000 0.9700
0.2600 -0.2000 0.9760
0.2800 -0.2000 0.9700
0.3000 -0.2000 0.9700
0.3200 -0.2000 0.9850
0.3400 -0.2000 0.9760
0.3600 -0.2000 0.9790
0.3800 -0.2000 0.9790
0.4000 -0.2000 0.9760
0.4200 -0.2000 0.9760
0.4400 -0.2000 0.9760
0.4600 -0.2000 0.9760
0.4800 -0.2000 0.9670
0.5000 -0.2000 0.9670
0.5200 -0.2000 0.9670
0.5400 -0.2000 0.9550
0.5600 -0.2000 0.9550
0.5800 -0.2000 0.9550
0.6000 -0.2000 0.9490
0.6200 -0.2000 0.9490
0.6400 -0.2000 0.9450
0.6600 -0.2000 0.9450
0.6800 -0.2000 0.9450
0.7000 -0.2000 0.9550
0.7200 -0.2000 0.9640
0.7400 -0.2000 0.9760
0.7600 -0.2000 0.9760
0.7800 -0.2000 0.9760
0.8000 -0.2000 1.0020
0.8200 -0.2000 1.0110
0.8400 -0.2000 1.0200
0.8600 -0.2000 1.0200
0.8800 -0.2000 1.0200
0.9000 -0.2000 1.0220
0.9200 -0.2000 1.0140
0.9400 -0.2000 1.0140
0.9600 -0.2000 1.0140
0.9800 -0.2000 1.0170
1.0000 -0.2000 1.0110
1.0200 -0.2000 1.0110
1.0400 -0.2000 1.0140
1.0600 -0.2000 1.0080
1.0800 -0.2000 0.9850
1.1000 -0.2000 0.9850
1.1200 -0.2000 0.9880
1.1400 -0.2000 0.9790
1.1600 -0.2000 0.9850
1.1800 -0.2000 0.9850
1.2000 -0.2000 0.9850
1.2200 -0.2000 0.9850
1.2400 -0.2000 0.9880
1.2600 -0.2000 0.9880
1.2800 -0.2000 0.9760
1.3000 -0.2000 0.9790
1.3200 -0.2000 0.9850
1.3400 -0.2000 0.9850
1.3600 -0.2000 0.9940
1.3800 -0.2000 1.0020
1.4000 -0.2000 1.0140
1.4200 -0.2000 1.0140
1.4400 -0.2000 1.0200
1.4600 -0.2000 0.8660
1.4800 -0.2000 0.8260
1.5000 -0.2000 0.8340
1.5200 -0.2000 0.8340
1.5400 -0.2000 0.8390
1.5600 -0.2000 0.8340
1.5800 -0.2000 0.8420
1.6000 -0.2000 0.8470
1.6200 -0.2000 0.8420
1.6400 -0.2000 0.8420
1.6600 -0.2000 0.8470
1.6800 -0.2000 0.8470
1.7000 -0.2000 0.8430
1.7200 -0.2000 0.8730
1.7400 -0.2000 1.0340
1.7600 -0.2000 1.0410
1.7800 -0.2000 1.0500
1.8000 -0.2000 1.0470
1.8200 -0.2000 1.0420
1.8400 -0.2000 1.0390
1.8600 -0.2000 1.0360
1.8800 -0.2000 1.0310
1.9000 -0.2000 1.0340
1.9200 -0.2000 1.0340
1.9400 -0.2000 1.0340
1.9600 -0.2000 1.0390
1.9800 -0.2000 1.0360
2.0000 -0.2000 1.0360
2.0200 -0.2000 1.0390
2.0400 -0.2000 1.0360
2.0600 -0.2000 1.0390
2.0800 -0.2000 1.0390
2.1000 -0.2000 1.0390
2.1200 -0.2000 1.0390
2.1400 -0.2000 1.0560
2.1600 -0.2000 1.0610
2.1800 -0.2000 1.0660
2.2000 -0.2000 1.0560
2.2200 -0.2000 1.0390
2.2400 -0.2000 1.0280
2.2600 -0.2000 1.0280
2.2800 -0.2000 1.0200
2.3000 -0.2000 1.0170
2.3200 -0.2000 1.0110
2.3400 -0.2000 1.0110
2.3600 -0.2000 1.0140
2.3800 -0.2000 1.0140
2.4000 -0.2000 1.0170
2.4200 -0.2000 1.0170
2.4400 -0.2000 1.0220
2.4600 -0.2000 1.0310
2.4800 -0.2000 1.0420
2.5000 -0.2000 1.0470
2.5200 -0.2000 1.0660
2.5400 -0.2000 1.0770
2.5600 -0.2000 1.0820
2.5800 -0.2000 1.0770
2.6000 -0.2000 1.0770
2.6200 -0.2000 1.0770
2.6400 -0.2000 1.0820
2.6600 -0.2000 1.0770
2.6800 -0.2000 1.0690
2.7000 -0.2000 1.0660
2.7200 -0.2000 1.0560
2.7400 -0.2000 1.0560
2.7600 -0.2000 1.0580
2.7800 -0.2000 1.0580
2.8000 -0.2000 1.0470
2.8200 -0.2000 1.0390
2.8400 -0.2000 1.0390
2.8600 -0.2000 1.0390
2.8800 -0.2000 1.0390
2.9000 -0.2000 1.0360
2.9200 -0.2000 1.0360
2.9400 -0.2000 1.0280
2.9600 -0.2000 1.0200
2.9800 -0.2000 1.0140
3.0000 -0.2000 1.0140
3.0200 -0.2000 1.0170
3.0400 -0.2000 1.0200
3.0600 -0.2000 1.0360
3.0800 -0.2000 1.0340
3.1000 -0.2000 1.0420
3.1200 -0.2000 1.0500
3.1400 -0.2000 1.0500
3.1600 -0.2000 1.0470
3.1800 -0.2000 1.0390
3.2000 -0.2000 1.0200
3.2200 -0.2000 0.9880
3.2400 -0.2000 0.9940
3.2600 -0.2000 0.9790
3.2800 -0.2000 0.9670
3.3000 -0.2000 0.9550
3.3200 -0.2000 0.9490
3.3400 -0.2000 0.9450
3.3600 -0.2000 0.9490
3.3800 -0.2000 0.9420
3.4000 -0.2000 0.9420
3.4200 -0.2000 0.9390
3.4400 -0.2000 0.9420
3.4600 -0.2000 0.9450
3.4800 -0.2000 0.9450
3.5000 -0.2000 0.9450
3.5200 -0.2000 0.9390
3.5400 -0.2000 0.9490
3.5600 -0.2000 0.9550
3.5800 -0.2000 0.9580
3.6000 -0.2000 0.9880
3.6200 -0.2000 0.9970
3.6400 -0.2000 1.0200
3.6600 -0.2000 1.0170
3.6800 -0.2000 1.0110
3.7000 -0.2000 1.0170
3.7200 -0.2000 1.0110
3.7400 -0.2000 1.0140
3.7600 -0.2000 1.0140
3.7800 -0.2000 1.0220
3.8000 -0.2000 1.0220
3.8200 -0.2000 1.0200
3.8400 -0.2000 1.0110
3.8600 -0.2000 0.9970
3.8800 -0.2000 0.9850
3.9000 -0.2000 0.9850
3.9200 -0.2000 0.9850
3.9400 -0.2000 0.9700
3.9600 -0.2000 0.9760
3.9800 -0.2000 0.9760
4.0000 -0.2000 0.9850
4.0200 -0.2000 0.9880
4.0400 -0.2000 0.9940
4.0600 -0.2000 0.9940
4.0800 -0.2000 0.9990
4.1000 -0.2000 1.0110
4.1200 -0.2000 1.0200
4.1400 -0.2000 1.0250
4.1600 -0.2000 1.0250
4.1800 -0.2000 1.0280
4.2000 -0.2000 1.0250
4.2200 -0.2000 1.0200
4.2400 -0.2000 1.0200
4.2600 -0.2000 1.0140
4.2800 -0.2000 1.0080
4.3000 -0.2000 0.9990
4.3200 -0.2000 0.9990
4.3400 -0.2000 1.0020
4.3600 -0.2000 0.9970
4.3800 -0.2000 0.9790
4.4000 -0.2000 0.9790
4.4200 -0.2000 0.9760
4.4400 -0.2000 0.9670
4.4600 -0.2000 0.9640
4.4800 -0.2000 0.9640
4.5000 -0.2000 0.9700
4.5200 -0.2000 0.9700
4.5400 -0.2000 0.9760
4.5600 -0.2000 0.9760
4.5800 -0.2000 0.9700
4.6000 -0.2000 0.9760
4.6200 -0.2000 0.9760
4.6400 -0.2000 0.9700
4.6600 -0.2000 0.9760
4.6800 -0.2000 0.9790
4.7000 -0.2000 0.9850
4.7200 -0.2000 0.9790
4.7400 -0.2000 1.0250
4.7600 -0.2000 1.0220
4.7800 -0.2000 1.0220
4.8000 -0.2000 0.9790
4.8200 -0.2000 0.9790
4.8400 -0.2000 0.9700
4.8600 -0.2000 0.9330
4.8800 -0.2000 0.9330
4.9000 -0.2000 0.9330
4.9200 -0.2000 0.9850
4.9400 -0.2000 1.0050
4.9600 -0.2000 1.0200
4.9800 -0.2000 1.0200
5.0000 -0.2000 1.0280
5.0200 -0.2000 1.0420
5.0400 -0.2000 1.0470
5.0600 -0.2000 1.0560
5.0800 -0.2000 1.0340
5.1000 -0.2000 1.0220
5.1200 -0.2000 1.0050
5.1400 -0.2000 1.0050
5.1600 -0.2000 1.0020
5.1800 -0.2000 1.0220
5.2000 -0.2000 1.0280
5.2200 -0.2000 1.0280
5.2400 -0.2000 0.9880
5.2600 -0.2000 0.9700
0.0000 -0.1800 0.9450
0.0200 -0.1800 0.9450
0.0400 -0.1800 0.9420
0.0600 -0.1800 0.9420
0.0800 -0.1800 0.9420
0.1000 -0.1800 0.9420
0.1200 -0.1800 0.9450
0.1400 -0.1800 0.9640
0.1600 -0.1800 0.9640
0.1800 -0.1800 0.9778
0.2000 -0.1800 0.9760
0.2200 -0.1800 0.9880
0.2400 -0.1800 0.9850
0.2600 -0.1800 0.9880
0.2800 -0.1800 0.9880
0.3000 -0.1800 0.9814
0.3200 -0.1800 0.9850
0.3400 -0.1800 0.9760
0.3600 -0.1800 0.9760
0.3800 -0.1800 0.9736
0.4000 -0.1800 0.9790
0.4200 -0.1800 0.9772
0.4400 -0.1800 0.9772
0.4600 -0.1800 0.9814
0.4800 -0.1800 0.9760
0.5000 -0.1800 0.9700
0.5200 -0.1800 0.9700
0.5400 -0.1800 0.9604
0.5600 -0.1800 0.9580
0.5800 -0.1800 0.9490
0.6000 -0.1800 0.9474
0.6200 -0.1800 0.9490
0.6400 -0.1800 0.9450
0.6600 -0.1800 0.9550
0.6800 -0.1800 0.9550
0.7000 -0.1800 0.9580
0.7200 -0.1800 0.9640
0.7400 -0.1800 0.9772
0.7600 -0.1800 0.9760
0.7800 -0.1800 0.9760
0.8000 -0.1800 1.0110
0.8200 -0.1800 1.0170
0.8400 -0.1800 1.0250
0.8600 -0.1800 1.0250
0.8800 -0.1800 1.0250
0.9000 -0.1800 1.0292
0.9200 -0.1800 1.0200
0.9400 -0.1800 1.0208
0.9600 -0.1800 1.0182
0.9800 -0.1800 1.0220
1.0000 -0.1800 1.0182
1.0200 -0.1800 1.0182
1.0400 -0.1800 1.0220
1.0600 -0.1800 1.0170
1.0800 -0.1800 1.0062
1.1000 -0.1800 1.0032
1.1200 -0.1800 1.0002
1.1400 -0.1800 0.9990
1.1600 -0.1800 0.9952
1.1800 -0.1800 0.9940
1.2000 -0.1800 0.9978
1.2200 -0.1800 0.9940
1.2400 -0.1800 0.9990
1.2600 -0.1800 0.9978
1.2800 -0.1800 0.9940
1.3000 -0.1800 0.9772
1.3200 -0.1800 0.9862
1.3400 -0.1800 0.9880
1.3600 -0.1800 0.9978
1.3800 -0.1800 1.0110
1.4000 -0.1800 1.0200
1.4200 -0.1800 1.0220
1.4400 -0.1800 1.0156
1.4600 -0.1800 0.8514
1.4800 -0.1800 0.8340
1.5000 -0.1800 0.8360
1.5200 -0.1800 0.8360
1.5400 -0.1800 0.8390
1.5600 -0.1800 0.8360
1.5800 -0.1800 0.8524
1.6000 -0.1800 0.8568
1.6200 -0.1800 0.8580
1.6400 -0.1800 0.8500
1.6600 -0.1800 0.8500
1.6800 -0.1800 0.8500
1.7000 -0.1800 0.8480
1.7200 -0.1800 0.8582
1.7400 -0.1800 1.0052
1.7600 -0.1800 1.0226
1.7800 -0.1800 1.0420
1.8000 -0.1800 1.0500
1.8200 -0.1800 1.0420
1.8400 -0.1800 1.0420
1.8600 -0.1800 1.0360
1.8800 -0.1800 1.0340
1.9000 -0.1800 1.0340
1.9200 -0.1800 1.0340
1.9400 -0.1800 1.0310
1.9600 -0.1800 1.0360
1.9800 -0.1800 1.0390
2.0000 -0.1800 1.0390
2.0200 -0.1800 1.0360
2.0400 -0.1800 1.0420
2.0600 -0.1800 1.0390
2.0800 -0.1800 1.0372
2.1000 -0.1800 1.0420
2.1200 -0.1800 1.0470
2.1400 -0.1800 1.0610
2.1600 -0.1800 1.0660
2.1800 -0.1800 1.0660
2.2000 -0.1800 1.0560
2.2200 -0.1800 1.0470
2.2400 -0.1800 1.0348
2.2600 -0.1800 1.0340
2.2800 -0.1800 1.0220
2.3000 -0.1800 1.0200
2.3200 -0.1800 1.0200
2.3400 -0.1800 1.0170
2.3600 -0.1800 1.0200
2.3800 -0.1800 1.0140
2.4000 -0.1800 1.0220
2.4200 -0.1800 1.0220
2.4400 -0.1800 1.0310
2.4600 -0.1800 1.0360
2.4800 -0.1800 1.0500
2.5000 -0.1800 1.0524
2.5200 -0.1800 1.0660
2.5400 -0.1800 1.0770
2.5600 -0.1800 1.0912
2.5800 -0.1800 1.0888
2.6000 -0.1800 1.0862
2.6200 -0.1800 1.0888
2.6400 -0.1800 1.0862
2.6600 -0.1800 1.0862
2.6800 -0.1800 1.0660
2.7000 -0.1800 1.0714
2.7200 -0.1800 1.0610
2.7400 -0.1800 1.0610
2.7600 -0.1800 1.0660
2.7800 -0.1800 1.0660
2.8000 -0.1800 1.0482
2.8200 -0.1800 1.0440
2.8400 -0.1800 1.0420
2.8600 -0.1800 1.0390
2.8800 -0.1800 1.0390
2.9000 -0.1800 1.0402
2.9200 -0.1800 1.0402
2.9400 -0.1800 1.0348
2.9600 -0.1800 1.0250
2.9800 -0.1800 1.0200
3.0000 -0.1800 1.0200
3.0200 -0.1800 1.0220
3.0400 -0.1800 1.0250
3.0600 -0.1800 1.0360
3.0800 -0.1800 1.0360
3.1000 -0.1800 1.0420
3.1200 -0.1800 1.0420
3.1400 -0.1800 1.0470
3.1600 -0.1800 1.0420
3.1800 -0.1800 1.0470
3.2000 -0.1800 1.0250
3.2200 -0.1800 0.9970
3.2400 -0.1800 0.9978
3.2600 -0.1800 0.9850
3.2800 -0.1800 0.9700
3.3000 -0.1800 0.9550
3.3200 -0.1800 0.9550
3.3400 -0.1800 0.9466
3.3600 -0.1800 0.9450
3.3800 -0.1800 0.9330
3.4000 -0.1800 0.9330
3.4200 -0.1800 0.9360
3.4400 -0.1800 0.9390
3.4600 -0.1800 0.9450
3.4800 -0.1800 0.9432
3.5000 -0.1800 0.9402
3.5200 -0.1800 0.9490
3.5400 -0.1800 0.9514
3.5600 -0.1800 0.9682
3.5800 -0.1800 0.9682
3.6000 -0.1800 0.9814
3.6200 -0.1800 0.9940
3.6400 -0.1800 1.0220
3.6600 -0.1800 1.0208
3.6800 -0.1800 1.0152
3.7000 -0.1800 1.0200
3.7200 -0.1800 1.0140
3.7400 -0.1800 1.0140
3.7600 -0.1800 1.0140
3.7800 -0.1800 1.0232
3.8000 -0.1800 1.0250
3.8200 -0.1800 1.0250
3.8400 -0.1800 1.0140
3.8600 -0.1800 1.0032
3.8800 -0.1800 0.9970
3.9000 -0.1800 0.9990
3.9200 -0.1800 0.9880
3.9400 -0.1800 0.9760
3.9600 -0.1800 0.9826
3.9800 -0.1800 0.9862
4.0000 -0.1800 0.9814
4.0200 -0.1800 0.9940
4.0400 -0.1800 0.9880
4.0600 -0.1800 0.9952
4.0800 -0.1800 1.0020
4.1000 -0.1800 1.0110
4.1200 -0.1800 1.0220
4.1400 -0.1800 1.0310
4.1600 -0.1800 1.0292
4.1800 -0.1800 1.0310
4.2000 -0.1800 1.0280
4.2200 -0.1800 1.0208
4.2400 -0.1800 1.0200
4.2600 -0.1800 1.0170
4.2800 -0.1800 1.0140
4.3000 -0.1800 1.0092
4.3200 -0.1800 1.0080
4.3400 -0.1800 1.0110
4.3600 -0.1800 1.0050
4.3800 -0.1800 0.9978
4.4000 -0.1800 0.9978
4.4200 -0.1800 0.9850
4.4400 -0.1800 0.9670
4.4600 -0.1800 0.9772
4.4800 -0.1800 0.9814
4.5000 -0.1800 0.9760
4.5200 -0.1800 0.9790
4.5400 -0.1800 0.9790
4.5600 -0.1800 0.9790
4.5800 -0.1800 0.9850
4.6000 -0.1800 0.9790
4.6200 -0.1800 0.9760
4.6400 -0.1800 0.9700
4.6600 -0.1800 0.9814
4.6800 -0.1800 0.9880
4.7000 -0.1800 0.9904
4.7200 -0.1800 0.9904
4.7400 -0.1800 1.0250
4.7600 -0.1800 1.0250
4.7800 -0.1800 1.0250
4.8000 -0.1800 0.9990
4.8200 -0.1800 0.9990
4.8400 -0.1800 0.9814
4.8600 -0.1800 0.9360
4.8800 -0.1800 0.9402
4.9000 -0.1800 0.9390
4.9200 -0.1800 0.9940
4.9400 -0.1800 1.0122
4.9600 -0.1800 1.0220
4.9800 -0.1800 1.0220
5.0000 -0.1800 1.0310
5.0200 -0.1800 1.0500
5.0400 -0.1800 1.0560
5.0600 -0.1800 1.0560
5.0800 -0.1800 1.0372
5.1000 -0.1800 1.0250
5.1200 -0.1800 1.0182
5.1400 -0.1800 1.0152
5.1600 -0.1800 1.0140
5.1800 -0.1800 1.0250
5.2000 -0.1800 1.0330
5.2200 -0.1800 1.0322
5.2400 -0.1800 0.9970
5.2600 -0.1800 0.9772
0.0000 -0.1600 0.9574
0.0200 -0.1600 0.9574
0.0400 -0.1600 0.9550
0.0600 -0.1600 0.9538
0.0800 -0.1600 0.9482
0.1000 -0.1600 0.9450
0.1200 -0.1600 0.9482
0.1400 -0.1600 0.9640
0.1600 -0.1600 0.9592
0.1800 -0.1600 0.9760
0.2000 -0.1600 0.9760
0.2200 -0.1600 0.9880
0.2400 -0.1600 0.9940
0.2600 -0.1600 0.9946
0.2800 -0.1600 0.9946
0.3000 -0.1600 0.9940
0.3200 -0.1600 0.9874
0.3400 -0.1600 0.9850
0.3600 -0.1600 0.9850
0.3800 -0.1600 0.9784
0.4000 -0.1600 0.9874
0.4200 -0.1600 0.9880
0.4400 -0.1600 0.9880
0.4600 -0.1600 0.9850
0.4800 -0.1600 0.9784
0.5000 -0.1600 0.9700
0.5200 -0.1600 0.9700
0.5400 -0.1600 0.9580
0.5600 -0.1600 0.9640
0.5800 -0.1600 0.9538
0.6000 -0.1600 0.9490
0.6200 -0.1600 0.9450
0.6400 -0.1600 0.9490
0.6600 -0.1600 0.9574
0.6800 -0.1600 0.9550
0.7000 -0.1600 0.9580
0.7200 -0.1600 0.9640
0.7400 -0.1600 0.9760
0.7600 -0.1600 0.9760
0.7800 -0.1600 0.9784
0.8000 -0.1600 1.0170
0.8200 -0.1600 1.0244
0.8400 -0.1600 1.0340
0.8600 -0.1600 1.0334
0.8800 -0.1600 1.0328
0.9000 -0.1600 1.0310
0.9200 -0.1600 1.0244
0.9400 -0.1600 1.0250
0.9600 -0.1600 1.0244
0.9800 -0.1600 1.0310
1.0000 -0.1600 1.0220
1.0200 -0.1600 1.0244
1.0400 -0.1600 1.0280
1.0600 -0.1600 1.0220
1.0800 -0.1600 1.0140
1.1000 -0.1600 1.0140
1.1200 -0.1600 1.0134
1.1400 -0.1600 1.0086
1.1600 -0.1600 1.0050
1.1800 -0.1600 1.0020
1.2000 -0.1600 1.0104
1.2200 -0.1600 1.0098
1.2400 -0.1600 1.0110
1.2600 -0.1600 1.0110
1.2800 -0.1600 0.9986
1.3000 -0.1600 0.9928
1.3200 -0.1600 0.9970
1.3400 -0.1600 0.9970
1.3600 -0.1600 1.0080
1.3800 -0.1600 1.0140
1.4000 -0.1600 1.0250
1.4200 -0.1600 1.0298
1.4400 -0.1600 1.0110
1.4600 -0.1600 0.8496
1.4800 -0.1600 0.8390
1.5000 -0.1600 0.8390
1.5200 -0.1600 0.8390
1.5400 -0.1600 0.8500
1.5600 -0.1600 0.8548
1.5800 -0.1600 0.8660
1.6000 -0.1600 0.8684
1.6200 -0.1600 0.8690
1.6400 -0.1600 0.8610
1.6600 -0.1600 0.8610
1.6800 -0.1600 0.8580
1.7000 -0.1600 0.8576
1.7200 -0.1600 0.8580
1.7400 -0.1600 0.9638
1.7600 -0.1600 0.9866
1.7800 -0.1600 1.0548
1.8000 -0.1600 1.0500
1.8200 -0.1600 1.0460
1.8400 -0.1600 1.0470
1.8600 -0.1600 1.0390
1.8800 -0.1600 1.0390
1.9000 -0.1600 1.0360
1.9200 -0.1600 1.0360
1.9400 -0.1600 1.0360
1.9600 -0.1600 1.0460
1.9800 -0.1600 1.0494
2.0000 -0.1600 1.0470
2.0200 -0.1600 1.0460
2.0400 -0.1600 1.0494
2.0600 -0.1600 1.0460
2.0800 -0.1600 1.0460
2.1000 -0.1600 1.0420
2.1200 -0.1600 1.0560
2.1400 -0.1600 1.0620
2.1600 -0.1600 1.0610
2.1800 -0.1600 1.0580
2.2000 -0.1600 1.0580
2.2200 -0.1600 1.0460
2.2400 -0.1600 1.0384
2.2600 -0.1600 1.0360
2.2800 -0.1600 1.0250
2.3000 -0.1600 1.0250
2.3200 -0.1600 1.0220
2.3400 -0.1600 1.0216
2.3600 -0.1600 1.0220
2.3800 -0.1600 1.0244
2.4000 -0.1600 1.0304
2.4200 -0.1600 1.0274
2.4400 -0.1600 1.0360
2.4600 -0.1600 1.0390
2.4800 -0.1600 1.0580
2.5000 -0.1600 1.0580
2.5200 -0.1600 1.0684
2.5400 -0.1600 1.0770
2.5600 -0.1600 1.0980
2.5800 -0.1600 1.0980
2.6000 -0.1600 1.0980
2.6200 -0.1600 1.1004
2.6400 -0.1600 1.0930
2.6600 -0.1600 1.0950
2.6800 -0.1600 1.0806
2.7000 -0.1600 1.0770
2.7200 -0.1600 1.0738
2.7400 -0.1600 1.0690
2.7600 -0.1600 1.0690
2.7800 -0.1600 1.0660
2.8000 -0.1600 1.0560
2.8200 -0.1600 1.0580
2.8400 -0.1600 1.0580
2.8600 -0.1600 1.0548
2.8800 -0.1600 1.0500
2.9000 -0.1600 1.0548
2.9200 -0.1600 1.0548
2.9400 -0.1600 1.0470
2.9600 -0.1600 1.0304
2.9800 -0.1600 1.0250
3.0000 -0.1600 1.0250
3.0200 -0.1600 1.0220
3.0400 -0.1600 1.0280
3.0600 -0.1600 1.0390
3.0800 -0.1600 1.0360
3.1000 -0.1600 1.0420
3.1200 -0.1600 1.0548
3.1400 -0.1600 1.0460
3.1600 -0.1600 1.0460
3.1800 -0.1600 1.0548
3.2000 -0.1600 1.0340
3.2200 -0.1600 1.0050
3.2400 -0.1600 1.0050
3.2600 -0.1600 0.9928
3.2800 -0.1600 0.9760
3.3000 -0.1600 0.9574
3.3200 -0.1600 0.9580
3.3400 -0.1600 0.9490
3.3600 -0.1600 0.9420
3.3800 -0.1600 0.9384
3.4000 -0.1600 0.9384
3.4200 -0.1600 0.9390
3.4400 -0.1600 0.9420
3.4600 -0.1600 0.9538
3.4800 -0.1600 0.9550
3.5000 -0.1600 0.9538
3.5200 -0.1600 0.9580
3.5400 -0.1600 0.9574
3.5600 -0.1600 0.9850
3.5800 -0.1600 0.9874
3.6000 -0.1600 0.9880
3.6200 -0.1600 1.0020
3.6400 -0.1600 1.0250
3.6600 -0.1600 1.0250
3.6800 -0.1600 1.0220
3.7000 -0.1600 1.0200
3.7200 -0.1600 1.0200
3.7400 -0.1600 1.0200
3.7600 -0.1600 1.0200
3.7800 -0.1600 1.0304
3.8000 -0.1600 1.0250
3.8200 -0.1600 1.0250
3.8400 -0.1600 1.0200
3.8600 -0.1600 1.0134
3.8800 -0.1600 1.0074
3.9000 -0.1600 1.0050
3.9200 -0.1600 0.9970
3.9400 -0.1600 0.9874
3.9600 -0.1600 0.9940
3.9800 -0.1600 0.9880
4.0000 -0.1600 0.9850
4.0200 -0.1600 0.9946
4.0400 -0.1600 0.9940
4.0600 -0.1600 0.9964
4.0800 -0.1600 1.0044
4.1000 -0.1600 1.0110
4.1200 -0.1600 1.0220
4.1400 -0.1600 1.0310
4.1600 -0.1600 1.0340
4.1800 -0.1600 1.0334
4.2000 -0.1600 1.0334
4.2200 -0.1600 1.0250
4.2400 -0.1600 1.0250
4.2600 -0.1600 1.0220
4.2800 -0.1600 1.0200
4.3000 -0.1600 1.0140
4.3200 -0.1600 1.0134
4.3400 -0.1600 1.0140
4.3600 -0.1600 1.0074
4.3800 -0.1600 1.0050
4.4000 -0.1600 1.0050
4.4200 -0.1600 0.9970
4.4400 -0.1600 0.9838
4.4600 -0.1600 0.9850
4.4800 -0.1600 0.9880
4.5000 -0.1600 0.9838
4.5200 -0.1600 0.9928
4.5400 -0.1600 0.9874
4.5600 -0.1600 0.9928
4.5800 -0.1600 0.9928
4.6000 -0.1600 0.9880
4.6200 -0.1600 0.9850
4.6400 -0.1600 0.9790
4.6600 -0.1600 0.9940
4.6800 -0.1600 0.9940
4.7000 -0.1600 1.0014
4.7200 -0.1600 0.9986
4.7400 -0.1600 1.0334
4.7600 -0.1600 1.0310
4.7800 -0.1600 1.0304
4.8000 -0.1600 1.0020
4.8200 -0.1600 1.0020
4.8400 -0.1600 0.9940
4.8600 -0.1600 0.9530
4.8800 -0.1600 0.9450
4.9000 -0.1600 0.9450
4.9200 -0.1600 1.0014
4.9400 -0.1600 1.0170
4.9600 -0.1600 1.0274
4.9800 -0.1600 1.0274
5.0000 -0.1600 1.0500
5.0200 -0.1600 1.0576
5.0400 -0.1600 1.0604
5.0600 -0.1600 1.0610
5.0800 -0.1600 1.0470
5.1000 -0.1600 1.0384
5.1200 -0.1600 1.0220
5.1400 -0.1600 1.0220
5.1600 -0.1600 1.0216
5.1800 -0.1600 1.0304
5.2000 -0.1600 1.0360
5.2200 -0.1600 1.0360
5.2400 -0.1600 1.0044
5.2600 -0.1600 0.9880
0.0000 -0.1400 0.9580
0.0200 -0.1400 0.9580
0.0400 -0.1400 0.9550
0.0600 -0.1400 0.9550
0.0800 -0.1400 0.9490
0.1000 -0.1400 0.9490
0.1200 -0.1400 0.9482
0.1400 -0.1400 0.9580
0.1600 -0.1400 0.9580
0.1800 -0.1400 0.9790
0.2000 -0.1400 0.9802
0.2200 -0.1400 0.9940
0.2400 -0.1400 0.9990
0.2600 -0.1400 0.9970
0.2800 -0.1400 0.9970
0.3000 -0.1400 0.9990
0.3200 -0.1400 1.0020
0.3400 -0.1400 0.9974
0.3600 -0.1400 0.9970
0.3800 -0.1400 0.9850
0.4000 -0.1400 0.9940
0.4200 -0.1400 0.9946
0.4400 -0.1400 0.9970
0.4600 -0.1400 0.9940
0.4800 -0.1400 0.9850
0.5000 -0.1400 0.9760
0.5200 -0.1400 0.9712
0.5400 -0.1400 0.9592
0.5600 -0.1400 0.9640
0.5800 -0.1400 0.9580
0.6000 -0.1400 0.9550
0.6200 -0.1400 0.9450
0.6400 -0.1400 0.9490
0.6600 -0.1400 0.9580
0.6800 -0.1400 0.9556
0.7000 -0.1400 0.9640
0.7200 -0.1400 0.9700
0.7400 -0.1400 0.9850
0.7600 -0.1400 0.9802
0.7800 -0.1400 0.9880
0.8000 -0.1400 1.0220
0.8200 -0.1400 1.0340
0.8400 -0.1400 1.0420
0.8600 -0.1400 1.0396
0.8800 -0.1400 1.0476
0.9000 -0.1400 1.0366
0.9200 -0.1400 1.0360
0.9400 -0.1400 1.0340
0.9600 -0.1400 1.0310
0.9800 -0.1400 1.0340
1.0000 -0.1400 1.0340
1.0200 -0.1400 1.0344
1.0400 -0.1400 1.0310
1.0600 -0.1400 1.0250
1.0800 -0.1400 1.0200
1.1000 -0.1400 1.0200
1.1200 -0.1400 1.0200
1.1400 -0.1400 1.0146
1.1600 -0.1400 1.0140
1.1800 -0.1400 1.0140
1.2000 -0.1400 1.0200
1.2200 -0.1400 1.0140
1.2400 -0.1400 1.0176
1.2600 -0.1400 1.0170
1.2800 -0.1400 1.0020
1.3000 -0.1400 0.9996
1.3200 -0.1400 1.0056
1.3400 -0.1400 1.0056
1.3600 -0.1400 1.0116
1.3800 -0.1400 1.0226
1.4000 -0.1400 1.0390
1.4200 -0.1400 1.0396
1.4400 -0.1400 1.0012
1.4600 -0.1400 0.8506
1.4800 -0.1400 0.8500
1.5000 -0.1400 0.8512
1.5200 -0.1400 0.8512
1.5400 -0.1400 0.8610
1.5600 -0.1400 0.8690
1.5800 -0.1400 0.8780
1.6000 -0.1400 0.8820
1.6200 -0.1400 0.8820
1.6400 -0.1400 0.8780
1.6600 -0.1400 0.8750
1.6800 -0.1400 0.8702
1.7000 -0.1400 0.8660
1.7200 -0.1400 0.8620
1.7400 -0.1400 0.9214
1.7600 -0.1400 0.9504
1.7800 -0.1400 1.0650
1.8000 -0.1400 1.0610
1.8200 -0.1400 1.0564
1.8400 -0.1400 1.0560
1.8600 -0.1400 1.0476
1.8800 -0.1400 1.0470
1.9000 -0.1400 1.0420
1.9200 -0.1400 1.0420
1.9400 -0.1400 1.0420
1.9600 -0.1400 1.0560
1.9800 -0.1400 1.0586
2.0000 -0.1400 1.0564
2.0200 -0.1400 1.0586
2.0400 -0.1400 1.0586
2.0600 -0.1400 1.0560
2.0800 -0.1400 1.0560
2.1000 -0.1400 1.0512
2.1200 -0.1400 1.0610
2.1400 -0.1400 1.0580
2.1600 -0.1400 1.0560
2.1800 -0.1400 1.0512
2.2000 -0.1400 1.0500
2.2200 -0.1400 1.0420
2.2400 -0.1400 1.0390
2.2600 -0.1400 1.0396
2.2800 -0.1400 1.0344
2.3000 -0.1400 1.0316
2.3200 -0.1400 1.0250
2.3400 -0.1400 1.0250
2.3600 -0.1400 1.0250
2.3800 -0.1400 1.0280
2.4000 -0.1400 1.0340
2.4200 -0.1400 1.0334
2.4400 -0.1400 1.0390
2.4600 -0.1400 1.0476
2.4800 -0.1400 1.0610
2.5000 -0.1400 1.0620
2.5200 -0.1400 1.0826
2.5400 -0.1400 1.0934
2.5600 -0.1400 1.1036
2.5800 -0.1400 1.1036
2.6000 -0.1400 1.1036
2.6200 -0.1400 1.1060
2.6400 -0.1400 1.0986
2.6600 -0.1400 1.0980
2.6800 -0.1400 1.0934
2.7000 -0.1400 1.0850
2.7200 -0.1400 1.0826
2.7400 -0.1400 1.0820
2.7600 -0.1400 1.0754
2.7800 -0.1400 1.0690
2.8000 -0.1400 1.0660
2.8200 -0.1400 1.0660
2.8400 -0.1400 1.0620
2.8600 -0.1400 1.0660
2.8800 -0.1400 1.0610
2.9000 -0.1400 1.0660
2.9200 -0.1400 1.0610
2.9400 -0.1400 1.0560
2.9600 -0.1400 1.0390
2.9800 -0.1400 1.0344
3.0000 -0.1400 1.0344
3.0200 -0.1400 1.0256
3.0400 -0.1400 1.0360
3.0600 -0.1400 1.0420
3.0800 -0.1400 1.0406
3.1000 -0.1400 1.0512
3.1200 -0.1400 1.0666
3.1400 -0.1400 1.0620
3.1600 -0.1400 1.0620
3.1800 -0.1400 1.0660
3.2000 -0.1400 1.0396
3.2200 -0.1400 1.0146
3.2400 -0.1400 1.0146
3.2600 -0.1400 1.0056
3.2800 -0.1400 0.9850
3.3000 -0.1400 0.9646
3.3200 -0.1400 0.9646
3.3400 -0.1400 0.9580
3.3600 -0.1400 0.9502
3.3800 -0.1400 0.9450
3.4000 -0.1400 0.9450
3.4200 -0.1400 0.9420
3.4400 -0.1400 0.9450
3.4600 -0.1400 0.9580
3.4800 -0.1400 0.9640
3.5000 -0.1400 0.9640
3.5200 -0.1400 0.9670
3.5400 -0.1400 0.9712
3.5600 -0.1400 0.9940
3.5800 -0.1400 0.9940
3.6000 -0.1400 0.9974
3.6200 -0.1400 1.0110
3.6400 -0.1400 1.0286
3.6600 -0.1400 1.0310
3.6800 -0.1400 1.0340
3.7000 -0.1400 1.0250
3.7200 -0.1400 1.0316
3.7400 -0.1400 1.0286
3.7600 -0.1400 1.0310
3.7800 -0.1400 1.0366
3.8000 -0.1400 1.0366
3.8200 -0.1400 1.0344
3.8400 -0.1400 1.0286
3.8600 -0.1400 1.0204
3.8800 -0.1400 1.0146
3.9000 -0.1400 1.0140
3.9200 -0.1400 1.0026
3.9400 -0.1400 0.9940
3.9600 -0.1400 0.9892
3.9800 -0.1400 0.9880
4.0000 -0.1400 0.9874
4.0200 -0.1400 0.9946
4.0400 -0.1400 0.9990
4.0600 -0.1400 0.9996
4.0800 -0.1400 1.0116
4.1000 -0.1400 1.0176
4.1200 -0.1400 1.0280
4.1400 -0.1400 1.0366
4.1600 -0.1400 1.0360
4.1800 -0.1400 1.0366
4.2000 -0.1400 1.0390
4.2200 -0.1400 1.0366
4.2400 -0.1400 1.0360
4.2600 -0.1400 1.0286
4.2800 -0.1400 1.0226
4.3000 -0.1400 1.0200
4.3200 -0.1400 1.0200
4.3400 -0.1400 1.0200
4.3600 -0.1400 1.0140
4.3800 -0.1400 1.0116
4.4000 -0.1400 1.0116
4.4200 -0.1400 1.0056
4.4400 -0.1400 0.9946
4.4600 -0.1400 0.9946
4.4800 -0.1400 0.9970
4.5000 -0.1400 0.9940
4.5200 -0.1400 0.9940
4.5400 -0.1400 0.9940
4.5600 -0.1400 0.9946
4.5800 -0.1400 0.9970
4.6000 -0.1400 0.9940
4.6200 -0.1400 0.9790
4.6400 -0.1400 0.9850
4.6600 -0.1400 0.9880
4.6800 -0.1400 0.9990
4.7000 -0.1400 1.0116
4.7200 -0.1400 1.0110
4.7400 -0.1400 1.0390
4.7600 -0.1400 1.0360
4.7800 -0.1400 1.0360
4.8000 -0.1400 0.9990
4.8200 -0.1400 0.9990
4.8400 -0.1400 0.9970
4.8600 -0.1400 0.9580
4.8800 -0.1400 0.9580
4.9000 -0.1400 0.9580
4.9200 -0.1400 1.0050
4.9400 -0.1400 1.0200
4.9600 -0.1400 1.0366
4.9800 -0.1400 1.0366
5.0000 -0.1400 1.0580
5.0200 -0.1400 1.0666
5.0400 -0.1400 1.0660
5.0600 -0.1400 1.0660
5.0800 -0.1400 1.0560
5.1000 -0.1400 1.0476
5.1200 -0.1400 1.0316
5.1400 -0.1400 1.0310
5.1600 -0.1400 1.0250
5.1800 -0.1400 1.0390
5.2000 -0.1400 1.0390
5.2200 -0.1400 1.0366
5.2400 -0.1400 1.0140
5.2600 -0.1400 0.9940
0.0000 -0.1200 0.9580
0.0200 -0.1200 0.9616
0.0400 -0.1200 0.9616
0.0600 -0.1200 0.9568
0.0800 -0.1200 0.9490
0.1000 -0.1200 0.9490
0.1200 -0.1200 0.9450
0.1400 -0.1200 0.9514
0.1600 -0.1200 0.9580
0.1800 -0.1200 0.9916
0.2000 -0.1200 0.9916
0.2200 -0.1200 0.9990
0.2400 -0.1200 1.0038
0.2600 -0.1200 1.0050
0.2800 -0.1200 1.0050
0.3000 -0.1200 1.0098
0.3200 -0.1200 1.0110
0.3400 -0.1200 1.0098
0.3600 -0.1200 1.0068
0.3800 -0.1200 0.9940
0.4000 -0.1200 1.0008
0.4200 -0.1200 1.0080
0.4400 -0.1200 1.0110
0.4600 -0.1200 1.0068
0.4800 -0.1200 0.9940
0.5000 -0.1200 0.9790
0.5200 -0.1200 0.9790
0.5400 -0.1200 0.9700
0.5600 -0.1200 0.9688
0.5800 -0.1200 0.9580
0.6000 -0.1200 0.9568
0.6200 -0.1200 0.9616
0.6400 -0.1200 0.9544
0.6600 -0.1200 0.9616
0.6800 -0.1200 0.9580
0.7000 -0.1200 0.9700
0.7200 -0.1200 0.9778
0.7400 -0.1200 0.9880
0.7600 -0.1200 0.9880
0.7800 -0.1200 0.9940
0.8000 -0.1200 1.0280
0.8200 -0.1200 1.0408
0.8400 -0.1200 1.0500
0.8600 -0.1200 1.0500
0.8800 -0.1200 1.0500
0.9000 -0.1200 1.0536
0.9200 -0.1200 1.0450
0.9400 -0.1200 1.0408
0.9600 -0.1200 1.0390
0.9800 -0.1200 1.0408
1.0000 -0.1200 1.0450
1.0200 -0.1200 1.0450
1.0400 -0.1200 1.0352
1.0600 -0.1200 1.0340
1.0800 -0.1200 1.0298
1.1000 -0.1200 1.0268
1.1200 -0.1200 1.0250
1.1400 -0.1200 1.0220
1.1600 -0.1200 1.0200
1.1800 -0.1200 1.0188
1.2000 -0.1200 1.0200
1.2200 -0.1200 1.0212
1.2400 -0.1200 1.0200
1.2600 -0.1200 1.0200
1.2800 -0.1200 1.0110
1.3000 -0.1200 1.0140
1.3200 -0.1200 1.0188
1.3400 -0.1200 1.0188
1.3600 -0.1200 1.0220
1.3800 -0.1200 1.0352
1.4000 -0.1200 1.0500
1.4200 -0.1200 1.0500
1.4400 -0.1200 0.9996
1.4600 -0.1200 0.8660
1.4800 -0.1200 0.8640
1.5000 -0.1200 0.8690
1.5200 -0.1200 0.8678
1.5400 -0.1200 0.8690
1.5600 -0.1200 0.8800
1.5800 -0.1200 0.8892
1.6000 -0.1200 0.8880
1.6200 -0.1200 0.8930
1.6400 -0.1200 0.8850
1.6600 -0.1200 0.8820
1.6800 -0.1200 0.8838
1.7000 -0.1200 0.8726
1.7200 -0.1200 0.8736
1.7400 -0.1200 0.9338
1.7600 -0.1200 0.9600
1.7800 -0.1200 1.0690
1.8000 -0.1200 1.0660
1.8200 -0.1200 1.0660
1.8400 -0.1200 1.0660
1.8600 -0.1200 1.0568
1.8800 -0.1200 1.0500
1.9000 -0.1200 1.0488
1.9200 -0.1200 1.0470
1.9400 -0.1200 1.0536
1.9600 -0.1200 1.0640
1.9800 -0.1200 1.0690
2.0000 -0.1200 1.0678
2.0200 -0.1200 1.0640
2.0400 -0.1200 1.0726
2.0600 -0.1200 1.0726
2.0800 -0.1200 1.0678
2.1000 -0.1200 1.0660
2.1200 -0.1200 1.0678
2.1400 -0.1200 1.0610
2.1600 -0.1200 1.0610
2.1800 -0.1200 1.0598
2.2000 -0.1200 1.0536
2.2200 -0.1200 1.0450
2.2400 -0.1200 1.0450
2.2600 -0.1200 1.0470
2.2800 -0.1200 1.0390
2.3000 -0.1200 1.0360
2.3200 -0.1200 1.0340
2.3400 -0.1200 1.0328
2.3600 -0.1200 1.0340
2.3800 -0.1200 1.0352
2.4000 -0.1200 1.0390
2.4200 -0.1200 1.0390
2.4400 -0.1200 1.0470
2.4600 -0.1200 1.0598
2.4800 -0.1200 1.0726
2.5000 -0.1200 1.0690
2.5200 -0.1200 1.0980
2.5400 -0.1200 1.1030
2.5600 -0.1200 1.1110
2.5800 -0.1200 1.1110
2.6000 -0.1200 1.1110
2.6200 -0.1200 1.1098
2.6400 -0.1200 1.1060
2.6600 -0.1200 1.1060
2.6800 -0.1200 1.1010
2.7000 -0.1200 1.0930
2.7200 -0.1200 1.0942
2.7400 -0.1200 1.0900
2.7600 -0.1200 1.0918
2.7800 -0.1200 1.0800
2.8000 -0.1200 1.0690
2.8200 -0.1200 1.0750
2.8400 -0.1200 1.0726
2.8600 -0.1200 1.0690
2.8800 -0.1200 1.0678
2.9000 -0.1200 1.0660
2.9200 -0.1200 1.0660
2.9400 -0.1200 1.0580
2.9600 -0.1200 1.0488
2.9800 -0.1200 1.0450
3.0000 -0.1200 1.0408
3.0200 -0.1200 1.0378
3.0400 -0.1200 1.0488
3.0600 -0.1200 1.0572
3.0800 -0.1200 1.0560
3.1000 -0.1200 1.0660
3.1200 -0.1200 1.0820
3.1400 -0.1200 1.0800
3.1600 -0.1200 1.0800
3.1800 -0.1200 1.0726
3.2000 -0.1200 1.0500
3.2200 -0.1200 1.0268
3.2400 -0.1200 1.0268
3.2600 -0.1200 1.0170
3.2800 -0.1200 1.0000
3.3000 -0.1200 0.9760
3.3200 -0.1200 0.9760
3.3400 -0.1200 0.9640
3.3600 -0.1200 0.9616
3.3800 -0.1200 0.9526
3.4000 -0.1200 0.9490
3.4200 -0.1200 0.9474
3.4400 -0.1200 0.9526
3.4600 -0.1200 0.9640
3.4800 -0.1200 0.9760
3.5000 -0.1200 0.9760
3.5200 -0.1200 0.9760
3.5400 -0.1200 0.9868
3.5600 -0.1200 1.0026
3.5800 -0.1200 1.0008
3.6000 -0.1200 1.0068
3.6200 -0.1200 1.0200
3.6400 -0.1200 1.0340
3.6600 -0.1200 1.0310
3.6800 -0.1200 1.0360
3.7000 -0.1200 1.0378
3.7200 -0.1200 1.0420
3.7400 -0.1200 1.0408
3.7600 -0.1200 1.0408
3.7800 -0.1200 1.0536
3.8000 -0.1200 1.0500
3.8200 -0.1200 1.0470
3.8400 -0.1200 1.0340
3.8600 -0.1200 1.0268
3.8800 -0.1200 1.0238
3.9000 -0.1200 1.0238
3.9200 -0.1200 1.0188
3.9400 -0.1200 1.0026
3.9600 -0.1200 1.0026
3.9800 -0.1200 0.9990
4.0000 -0.1200 0.9982
4.0200 -0.1200 1.0110
4.0400 -0.1200 1.0158
4.0600 -0.1200 1.0140
4.0800 -0.1200 1.0220
4.1000 -0.1200 1.0298
4.1200 -0.1200 1.0408
4.1400 -0.1200 1.0488
4.1600 -0.1200 1.0470
4.1800 -0.1200 1.0500
4.2000 -0.1200 1.0470
4.2200 -0.1200 1.0450
4.2400 -0.1200 1.0450
4.2600 -0.1200 1.0408
4.2800 -0.1200 1.0340
4.3000 -0.1200 1.0250
4.3200 -0.1200 1.0268
4.3400 -0.1200 1.0250
4.3600 -0.1200 1.0212
4.3800 -0.1200 1.0200
4.4000 -0.1200 1.0200
4.4200 -0.1200 1.0140
4.4400 -0.1200 0.9970
4.4600 -0.1200 1.0038
4.4800 -0.1200 1.0050
4.5000 -0.1200 0.9958
4.5200 -0.1200 0.9970
4.5400 -0.1200 0.9982
4.5600 -0.1200 0.9970
4.5800 -0.1200 0.9970
4.6000 -0.1200 0.9916
4.6200 -0.1200 0.9880
4.6400 -0.1200 0.9880
4.6600 -0.1200 0.9970
4.6800 -0.1200 1.0128
4.7000 -0.1200 1.0200
4.7200 -0.1200 1.0200
4.7400 -0.1200 1.0420
4.7600 -0.1200 1.0390
4.7800 -0.1200 1.0390
4.8000 -0.1200 1.0098
4.8200 -0.1200 1.0098
4.8400 -0.1200 1.0008
4.8600 -0.1200 0.9568
4.8800 -0.1200 0.9670
4.9000 -0.1200 0.9688
4.9200 -0.1200 1.0140
4.9400 -0.1200 1.0268
4.9600 -0.1200 1.0420
4.9800 -0.1200 1.0450
5.0000 -0.1200 1.0660
5.0200 -0.1200 1.0800
5.0400 -0.1200 1.0800
5.0600 -0.1200 1.0770
5.0800 -0.1200 1.0610
5.1000 -0.1200 1.0560
5.1200 -0.1200 1.0378
5.1400 -0.1200 1.0390
5.1600 -0.1200 1.0298
5.1800 -0.1200 1.0450
5.2000 -0.1200 1.0500
5.2200 -0.1200 1.0488
5.2400 -0.1200 1.0200
5.2600 -0.1200 0.9990
0.0000 -0.1000 0.9670
0.0200 -0.1000 0.9670
0.0400 -0.1000 0.9670
0.0600 -0.1000 0.9580
0.0800 -0.1000 0.9580
0.1000 -0.1000 0.9580
0.1200 -0.1000 0.9450
0.1400 -0.1000 0.9550
0.1600 -0.1000 0.9670
0.1800 -0.1000 1.0020
0.2000 -0.1000 1.0020
0.2200 -0.1000 1.0050
0.2400 -0.1000 1.0140
0.2600 -0.1000 1.0110
0.2800 -0.1000 1.0110
0.3000 -0.1000 1.0140
0.3200 -0.1000 1.0200
0.3400 -0.1000 1.0140
0.3600 -0.1000 1.0140
0.3800 -0.1000 1.0050
0.4000 -0.1000 1.0140
0.4200 -0.1000 1.0110
0.4400 -0.1000 1.0110
0.4600 -0.1000 1.0110
0.4800 -0.1000 0.9990
0.5000 -0.1000 0.9880
0.5200 -0.1000 0.9850
0.5400 -0.1000 0.9790
0.5600 -0.1000 0.9760
0.5800 -0.1000 0.9700
0.6000 -0.1000 0.9700
0.6200 -0.1000 0.9760
0.6400 -0.1000 0.9700
0.6600 -0.1000 0.9700
0.6800 -0.1000 0.9700
0.7000 -0.1000 0.9760
0.7200 -0.1000 0.9880
0.7400 -0.1000 0.9970
0.7600 -0.1000 0.9940
0.7800 -0.1000 1.0050
0.8000 -0.1000 1.0390
0.8200 -0.1000 1.0500
0.8400 -0.1000 1.0580
0.8600 -0.1000 1.0580
0.8800 -0.1000 1.0580
0.9000 -0.1000 1.0610
0.9200 -0.1000 1.0500
0.9400 -0.1000 1.0500
0.9600 -0.1000 1.0470
0.9800 -0.1000 1.0500
1.0000 -0.1000 1.0500
1.0200 -0.1000 1.0500
1.0400 -0.1000 1.0420
1.0600 -0.1000 1.0500
1.0800 -0.1000 1.0390
1.1000 -0.1000 1.0390
1.1200 -0.1000 1.0360
1.1400 -0.1000 1.0310
1.1600 -0.1000 1.0280
1.1800 -0.1000 1.0250
1.2000 -0.1000 1.0250
1.2200 -0.1000 1.0250
1.2400 -0.1000 1.0250
1.2600 -0.1000 1.0250
1.2800 -0.1000 1.0140
1.3000 -0.1000 1.0220
1.3200 -0.1000 1.0250
1.3400 -0.1000 1.0250
1.3600 -0.1000 1.0340
1.3800 -0.1000 1.0470
1.4000 -0.1000 1.0560
1.4200 -0.1000 1.0580
1.4400 -0.1000 1.0090
1.4600 -0.1000 0.8710
1.4800 -0.1000 0.8690
1.5000 -0.1000 0.8690
1.5200 -0.1000 0.8770
1.5400 -0.1000 0.8900
1.5600 -0.1000 0.8930
1.5800 -0.1000 0.8930
1.6000 -0.1000 0.8930
1.6200 -0.1000 0.9010
1.6400 -0.1000 0.8880
1.6600 -0.1000 0.8900
1.6800 -0.1000 0.8930
1.7000 -0.1000 0.8900
1.7200 -0.1000 0.8890
1.7400 -0.1000 0.9850
1.7600 -0.1000 1.0120
1.7800 -0.1000 1.0770
1.8000 -0.1000 1.0690
1.8200 -0.1000 1.0750
1.8400 -0.1000 1.0690
1.8600 -0.1000 1.0610
1.8800 -0.1000 1.0560
1.9000 -0.1000 1.0580
1.9200 -0.1000 1.0610
1.9400 -0.1000 1.0610
1.9600 -0.1000 1.0690
1.9800 -0.1000 1.0750
2.0000 -0.1000 1.0750
2.0200 -0.1000 1.0770
2.0400 -0.1000 1.0820
2.0600 -0.1000 1.0820
2.0800 -0.1000 1.0820
2.1000 -0.1000 1.0850
2.1200 -0.1000 1.0850
2.1400 -0.1000 1.0750
2.1600 -0.1000 1.0690
2.1800 -0.1000 1.0690
2.2000 -0.1000 1.0610
2.2200 -0.1000 1.0560
2.2400 -0.1000 1.0420
2.2600 -0.1000 1.0420
2.2800 -0.1000 1.0390
2.3000 -0.1000 1.0390
2.3200 -0.1000 1.0420
2.3400 -0.1000 1.0420
2.3600 -0.1000 1.0390
2.3800 -0.1000 1.0420
2.4000 -0.1000 1.0500
2.4200 -0.1000 1.0500
2.4400 -0.1000 1.0560
2.4600 -0.1000 1.0660
2.4800 -0.1000 1.0850
2.5000 -0.1000 1.0880
2.5200 -0.1000 1.1010
2.5400 -0.1000 1.1110
2.5600 -0.1000 1.1160
2.5800 -0.1000 1.1160
2.6000 -0.1000 1.1180
2.6200 -0.1000 1.1130
2.6400 -0.1000 1.1110
2.6600 -0.1000 1.1110
2.6800 -0.1000 1.1060
2.7000 -0.1000 1.1010
2.7200 -0.1000 1.1010
2.7400 -0.1000 1.0980
2.7600 -0.1000 1.1010
2.7800 -0.1000 1.0900
2.8000 -0.1000 1.0880
2.8200 -0.1000 1.0850
2.8400 -0.1000 1.0820
2.8600 -0.1000 1.0770
2.8800 -0.1000 1.0770
2.9000 -0.1000 1.0690
2.9200 -0.1000 1.0660
2.9400 -0.1000 1.0660
2.9600 -0.1000 1.0580
2.9800 -0.1000 1.0500
3.0000 -0.1000 1.0500
3.0200 -0.1000 1.0420
3.0400 -0.1000 1.0580
3.0600 -0.1000 1.0660
3.0800 -0.1000 1.0610
3.1000 -0.1000 1.0820
3.1200 -0.1000 1.0880
3.1400 -0.1000 1.0880
3.1600 -0.1000 1.0880
3.1800 -0.1000 1.0880
3.2000 -0.1000 1.0610
3.2200 -0.1000 1.0390
3.2400 -0.1000 1.0390
3.2600 -0.1000 1.0220
3.2800 -0.1000 1.0110
3.3000 -0.1000 0.9880
3.3200 -0.1000 0.9880
3.3400 -0.1000 0.9700
3.3600 -0.1000 0.9670
3.3800 -0.1000 0.9580
3.4000 -0.1000 0.9580
3.4200 -0.1000 0.9580
3.4400 -0.1000 0.9640
3.4600 -0.1000 0.9700
3.4800 -0.1000 0.9790
3.5000 -0.1000 0.9850
3.5200 -0.1000 0.9970
3.5400 -0.1000 1.0020
3.5600 -0.1000 1.0110
3.5800 -0.1000 1.0110
3.6000 -0.1000 1.0170
3.6200 -0.1000 1.0250
3.6400 -0.1000 1.0390
3.6600 -0.1000 1.0390
3.6800 -0.1000 1.0470
3.7000 -0.1000 1.0470
3.7200 -0.1000 1.0420
3.7400 -0.1000 1.0470
3.7600 -0.1000 1.0500
3.7800 -0.1000 1.0610
3.8000 -0.1000 1.0580
3.8200 -0.1000 1.0580
3.8400 -0.1000 1.0420
3.8600 -0.1000 1.0360
3.8800 -0.1000 1.0360
3.9000 -0.1000 1.0360
3.9200 -0.1000 1.0220
3.9400 -0.1000 1.0140
3.9600 -0.1000 1.0170
3.9800 -0.1000 1.0140
4.0000 -0.1000 1.0200
4.0200 -0.1000 1.0280
4.0400 -0.1000 1.0280
4.0600 -0.1000 1.0250
4.0800 -0.1000 1.0360
4.1000 -0.1000 1.0470
4.1200 -0.1000 1.0500
4.1400 -0.1000 1.0580
4.1600 -0.1000 1.0580
4.1800 -0.1000 1.0610
4.2000 -0.1000 1.0560
4.2200 -0.1000 1.0500
4.2400 -0.1000 1.0500
4.2600 -0.1000 1.0470
4.2800 -0.1000 1.0390
4.3000 -0.1000 1.0360
4.3200 -0.1000 1.0360
4.3400 -0.1000 1.0340
4.3600 -0.1000 1.0340
4.3800 -0.1000 1.0250
4.4000 -0.1000 1.0250
4.4200 -0.1000 1.0220
4.4400 -0.1000 1.0140
4.4600 -0.1000 1.0110
4.4800 -0.1000 1.0110
4.5000 -0.1000 1.0080
4.5200 -0.1000 1.0080
4.5400 -0.1000 1.0080
4.5600 -0.1000 1.0080
4.5800 -0.1000 1.0080
4.6000 -0.1000 1.0050
4.6200 -0.1000 0.9970
4.6400 -0.1000 0.9970
4.6600 -0.1000 1.0080
4.6800 -0.1000 1.0200
4.7000 -0.1000 1.0250
4.7200 -0.1000 1.0250
4.7400 -0.1000 1.0500
4.7600 -0.1000 1.0500
4.7800 -0.1000 1.0500
4.8000 -0.1000 1.0200
4.8200 -0.1000 1.0200
4.8400 -0.1000 1.0110
4.8600 -0.1000 0.9640
4.8800 -0.1000 0.9790
4.9000 -0.1000 0.9760
4.9200 -0.1000 1.0220
4.9400 -0.1000 1.0390
4.9600 -0.1000 1.0560
4.9800 -0.1000 1.0560
5.0000 -0.1000 1.0770
5.0200 -0.1000 1.0950
5.0400 -0.1000 1.0850
5.0600 -0.1000 1.0880
5.0800 -0.1000 1.0660
5.1000 -0.1000 1.0610
5.1200 -0.1000 1.0390
5.1400 -0.1000 1.0390
5.1600 -0.1000 1.0360
5.1800 -0.1000 1.0560
5.2000 -0.1000 1.0610
5.2200 -0.1000 1.0580
5.2400 -0.1000 1.0250
5.2600 -0.1000 1.0140
0.0000 -0.0800 0.9790
0.0200 -0.0800 0.9790
0.0400 -0.0800 0.9724
0.0600 -0.0800 0.9652
0.0800 -0.0800 0.9670
0.1000 -0.0800 0.9640
0.1200 -0.0800 0.9580
0.1400 -0.0800 0.9682
0.1600 -0.0800 0.9772
0.1800 -0.0800 1.0140
0.2000 -0.0800 1.0122
0.2200 -0.0800 1.0140
0.2400 -0.0800 1.0200
0.2600 -0.0800 1.0170
0.2800 -0.0800 1.0200
0.3000 -0.0800 1.0200
0.3200 -0.0800 1.0220
0.3400 -0.0800 1.0200
0.3600 -0.0800 1.0200
0.3800 -0.0800 1.0140
0.4000 -0.0800 1.0212
0.4200 -0.0800 1.0200
0.4400 -0.0800 1.0200
0.4600 -0.0800 1.0140
0.4800 -0.0800 1.0020
0.5000 -0.0800 0.9990
0.5200 -0.0800 0.9990
0.5400 -0.0800 0.9850
0.5600 -0.0800 0.9880
0.5800 -0.0800 0.9790
0.6000 -0.0800 0.9790
0.6200 -0.0800 0.9790
0.6400 -0.0800 0.9850
0.6600 -0.0800 0.9850
0.6800 -0.0800 0.9850
0.7000 -0.0800 0.9850
0.7200 -0.0800 0.9982
0.7400 -0.0800 1.0050
0.7600 -0.0800 1.0050
0.7800 -0.0800 1.0140
0.8000 -0.0800 1.0500
0.8200 -0.0800 1.0610
0.8400 -0.0800 1.0690
0.8600 -0.0800 1.0660
0.8800 -0.0800 1.0714
0.9000 -0.0800 1.0640
0.9200 -0.0800 1.0560
0.9400 -0.0800 1.0560
0.9600 -0.0800 1.0580
0.9800 -0.0800 1.0598
1.0000 -0.0800 1.0560
1.0200 -0.0800 1.0560
1.0400 -0.0800 1.0568
1.0600 -0.0800 1.0630
1.0800 -0.0800 1.0568
1.1000 -0.0800 1.0568
1.1200 -0.0800 1.0524
1.1400 -0.0800 1.0372
1.1600 -0.0800 1.0390
1.1800 -0.0800 1.0348
1.2000 -0.0800 1.0360
1.2200 -0.0800 1.0360
1.2400 -0.0800 1.0348
1.2600 -0.0800 1.0340
1.2800 -0.0800 1.0208
1.3000 -0.0800 1.0292
1.3200 -0.0800 1.0348
1.3400 -0.0800 1.0348
1.3600 -0.0800 1.0470
1.3800 -0.0800 1.0560
1.4000 -0.0800 1.0630
1.4200 -0.0800 1.0660
1.4400 -0.0800 1.0244
1.4600 -0.0800 0.8770
1.4800 -0.0800 0.8750
1.5000 -0.0800 0.8820
1.5200 -0.0800 0.8850
1.5400 -0.0800 0.8930
1.5600 -0.0800 0.8980
1.5800 -0.0800 0.8980
1.6000 -0.0800 0.8980
1.6200 -0.0800 0.9030
1.6400 -0.0800 0.8938
1.6600 -0.0800 0.8938
1.6800 -0.0800 0.8950
1.7000 -0.0800 0.8950
1.7200 -0.0800 0.8954
1.7400 -0.0800 1.0404
1.7600 -0.0800 1.0596
1.7800 -0.0800 1.0820
1.8000 -0.0800 1.0770
1.8200 -0.0800 1.0762
1.8400 -0.0800 1.0762
1.8600 -0.0800 1.0672
1.8800 -0.0800 1.0610
1.9000 -0.0800 1.0678
1.9200 -0.0800 1.0678
1.9400 -0.0800 1.0690
1.9600 -0.0800 1.0770
1.9800 -0.0800 1.0850
2.0000 -0.0800 1.0850
2.0200 -0.0800 1.0820
2.0400 -0.0800 1.0888
2.0600 -0.0800 1.0880
2.0800 -0.0800 1.0880
2.1000 -0.0800 1.0880
2.1200 -0.0800 1.0892
2.1400 -0.0800 1.0838
2.1600 -0.0800 1.0862
2.1800 -0.0800 1.0850
2.2000 -0.0800 1.0750
2.2200 -0.0800 1.0630
2.2400 -0.0800 1.0500
2.2600 -0.0800 1.0500
2.2800 -0.0800 1.0420
2.3000 -0.0800 1.0390
2.3200 -0.0800 1.0500
2.3400 -0.0800 1.0470
2.3600 -0.0800 1.0500
2.3800 -0.0800 1.0470
2.4000 -0.0800 1.0560
2.4200 -0.0800 1.0560
2.4400 -0.0800 1.0610
2.4600 -0.0800 1.0758
2.4800 -0.0800 1.0850
2.5000 -0.0800 1.0880
2.5200 -0.0800 1.1010
2.5400 -0.0800 1.1130
2.5600 -0.0800 1.1230
2.5800 -0.0800 1.1230
2.6000 -0.0800 1.1260
2.6200 -0.0800 1.1160
2.6400 -0.0800 1.1172
2.6600 -0.0800 1.1168
2.6800 -0.0800 1.1080
2.7000 -0.0800 1.1080
2.7200 -0.0800 1.1080
2.7400 -0.0800 1.1080
2.7600 -0.0800 1.1068
2.7800 -0.0800 1.0962
2.8000 -0.0800 1.0950
2.8200 -0.0800 1.0930
2.8400 -0.0800 1.0930
2.8600 -0.0800 1.0850
2.8800 -0.0800 1.0850
2.9000 -0.0800 1.0770
2.9200 -0.0800 1.0758
2.9400 -0.0800 1.0690
2.9600 -0.0800 1.0690
2.9800 -0.0800 1.0560
3.0000 -0.0800 1.0560
3.0200 -0.0800 1.0500
3.0400 -0.0800 1.0610
3.0600 -0.0800 1.0750
3.0800 -0.0800 1.0750
3.1000 -0.0800 1.0838
3.1200 -0.0800 1.0892
3.1400 -0.0800 1.0880
3.1600 -0.0800 1.0880
3.1800 -0.0800 1.0942
3.2000 -0.0800 1.0820
3.2200 -0.0800 1.0524
3.2400 -0.0800 1.0524
3.2600 -0.0800 1.0340
3.2800 -0.0800 1.0200
3.3000 -0.0800 1.0002
3.3200 -0.0800 1.0002
3.3400 -0.0800 0.9904
3.3600 -0.0800 0.9790
3.3800 -0.0800 0.9724
3.4000 -0.0800 0.9724
3.4200 -0.0800 0.9700
3.4400 -0.0800 0.9790
3.4600 -0.0800 0.9880
3.4800 -0.0800 0.9952
3.5000 -0.0800 0.9952
3.5200 -0.0800 1.0122
3.5400 -0.0800 1.0122
3.5600 -0.0800 1.0170
3.5800 -0.0800 1.0170
3.6000 -0.0800 1.0250
3.6200 -0.0800 1.0322
3.6400 -0.0800 1.0524
3.6600 -0.0800 1.0560
3.6800 -0.0800 1.0560
3.7000 -0.0800 1.0580
3.7200 -0.0800 1.0568
3.7400 -0.0800 1.0560
3.7600 -0.0800 1.0660
3.7800 -0.0800 1.0678
3.8000 -0.0800 1.0630
3.8200 -0.0800 1.0610
3.8400 -0.0800 1.0524
3.8600 -0.0800 1.0524
3.8800 -0.0800 1.0500
3.9000 -0.0800 1.0500
3.9200 -0.0800 1.0372
3.9400 -0.0800 1.0220
3.9600 -0.0800 1.0232
3.9800 -0.0800 1.0232
4.0000 -0.0800 1.0292
4.0200 -0.0800 1.0408
4.0400 -0.0800 1.0360
4.0600 -0.0800 1.0348
4.0800 -0.0800 1.0560
4.1000 -0.0800 1.0560
4.1200 -0.0800 1.0598
4.1400 -0.0800 1.0758
4.1600 -0.0800 1.0750
4.1800 -0.0800 1.0678
4.2000 -0.0800 1.0660
4.2200 -0.0800 1.0580
4.2400 -0.0800 1.0580
4.2600 -0.0800 1.0580
4.2800 -0.0800 1.0470
4.3000 -0.0800 1.0390
4.3200 -0.0800 1.0390
4.3400 -0.0800 1.0420
4.3600 -0.0800 1.0440
4.3800 -0.0800 1.0360
4.4000 -0.0800 1.0360
4.4200 -0.0800 1.0280
4.4400 -0.0800 1.0220
4.4600 -0.0800 1.0200
4.4800 -0.0800 1.0200
4.5000 -0.0800 1.0182
4.5200 -0.0800 1.0200
4.5400 -0.0800 1.0152
4.5600 -0.0800 1.0152
4.5800 -0.0800 1.0200
4.6000 -0.0800 1.0140
4.6200 -0.0800 1.0110
4.6400 -0.0800 1.0110
4.6600 -0.0800 1.0140
4.6800 -0.0800 1.0280
4.7000 -0.0800 1.0390
4.7200 -0.0800 1.0372
4.7400 -0.0800 1.0610
4.7600 -0.0800 1.0572
4.7800 -0.0800 1.0610
4.8000 -0.0800 1.0322
4.8200 -0.0800 1.0292
4.8400 -0.0800 1.0200
4.8600 -0.0800 0.9814
4.8800 -0.0800 0.9952
4.9000 -0.0800 0.9970
4.9200 -0.0800 1.0340
4.9400 -0.0800 1.0524
4.9600 -0.0800 1.0690
4.9800 -0.0800 1.0690
5.0000 -0.0800 1.0880
5.0200 -0.0800 1.0942
5.0400 -0.0800 1.0880
5.0600 -0.0800 1.0880
5.0800 -0.0800 1.0750
5.1000 -0.0800 1.0660
5.1200 -0.0800 1.0500
5.1400 -0.0800 1.0488
5.1600 -0.0800 1.0470
5.1800 -0.0800 1.0660
5.2000 -0.0800 1.0660
5.2200 -0.0800 1.0610
5.2400 -0.0800 1.0360
5.2600 -0.0800 1.0220
0.0000 -0.0600 0.9850
0.0200 -0.0600 0.9838
0.0400 -0.0600 0.9784
0.0600 -0.0600 0.9760
0.0800 -0.0600 0.9700
0.1000 -0.0600 0.9700
0.1200 -0.0600 0.9694
0.1400 -0.0600 0.9784
0.1600 -0.0600 0.9928
0.1800 -0.0600 1.0200
0.2000 -0.0600 1.0200
0.2200 -0.0600 1.0220
0.2400 -0.0600 1.0244
0.2600 -0.0600 1.0220
0.2800 -0.0600 1.0244
0.3000 -0.0600 1.0274
0.3200 -0.0600 1.0250
0.3400 -0.0600 1.0250
0.3600 -0.0600 1.0250
0.3800 -0.0600 1.0200
0.4000 -0.0600 1.0220
0.4200 -0.0600 1.0250
0.4400 -0.0600 1.0220
0.4600 -0.0600 1.0200
0.4800 -0.0600 1.0110
0.5000 -0.0600 1.0020
0.5200 -0.0600 1.0044
0.5400 -0.0600 0.9986
0.5600 -0.0600 0.9964
0.5800 -0.0600 0.9986
0.6000 -0.0600 1.0014
0.6200 -0.0600 0.9986
0.6400 -0.0600 0.9964
0.6600 -0.0600 1.0014
0.6800 -0.0600 1.0014
0.7000 -0.0600 0.9986
0.7200 -0.0600 1.0014
0.7400 -0.0600 1.0200
0.7600 -0.0600 1.0194
0.7800 -0.0600 1.0200
0.8000 -0.0600 1.0500
0.8200 -0.0600 1.0660
0.8400 -0.0600 1.0690
0.8600 -0.0600 1.0666
0.8800 -0.0600 1.0660
0.9000 -0.0600 1.0660
0.9200 -0.0600 1.0610
0.9400 -0.0600 1.0610
0.9600 -0.0600 1.0650
0.9800 -0.0600 1.0610
1.0000 -0.0600 1.0580
1.0200 -0.0600 1.0560
1.0400 -0.0600 1.0580
1.0600 -0.0600 1.0660
1.0800 -0.0600 1.0610
1.1000 -0.0600 1.0586
1.1200 -0.0600 1.0580
1.1400 -0.0600 1.0420
1.1600 -0.0600 1.0470
1.1800 -0.0600 1.0420
1.2000 -0.0600 1.0390
1.2200 -0.0600 1.0390
1.2400 -0.0600 1.0420
1.2600 -0.0600 1.0390
1.2800 -0.0600 1.0250
1.3000 -0.0600 1.0310
1.3200 -0.0600 1.0360
1.3400 -0.0600 1.0360
1.3600 -0.0600 1.0494
1.3800 -0.0600 1.0604
1.4000 -0.0600 1.0750
1.4200 -0.0600 1.0770
1.4400 -0.0600 1.0290
1.4600 -0.0600 0.8840
1.4800 -0.0600 0.8770
1.5000 -0.0600 0.8850
1.5200 -0.0600 0.8880
1.5400 -0.0600 0.8930
1.5600 -0.0600 0.8980
1.5800 -0.0600 0.9010
1.6000 -0.0600 0.9010
1.6200 -0.0600 0.9010
1.6400 -0.0600 0.8950
1.6600 -0.0600 0.8974
1.6800 -0.0600 0.8950
1.7000 -0.0600 0.8894
1.7200 -0.0600 0.9044
1.7400 -0.0600 1.0694
1.7600 -0.0600 1.0794
1.7800 -0.0600 1.0820
1.8000 -0.0600 1.0820
1.8200 -0.0600 1.0820
1.8400 -0.0600 1.0810
1.8600 -0.0600 1.0690
1.8800 -0.0600 1.0738
1.9000 -0.0600 1.0770
1.9200 -0.0600 1.0770
1.9400 -0.0600 1.0766
1.9600 -0.0600 1.0844
1.9800 -0.0600 1.0880
2.0000 -0.0600 1.0880
2.0200 -0.0600 1.0850
2.0400 -0.0600 1.0930
2.0600 -0.0600 1.0896
2.0800 -0.0600 1.0924
2.1000 -0.0600 1.0880
2.1200 -0.0600 1.0856
2.1400 -0.0600 1.0880
2.1600 -0.0600 1.0900
2.1800 -0.0600 1.0900
2.2000 -0.0600 1.0820
2.2200 -0.0600 1.0738
2.2400 -0.0600 1.0610
2.2600 -0.0600 1.0610
2.2800 -0.0600 1.0390
2.3000 -0.0600 1.0396
2.3200 -0.0600 1.0470
2.3400 -0.0600 1.0494
2.3600 -0.0600 1.0610
2.3800 -0.0600 1.0604
2.4000 -0.0600 1.0610
2.4200 -0.0600 1.0610
2.4400 -0.0600 1.0660
2.4600 -0.0600 1.0820
2.4800 -0.0600 1.0900
2.5000 -0.0600 1.0900
2.5200 -0.0600 1.1076
2.5400 -0.0600 1.1130
2.5600 -0.0600 1.1260
2.5800 -0.0600 1.1260
2.6000 -0.0600 1.1260
2.6200 -0.0600 1.1226
2.6400 -0.0600 1.1210
2.6600 -0.0600 1.1180
2.6800 -0.0600 1.1110
2.7000 -0.0600 1.1110
2.7200 -0.0600 1.1126
2.7400 -0.0600 1.1126
2.7600 -0.0600 1.1110
2.7800 -0.0600 1.1010
2.8000 -0.0600 1.1010
2.8200 -0.0600 1.0980
2.8400 -0.0600 1.0980
2.8600 -0.0600 1.0924
2.8800 -0.0600 1.0924
2.9000 -0.0600 1.0874
2.9200 -0.0600 1.0874
2.9400 -0.0600 1.0770
2.9600 -0.0600 1.0660
2.9800 -0.0600 1.0560
3.0000 -0.0600 1.0560
3.0200 -0.0600 1.0576
3.0400 -0.0600 1.0684
3.0600 -0.0600 1.0766
3.0800 -0.0600 1.0770
3.1000 -0.0600 1.0844
3.1200 -0.0600 1.0950
3.1400 -0.0600 1.0924
3.1600 -0.0600 1.0924
3.1800 -0.0600 1.0930
3.2000 -0.0600 1.0880
3.2200 -0.0600 1.0580
3.2400 -0.0600 1.0560
3.2600 -0.0600 1.0390
3.2800 -0.0600 1.0274
3.3000 -0.0600 1.0110
3.3200 -0.0600 1.0110
3.3400 -0.0600 0.9990
3.3600 -0.0600 0.9928
3.3800 -0.0600 0.9850
3.4000 -0.0600 0.9850
3.4200 -0.0600 0.9874
3.4400 -0.0600 0.9940
3.4600 -0.0600 1.0020
3.4800 -0.0600 1.0074
3.5000 -0.0600 1.0104
3.5200 -0.0600 1.0200
3.5400 -0.0600 1.0194
3.5600 -0.0600 1.0200
3.5800 -0.0600 1.0200
3.6000 -0.0600 1.0360
3.6200 -0.0600 1.0414
3.6400 -0.0600 1.0604
3.6600 -0.0600 1.0580
3.6800 -0.0600 1.0650
3.7000 -0.0600 1.0690
3.7200 -0.0600 1.0690
3.7400 -0.0600 1.0690
3.7600 -0.0600 1.0690
3.7800 -0.0600 1.0750
3.8000 -0.0600 1.0750
3.8200 -0.0600 1.0750
3.8400 -0.0600 1.0684
3.8600 -0.0600 1.0580
3.8800 -0.0600 1.0500
3.9000 -0.0600 1.0500
3.9200 -0.0600 1.0420
3.9400 -0.0600 1.0356
3.9600 -0.0600 1.0360
3.9800 -0.0600 1.0310
4.0000 -0.0600 1.0360
4.0200 -0.0600 1.0360
4.0400 -0.0600 1.0420
4.0600 -0.0600 1.0414
4.0800 -0.0600 1.0560
4.1000 -0.0600 1.0580
4.1200 -0.0600 1.0610
4.1400 -0.0600 1.0850
4.1600 -0.0600 1.0820
4.1800 -0.0600 1.0770
4.2000 -0.0600 1.0770
4.2200 -0.0600 1.0684
4.2400 -0.0600 1.0660
4.2600 -0.0600 1.0660
4.2800 -0.0600 1.0576
4.3000 -0.0600 1.0500
4.3200 -0.0600 1.0494
4.3400 -0.0600 1.0500
4.3600 -0.0600 1.0500
4.3800 -0.0600 1.0420
4.4000 -0.0600 1.0420
4.4200 -0.0600 1.0414
4.4400 -0.0600 1.0340
4.4600 -0.0600 1.0244
4.4800 -0.0600 1.0244
4.5000 -0.0600 1.0244
4.5200 -0.0600 1.0244
4.5400 -0.0600 1.0244
4.5600 -0.0600 1.0250
4.5800 -0.0600 1.0250
4.6000 -0.0600 1.0200
4.6200 -0.0600 1.0200
4.6400 -0.0600 1.0200
4.6600 -0.0600 1.0244
4.6800 -0.0600 1.0356
4.7000 -0.0600 1.0420
4.7200 -0.0600 1.0460
4.7400 -0.0600 1.0690
4.7600 -0.0600 1.0560
4.7800 -0.0600 1.0580
4.8000 -0.0600 1.0420
4.8200 -0.0600 1.0396
4.8400 -0.0600 1.0274
4.8600 -0.0600 0.9940
4.8800 -0.0600 1.0044
4.9000 -0.0600 1.0080
4.9200 -0.0600 1.0390
4.9400 -0.0600 1.0586
4.9600 -0.0600 1.0690
4.9800 -0.0600 1.0702
5.0000 -0.0600 1.0880
5.0200 -0.0600 1.0930
5.0400 -0.0600 1.0930
5.0600 -0.0600 1.0930
5.0800 -0.0600 1.0820
5.1000 -0.0600 1.0660
5.1200 -0.0600 1.0476
5.1400 -0.0600 1.0500
5.1600 -0.0600 1.0500
5.1800 -0.0600 1.0660
5.2000 -0.0600 1.0690
5.2200 -0.0600 1.0660
5.2400 -0.0600 1.0500
5.2600 -0.0600 1.0304
0.0000 -0.0400 0.9940
0.0200 -0.0400 0.9946
0.0400 -0.0400 0.9892
0.0600 -0.0400 0.9946
0.0800 -0.0400 0.9856
0.1000 -0.0400 0.9856
0.1200 -0.0400 0.9802
0.1400 -0.0400 0.9940
0.1600 -0.0400 1.0086
0.1800 -0.0400 1.0250
0.2000 -0.0400 1.0250
0.2200 -0.0400 1.0250
0.2400 -0.0400 1.0310
0.2600 -0.0400 1.0316
0.2800 -0.0400 1.0340
0.3000 -0.0400 1.0390
0.3200 -0.0400 1.0390
0.3400 -0.0400 1.0366
0.3600 -0.0400 1.0390
0.3800 -0.0400 1.0286
0.4000 -0.0400 1.0256
0.4200 -0.0400 1.0280
0.4400 -0.0400 1.0256
0.4600 -0.0400 1.0220
0.4800 -0.0400 1.0204
0.5000 -0.0400 1.0116
0.5200 -0.0400 1.0116
0.5400 -0.0400 1.0170
0.5600 -0.0400 1.0110
0.5800 -0.0400 1.0140
0.6000 -0.0400 1.0140
0.6200 -0.0400 1.0086
0.6400 -0.0400 1.0110
0.6600 -0.0400 1.0110
0.6800 -0.0400 1.0110
0.7000 -0.0400 1.0116
0.7200 -0.0400 1.0110
0.7400 -0.0400 1.0250
0.7600 -0.0400 1.0250
0.7800 -0.0400 1.0250
0.8000 -0.0400 1.0560
0.8200 -0.0400 1.0580
0.8400 -0.0400 1.0650
0.8600 -0.0400 1.0610
0.8800 -0.0400 1.0610
0.9000 -0.0400 1.0610
0.9200 -0.0400 1.0610
0.9400 -0.0400 1.0610
0.9600 -0.0400 1.0586
0.9800 -0.0400 1.0586
1.0000 -0.0400 1.0660
1.0200 -0.0400 1.0660
1.0400 -0.0400 1.0580
1.0600 -0.0400 1.0610
1.0800 -0.0400 1.0560
1.1000 -0.0400 1.0560
1.1200 -0.0400 1.0470
1.1400 -0.0400 1.0476
1.1600 -0.0400 1.0470
1.1800 -0.0400 1.0430
1.2000 -0.0400 1.0390
1.2200 -0.0400 1.0470
1.2400 -0.0400 1.0420
1.2600 -0.0400 1.0414
1.2800 -0.0400 1.0366
1.3000 -0.0400 1.0396
1.3200 -0.0400 1.0470
1.3400 -0.0400 1.0430
1.3600 -0.0400 1.0560
1.3800 -0.0400 1.0666
1.4000 -0.0400 1.0770
1.4200 -0.0400 1.0820
1.4400 -0.0400 1.0300
1.4600 -0.0400 0.8900
1.4800 -0.0400 0.8884
1.5000 -0.0400 0.8880
1.5200 -0.0400 0.8880
1.5400 -0.0400 0.9010
1.5600 -0.0400 0.8986
1.5800 -0.0400 0.9010
1.6000 -0.0400 0.9010
1.6200 -0.0400 0.9060
1.6400 -0.0400 0.8906
1.6600 -0.0400 0.8930
1.6800 -0.0400 0.8950
1.7000 -0.0400 0.8890
1.7200 -0.0400 0.9362
1.7400 -0.0400 1.0852
1.7600 -0.0400 1.0882
1.7800 -0.0400 1.0910
1.8000 -0.0400 1.0900
1.8200 -0.0400 1.0910
1.8400 -0.0400 1.0910
1.8600 -0.0400 1.0820
1.8800 -0.0400 1.0770
1.9000 -0.0400 1.0820
1.9200 -0.0400 1.0826
1.9400 -0.0400 1.0820
1.9600 -0.0400 1.0906
1.9800 -0.0400 1.0940
2.0000 -0.0400 1.0940
2.0200 -0.0400 1.0900
2.0400 -0.0400 1.0980
2.0600 -0.0400 1.0980
2.0800 -0.0400 1.0986
2.1000 -0.0400 1.0900
2.1200 -0.0400 1.0850
2.1400 -0.0400 1.0906
2.1600 -0.0400 1.0934
2.1800 -0.0400 1.0940
2.2000 -0.0400 1.0856
2.2200 -0.0400 1.0780
2.2400 -0.0400 1.0690
2.2600 -0.0400 1.0666
2.2800 -0.0400 1.0470
2.3000 -0.0400 1.0430
2.3200 -0.0400 1.0586
2.3400 -0.0400 1.0610
2.3600 -0.0400 1.0660
2.3800 -0.0400 1.0666
2.4000 -0.0400 1.0770
2.4200 -0.0400 1.0770
2.4400 -0.0400 1.0690
2.4600 -0.0400 1.0856
2.4800 -0.0400 1.1010
2.5000 -0.0400 1.1010
2.5200 -0.0400 1.1114
2.5400 -0.0400 1.1214
2.5600 -0.0400 1.1310
2.5800 -0.0400 1.1310
2.6000 -0.0400 1.1330
2.6200 -0.0400 1.1314
2.6400 -0.0400 1.1270
2.6600 -0.0400 1.1236
2.6800 -0.0400 1.1180
2.7000 -0.0400 1.1160
2.7200 -0.0400 1.1160
2.7400 -0.0400 1.1160
2.7600 -0.0400 1.1130
2.7800 -0.0400 1.1060
2.8000 -0.0400 1.1060
2.8200 -0.0400 1.1030
2.8400 -0.0400 1.1014
2.8600 -0.0400 1.0980
2.8800 -0.0400 1.1010
2.9000 -0.0400 1.0906
2.9200 -0.0400 1.0900
2.9400 -0.0400 1.0826
2.9600 -0.0400 1.0702
2.9800 -0.0400 1.0610
3.0000 -0.0400 1.0586
3.0200 -0.0400 1.0610
3.0400 -0.0400 1.0750
3.0600 -0.0400 1.0826
3.0800 -0.0400 1.0850
3.1000 -0.0400 1.0906
3.1200 -0.0400 1.0980
3.1400 -0.0400 1.0986
3.1600 -0.0400 1.0986
3.1800 -0.0400 1.0980
3.2000 -0.0400 1.0880
3.2200 -0.0400 1.0586
3.2400 -0.0400 1.0610
3.2600 -0.0400 1.0420
3.2800 -0.0400 1.0356
3.3000 -0.0400 1.0200
3.3200 -0.0400 1.0176
3.3400 -0.0400 1.0086
3.3600 -0.0400 1.0056
3.3800 -0.0400 0.9974
3.4000 -0.0400 0.9974
3.4200 -0.0400 1.0020
3.4400 -0.0400 0.9990
3.4600 -0.0400 1.0086
3.4800 -0.0400 1.0176
3.5000 -0.0400 1.0170
3.5200 -0.0400 1.0226
3.5400 -0.0400 1.0226
3.5600 -0.0400 1.0250
3.5800 -0.0400 1.0250
3.6000 -0.0400 1.0420
3.6200 -0.0400 1.0420
3.6400 -0.0400 1.0660
3.6600 -0.0400 1.0620
3.6800 -0.0400 1.0690
3.7000 -0.0400 1.0770
3.7200 -0.0400 1.0690
3.7400 -0.0400 1.0750
3.7600 -0.0400 1.0750
3.7800 -0.0400 1.0660
3.8000 -0.0400 1.0750
3.8200 -0.0400 1.0750
3.8400 -0.0400 1.0770
3.8600 -0.0400 1.0586
3.8800 -0.0400 1.0580
3.9000 -0.0400 1.0560
3.9200 -0.0400 1.0420
3.9400 -0.0400 1.0470
3.9600 -0.0400 1.0390
3.9800 -0.0400 1.0360
4.0000 -0.0400 1.0390
4.0200 -0.0400 1.0396
4.0400 -0.0400 1.0430
4.0600 -0.0400 1.0420
4.0800 -0.0400 1.0560
4.1000 -0.0400 1.0580
4.1200 -0.0400 1.0702
4.1400 -0.0400 1.0780
4.1600 -0.0400 1.0820
4.1800 -0.0400 1.0906
4.2000 -0.0400 1.0880
4.2200 -0.0400 1.0884
4.2400 -0.0400 1.0860
4.2600 -0.0400 1.0702
4.2800 -0.0400 1.0702
4.3000 -0.0400 1.0560
4.3200 -0.0400 1.0564
4.3400 -0.0400 1.0500
4.3600 -0.0400 1.0476
4.3800 -0.0400 1.0470
4.4000 -0.0400 1.0476
4.4200 -0.0400 1.0470
4.4400 -0.0400 1.0390
4.4600 -0.0400 1.0366
4.4800 -0.0400 1.0366
4.5000 -0.0400 1.0316
4.5200 -0.0400 1.0316
4.5400 -0.0400 1.0286
4.5600 -0.0400 1.0316
4.5800 -0.0400 1.0344
4.6000 -0.0400 1.0286
4.6200 -0.0400 1.0256
4.6400 -0.0400 1.0256
4.6600 -0.0400 1.0360
4.6800 -0.0400 1.0430
4.7000 -0.0400 1.0500
4.7200 -0.0400 1.0500
4.7400 -0.0400 1.0610
4.7600 -0.0400 1.0586
4.7800 -0.0400 1.0620
4.8000 -0.0400 1.0414
4.8200 -0.0400 1.0390
4.8400 -0.0400 1.0340
4.8600 -0.0400 0.9990
4.8800 -0.0400 1.0140
4.9000 -0.0400 1.0146
4.9200 -0.0400 1.0420
4.9400 -0.0400 1.0560
4.9600 -0.0400 1.0702
4.9800 -0.0400 1.0750
5.0000 -0.0400 1.0900
5.0200 -0.0400 1.0930
5.0400 -0.0400 1.0950
5.0600 -0.0400 1.0950
5.0800 -0.0400 1.0770
5.1000 -0.0400 1.0660
5.1200 -0.0400 1.0470
5.1400 -0.0400 1.0470
5.1600 -0.0400 1.0470
5.1800 -0.0400 1.0580
5.2000 -0.0400 1.0610
5.2200 -0.0400 1.0610
5.2400 -0.0400 1.0548
5.2600 -0.0400 1.0420
0.0000 -0.0200 1.0038
0.0200 -0.0200 1.0050
0.0400 -0.0200 1.0020
0.0600 -0.0200 1.0068
0.0800 -0.0200 0.9982
0.1000 -0.0200 1.0008
0.1200 -0.0200 0.9970
0.1400 -0.0200 0.9990
0.1600 -0.0200 1.0140
0.1800 -0.0200 1.0298
0.2000 -0.0200 1.0310
0.2200 -0.0200 1.0280
0.2400 -0.0200 1.0340
0.2600 -0.0200 1.0378
0.2800 -0.0200 1.0390
0.3000 -0.0200 1.0500
0.3200 -0.0200 1.0500
0.3400 -0.0200 1.0470
0.3600 -0.0200 1.0470
0.3800 -0.0200 1.0408
0.4000 -0.0200 1.0360
0.4200 -0.0200 1.0310
0.4400 -0.0200 1.0280
0.4600 -0.0200 1.0250
0.4800 -0.0200 1.0250
0.5000 -0.0200 1.0200
0.5200 -0.0200 1.0212
0.5400 -0.0200 1.0200
0.5600 -0.0200 1.0170
0.5800 -0.0200 1.0188
0.6000 -0.0200 1.0170
0.6200 -0.0200 1.0140
0.6400 -0.0200 1.0140
0.6600 -0.0200 1.0188
0.6800 -0.0200 1.0188
0.7000 -0.0200 1.0188
0.7200 -0.0200 1.0188
0.7400 -0.0200 1.0310
0.7600 -0.0200 1.0298
0.7800 -0.0200 1.0280
0.8000 -0.0200 1.0560
0.8200 -0.0200 1.0580
0.8400 -0.0200 1.0610
0.8600 -0.0200 1.0610
0.8800 -0.0200 1.0660
0.9000 -0.0200 1.0610
0.9200 -0.0200 1.0560
0.9400 -0.0200 1.0580
0.9600 -0.0200 1.0568
0.9800 -0.0200 1.0592
1.0000 -0.0200 1.0610
1.0200 -0.0200 1.0610
1.0400 -0.0200 1.0568
1.0600 -0.0200 1.0580
1.0800 -0.0200 1.0500
1.1000 -0.0200 1.0524
1.1200 -0.0200 1.0500
1.1400 -0.0200 1.0402
1.1600 -0.0200 1.0470
1.1800 -0.0200 1.0470
1.2000 -0.0200 1.0390
1.2200 -0.0200 1.0420
1.2400 -0.0200 1.0420
1.2600 -0.0200 1.0408
1.2800 -0.0200 1.0390
1.3000 -0.0200 1.0470
1.3200 -0.0200 1.0560
1.3400 -0.0200 1.0560
1.3600 -0.0200 1.0580
1.3800 -0.0200 1.0750
1.4000 -0.0200 1.0850
1.4200 -0.0200 1.0850
1.4400 -0.0200 1.0436
1.4600 -0.0200 0.8942
1.4800 -0.0200 0.8950
1.5000 -0.0200 0.8980
1.5200 -0.0200 0.8998
1.5400 -0.0200 0.9060
1.5600 -0.0200 0.9060
1.5800 -0.0200 0.9080
1.6000 -0.0200 0.9060
1.6200 -0.0200 0.9060
1.6400 -0.0200 0.8998
1.6600 -0.0200 0.8980
1.6800 -0.0200 0.8980
1.7000 -0.0200 0.8966
1.7200 -0.0200 0.9912
1.7400 -0.0200 1.0976
1.7600 -0.0200 1.0968
1.7800 -0.0200 1.0980
1.8000 -0.0200 1.0930
1.8200 -0.0200 1.1010
1.8400 -0.0200 1.1010
1.8600 -0.0200 1.0880
1.8800 -0.0200 1.0850
1.9000 -0.0200 1.0892
1.9200 -0.0200 1.0892
1.9400 -0.0200 1.0942
1.9600 -0.0200 1.1022
1.9800 -0.0200 1.1060
2.0000 -0.0200 1.1060
2.0200 -0.0200 1.1022
2.0400 -0.0200 1.1048
2.0600 -0.0200 1.1022
2.0800 -0.0200 1.1048
2.1000 -0.0200 1.1010
2.1200 -0.0200 1.0998
2.1400 -0.0200 1.1010
2.1600 -0.0200 1.1022
2.1800 -0.0200 1.1022
2.2000 -0.0200 1.0968
2.2200 -0.0200 1.0838
2.2400 -0.0200 1.0770
2.2600 -0.0200 1.0770
2.2800 -0.0200 1.0598
2.3000 -0.0200 1.0572
2.3200 -0.0200 1.0672
2.3400 -0.0200 1.0672
2.3600 -0.0200 1.0690
2.3800 -0.0200 1.0750
2.4000 -0.0200 1.0820
2.4200 -0.0200 1.0838
2.4400 -0.0200 1.0838
2.4600 -0.0200 1.0980
2.4800 -0.0200 1.1080
2.5000 -0.0200 1.1080
2.5200 -0.0200 1.1198
2.5400 -0.0200 1.1322
2.5600 -0.0200 1.1422
2.5800 -0.0200 1.1422
2.6000 -0.0200 1.1460
2.6200 -0.0200 1.1410
2.6400 -0.0200 1.1398
2.6600 -0.0200 1.1380
2.6800 -0.0200 1.1222
2.7000 -0.0200 1.1210
2.7200 -0.0200 1.1222
2.7400 -0.0200 1.1222
2.7600 -0.0200 1.1210
2.7800 -0.0200 1.1110
2.8000 -0.0200 1.1110
2.8200 -0.0200 1.1080
2.8400 -0.0200 1.1080
2.8600 -0.0200 1.1040
2.8800 -0.0200 1.1060
2.9000 -0.0200 1.1022
2.9200 -0.0200 1.1010
2.9400 -0.0200 1.0968
2.9600 -0.0200 1.0838
2.9800 -0.0200 1.0726
3.0000 -0.0200 1.0678
3.0200 -0.0200 1.0660
3.0400 -0.0200 1.0750
3.0600 -0.0200 1.0880
3.0800 -0.0200 1.0900
3.1000 -0.0200 1.0980
3.1200 -0.0200 1.1022
3.1400 -0.0200 1.1048
3.1600 -0.0200 1.1048
3.1800 -0.0200 1.1072
3.2000 -0.0200 1.0918
3.2200 -0.0200 1.0592
3.2400 -0.0200 1.0580
3.2600 -0.0200 1.0440
3.2800 -0.0200 1.0348
3.3000 -0.0200 1.0220
3.3200 -0.0200 1.0220
3.3400 -0.0200 1.0140
3.3600 -0.0200 1.0080
3.3800 -0.0200 1.0038
3.4000 -0.0200 1.0050
3.4200 -0.0200 1.0080
3.4400 -0.0200 1.0110
3.4600 -0.0200 1.0140
3.4800 -0.0200 1.0220
3.5000 -0.0200 1.0220
3.5200 -0.0200 1.0280
3.5400 -0.0200 1.0280
3.5600 -0.0200 1.0292
3.5800 -0.0200 1.0280
3.6000 -0.0200 1.0390
3.6200 -0.0200 1.0390
3.6400 -0.0200 1.0660
3.6600 -0.0200 1.0690
3.6800 -0.0200 1.0750
3.7000 -0.0200 1.0758
3.7200 -0.0200 1.0750
3.7400 -0.0200 1.0758
3.7600 -0.0200 1.0714
3.7800 -0.0200 1.0690
3.8000 -0.0200 1.0770
3.8200 -0.0200 1.0800
3.8400 -0.0200 1.0714
3.8600 -0.0200 1.0610
3.8800 -0.0200 1.0580
3.9000 -0.0200 1.0560
3.9200 -0.0200 1.0440
3.9400 -0.0200 1.0482
3.9600 -0.0200 1.0390
3.9800 -0.0200 1.0408
4.0000 -0.0200 1.0420
4.0200 -0.0200 1.0500
4.0400 -0.0200 1.0470
4.0600 -0.0200 1.0470
4.0800 -0.0200 1.0560
4.1000 -0.0200 1.0660
4.1200 -0.0200 1.0868
4.1400 -0.0200 1.0918
4.1600 -0.0200 1.0918
4.1800 -0.0200 1.0980
4.2000 -0.0200 1.0942
4.2200 -0.0200 1.0980
4.2400 -0.0200 1.0980
4.2600 -0.0200 1.0838
4.2800 -0.0200 1.0800
4.3000 -0.0200 1.0660
4.3200 -0.0200 1.0610
4.3400 -0.0200 1.0560
4.3600 -0.0200 1.0500
4.3800 -0.0200 1.0470
4.4000 -0.0200 1.0470
4.4200 -0.0200 1.0500
4.4400 -0.0200 1.0420
4.4600 -0.0200 1.0390
4.4800 -0.0200 1.0390
4.5000 -0.0200 1.0360
4.5200 -0.0200 1.0322
4.5400 -0.0200 1.0310
4.5600 -0.0200 1.0340
4.5800 -0.0200 1.0360
4.6000 -0.0200 1.0340
4.6200 -0.0200 1.0292
4.6400 -0.0200 1.0310
4.6600 -0.0200 1.0360
4.6800 -0.0200 1.0470
4.7000 -0.0200 1.0500
4.7200 -0.0200 1.0500
4.7400 -0.0200 1.0678
4.7600 -0.0200 1.0660
4.7800 -0.0200 1.0750
4.8000 -0.0200 1.0360
4.8200 -0.0200 1.0348
4.8400 -0.0200 1.0340
4.8600 -0.0200 1.0050
4.8800 -0.0200 1.0188
4.9000 -0.0200 1.0200
4.9200 -0.0200 1.0420
4.9400 -0.0200 1.0610
4.9600 -0.0200 1.0800
4.9800 -0.0200 1.0820
5.0000 -0.0200 1.0980
5.0200 -0.0200 1.1010
5.0400 -0.0200 1.0980
5.0600 -0.0200 1.0968
5.0800 -0.0200 1.0800
5.1000 -0.0200 1.0690
5.1200 -0.0200 1.0500
5.1400 -0.0200 1.0500
5.1600 -0.0200 1.0500
5.1800 -0.0200 1.0560
5.2000 -0.0200 1.0610
5.2200 -0.0200 1.0580
5.2400 -0.0200 1.0440
5.2600 -0.0200 1.0390
0.0000 0.0000 1.0110
0.0200 0.0000 1.0110
0.0400 0.0000 1.0080
0.0600 0.0000 1.0110
0.0800 0.0000 1.0050
0.1000 0.0000 1.0080
0.1200 0.0000 1.0020
0.1400 0.0000 1.0080
0.1600 0.0000 1.0200
0.1800 0.0000 1.0390
0.2000 0.0000 1.0360
0.2200 0.0000 1.0360
0.2400 0.0000 1.0390
0.2600 0.0000 1.0470
0.2800 0.0000 1.0500
0.3000 0.0000 1.0610
0.3200 0.0000 1.0660
0.3400 0.0000 1.0610
0.3600 0.0000 1.0610
0.3800 0.0000 1.0500
0.4000 0.0000 1.0470
0.4200 0.0000 1.0390
0.4400 0.0000 1.0360
0.4600 0.0000 1.0340
0.4800 0.0000 1.0310
0.5000 0.0000 1.0220
0.5200 0.0000 1.0220
0.5400 0.0000 1.0200
0.5600 0.0000 1.0200
0.5800 0.0000 1.0170
0.6000 0.0000 1.0170
0.6200 0.0000 1.0170
0.6400 0.0000 1.0200
0.6600 0.0000 1.0200
0.6800 0.0000 1.0200
0.7000 0.0000 1.0200
0.7200 0.0000 1.0250
0.7400 0.0000 1.0340
0.7600 0.0000 1.0340
0.7800 0.0000 1.0310
0.8000 0.0000 1.0560
0.8200 0.0000 1.0610
0.8400 0.0000 1.0660
0.8600 0.0000 1.0660
0.8800 0.0000 1.0690
0.9000 0.0000 1.0610
0.9200 0.0000 1.0610
0.9400 0.0000 1.0610
0.9600 0.0000 1.0660
0.9800 0.0000 1.0660
1.0000 0.0000 1.0690
1.0200 0.0000 1.0690
1.0400 0.0000 1.0660
1.0600 0.0000 1.0610
1.0800 0.0000 1.0500
1.1000 0.0000 1.0500
1.1200 0.0000 1.0500
1.1400 0.0000 1.0470
1.1600 0.0000 1.0500
1.1800 0.0000 1.0500
1.2000 0.0000 1.0470
1.2200 0.0000 1.0500
1.2400 0.0000 1.0500
1.2600 0.0000 1.0500
1.2800 0.0000 1.0500
1.3000 0.0000 1.0500
1.3200 0.0000 1.0660
1.3400 0.0000 1.0660
1.3600 0.0000 1.0690
1.3800 0.0000 1.0880
1.4000 0.0000 1.0930
1.4200 0.0000 1.0950
1.4400 0.0000 1.0620
1.4600 0.0000 0.9020
1.4800 0.0000 0.9010
1.5000 0.0000 0.9030
1.5200 0.0000 0.9060
1.5400 0.0000 0.9080
1.5600 0.0000 0.9080
1.5800 0.0000 0.9130
1.6000 0.0000 0.9110
1.6200 0.0000 0.9080
1.6400 0.0000 0.9060
1.6600 0.0000 0.9010
1.6800 0.0000 0.9010
1.7000 0.0000 0.9070
1.7200 0.0000 1.0410
1.7400 0.0000 1.1030
1.7600 0.0000 1.1010
1.7800 0.0000 1.1010
1.8000 0.0000 1.1010
1.8200 0.0000 1.1060
1.8400 0.0000 1.1030
1.8600 0.0000 1.0980
1.8800 0.0000 1.0980
1.9000 0.0000 1.0980
1.9200 0.0000 1.0980
1.9400 0.0000 1.1010
1.9600 0.0000 1.1080
1.9800 0.0000 1.1130
2.0000 0.0000 1.1110
2.0200 0.0000 1.1130
2.0400 0.0000 1.1130
2.0600 0.0000 1.1080
2.0800 0.0000 1.1080
2.1000 0.0000 1.1110
2.1200 0.0000 1.1080
2.1400 0.0000 1.1080
2.1600 0.0000 1.1110
2.1800 0.0000 1.1110
2.2000 0.0000 1.1060
2.2200 0.0000 1.0980
2.2400 0.0000 1.0850
2.2600 0.0000 1.0850
2.2800 0.0000 1.0820
2.3000 0.0000 1.0770
2.3200 0.0000 1.0820
2.3400 0.0000 1.0820
2.3600 0.0000 1.0850
2.3800 0.0000 1.0930
2.4000 0.0000 1.0880
2.4200 0.0000 1.0900
2.4400 0.0000 1.0950
2.4600 0.0000 1.1060
2.4800 0.0000 1.1180
2.5000 0.0000 1.1210
2.5200 0.0000 1.1310
2.5400 0.0000 1.1430
2.5600 0.0000 1.1580
2.5800 0.0000 1.1620
2.6000 0.0000 1.1580
2.6200 0.0000 1.1500
2.6400 0.0000 1.1480
2.6600 0.0000 1.1410
2.6800 0.0000 1.1380
2.7000 0.0000 1.1260
2.7200 0.0000 1.1410
2.7400 0.0000 1.1410
2.7600 0.0000 1.1410
2.7800 0.0000 1.1310
2.8000 0.0000 1.1230
2.8200 0.0000 1.1180
2.8400 0.0000 1.1180
2.8600 0.0000 1.1180
2.8800 0.0000 1.1160
2.9000 0.0000 1.1130
2.9200 0.0000 1.1130
2.9400 0.0000 1.1080
2.9600 0.0000 1.1010
2.9800 0.0000 1.0930
3.0000 0.0000 1.0900
3.0200 0.0000 1.0820
3.0400 0.0000 1.0880
3.0600 0.0000 1.0950
3.0800 0.0000 1.0950
3.1000 0.0000 1.1010
3.1200 0.0000 1.1060
3.1400 0.0000 1.1110
3.1600 0.0000 1.1110
3.1800 0.0000 1.1180
3.2000 0.0000 1.0980
3.2200 0.0000 1.0580
3.2400 0.0000 1.0580
3.2600 0.0000 1.0500
3.2800 0.0000 1.0360
3.3000 0.0000 1.0250
3.3200 0.0000 1.0250
3.3400 0.0000 1.0140
3.3600 0.0000 1.0050
3.3800 0.0000 1.0080
3.4000 0.0000 1.0110
3.4200 0.0000 1.0110
3.4400 0.0000 1.0140
3.4600 0.0000 1.0200
3.4800 0.0000 1.0250
3.5000 0.0000 1.0250
3.5200 0.0000 1.0280
3.5400 0.0000 1.0280
3.5600 0.0000 1.0310
3.5800 0.0000 1.0310
3.6000 0.0000 1.0420
3.6200 0.0000 1.0420
3.6400 0.0000 1.0690
3.6600 0.0000 1.0690
3.6800 0.0000 1.0690
3.7000 0.0000 1.0780
3.7200 0.0000 1.0760
3.7400 0.0000 1.0780
3.7600 0.0000 1.0760
3.7800 0.0000 1.0780
3.8000 0.0000 1.0850
3.8200 0.0000 1.0880
3.8400 0.0000 1.0770
3.8600 0.0000 1.0770
3.8800 0.0000 1.0660
3.9000 0.0000 1.0610
3.9200 0.0000 1.0500
3.9400 0.0000 1.0500
3.9600 0.0000 1.0500
3.9800 0.0000 1.0500
4.0000 0.0000 1.0500
4.0200 0.0000 1.0500
4.0400 0.0000 1.0500
4.0600 0.0000 1.0500
4.0800 0.0000 1.0660
4.1000 0.0000 1.0750
4.1200 0.0000 1.0880
4.1400 0.0000 1.0980
4.1600 0.0000 1.0980
4.1800 0.0000 1.1010
4.2000 0.0000 1.1010
4.2200 0.0000 1.1060
4.2400 0.0000 1.1060
4.2600 0.0000 1.0930
4.2800 0.0000 1.0900
4.3000 0.0000 1.0820
4.3200 0.0000 1.0820
4.3400 0.0000 1.0690
4.3600 0.0000 1.0610
4.3800 0.0000 1.0580
4.4000 0.0000 1.0560
4.4200 0.0000 1.0560
4.4400 0.0000 1.0470
4.4600 0.0000 1.0390
4.4800 0.0000 1.0390
4.5000 0.0000 1.0390
4.5200 0.0000 1.0340
4.5400 0.0000 1.0360
4.5600 0.0000 1.0360
4.5800 0.0000 1.0360
4.6000 0.0000 1.0340
4.6200 0.0000 1.0360
4.6400 0.0000 1.0340
4.6600 0.0000 1.0390
4.6800 0.0000 1.0500
4.7000 0.0000 1.0610
4.7200 0.0000 1.0610
4.7400 0.0000 1.0880
4.7600 0.0000 1.0770
4.7800 0.0000 1.0850
4.8000 0.0000 1.0390
4.8200 0.0000 1.0360
4.8400 0.0000 1.0360
4.8600 0.0000 1.0110
4.8800 0.0000 1.0200
4.9000 0.0000 1.0200
4.9200 0.0000 1.0500
4.9400 0.0000 1.0660
4.9600 0.0000 1.0880
4.9800 0.0000 1.0880
5.0000 0.0000 1.1030
5.0200 0.0000 1.1080
5.0400 0.0000 1.1010
5.0600 0.0000 1.1010
5.0800 0.0000 1.0880
5.1000 0.0000 1.0820
5.1200 0.0000 1.0560
5.1400 0.0000 1.0580
5.1600 0.0000 1.0560
5.1800 0.0000 1.0660
5.2000 0.0000 1.0690
5.2200 0.0000 1.0750
5.2400 0.0000 1.0420
5.2600 0.0000 1.0390
0.0000 0.0200 1.0200
0.0200 0.0200 1.0200
0.0400 0.0200 1.0140
0.0600 0.0200 1.0170
0.0800 0.0200 1.0140
0.1000 0.0200 1.0122
0.1200 0.0200 1.0122
0.1400 0.0200 1.0140
0.1600 0.0200 1.0232
0.1800 0.0200 1.0470
0.2000 0.0200 1.0470
0.2200 0.0200 1.0500
0.2400 0.0200 1.0560
0.2600 0.0200 1.0592
0.2800 0.0200 1.0630
0.3000 0.0200 1.0790
0.3200 0.0200 1.0790
0.3400 0.0200 1.0714
0.3600 0.0200 1.0672
0.3800 0.0200 1.0560
0.4000 0.0200 1.0482
0.4200 0.0200 1.0470
0.4400 0.0200 1.0470
0.4600 0.0200 1.0390
0.4800 0.0200 1.0360
0.5000 0.0200 1.0250
0.5200 0.0200 1.0250
0.5400 0.0200 1.0200
0.5600 0.0200 1.0200
0.5800 0.0200 1.0200
0.6000 0.0200 1.0200
0.6200 0.0200 1.0170
0.6400 0.0200 1.0200
0.6600 0.0200 1.0200
0.6800 0.0200 1.0200
0.7000 0.0200 1.0220
0.7200 0.0200 1.0280
0.7400 0.0200 1.0340
0.7600 0.0200 1.0340
0.7800 0.0200 1.0360
0.8000 0.0200 1.0568
0.8200 0.0200 1.0690
0.8400 0.0200 1.0770
0.8600 0.0200 1.0770
0.8800 0.0200 1.0862
0.9000 0.0200 1.0790
0.9200 0.0200 1.0758
0.9400 0.0200 1.0758
0.9600 0.0200 1.0750
0.9800 0.0200 1.0750
1.0000 0.0200 1.0750
1.0200 0.0200 1.0750
1.0400 0.0200 1.0758
1.0600 0.0200 1.0770
1.0800 0.0200 1.0592
1.1000 0.0200 1.0580
1.1200 0.0200 1.0592
1.1400 0.0200 1.0592
1.1600 0.0200 1.0612
1.1800 0.0200 1.0592
1.2000 0.0200 1.0560
1.2200 0.0200 1.0580
1.2400 0.0200 1.0630
1.2600 0.0200 1.0610
1.2800 0.0200 1.0560
1.3000 0.0200 1.0612
1.3200 0.0200 1.0758
1.3400 0.0200 1.0758
1.3600 0.0200 1.0832
1.3800 0.0200 1.0980
1.4000 0.0200 1.1010
1.4200 0.0200 1.1030
1.4400 0.0200 1.0700
1.4600 0.0200 0.9100
1.4800 0.0200 0.9042
1.5000 0.0200 0.9092
1.5200 0.0200 0.9110
1.5400 0.0200 0.9168
1.5600 0.0200 0.9110
1.5800 0.0200 0.9160
1.6000 0.0200 0.9130
1.6200 0.0200 0.9160
1.6400 0.0200 0.9110
1.6600 0.0200 0.9080
1.6800 0.0200 0.9090
1.7000 0.0200 0.9246
1.7200 0.0200 1.0788
1.7400 0.0200 1.1092
1.7600 0.0200 1.1092
1.7800 0.0200 1.1092
1.8000 0.0200 1.1118
1.8200 0.0200 1.1080
1.8400 0.0200 1.1080
1.8600 0.0200 1.1068
1.8800 0.0200 1.1060
1.9000 0.0200 1.1080
1.9200 0.0200 1.1080
1.9400 0.0200 1.1092
1.9600 0.0200 1.1192
1.9800 0.0200 1.1218
2.0000 0.0200 1.1218
2.0200 0.0200 1.1218
2.0400 0.0200 1.1242
2.0600 0.0200 1.1192
2.0800 0.0200 1.1192
2.1000 0.0200 1.1218
2.1200 0.0200 1.1130
2.1400 0.0200 1.1168
2.1600 0.0200 1.1168
2.1800 0.0200 1.1192
2.2000 0.0200 1.1142
2.2200 0.0200 1.1110
2.2400 0.0200 1.0962
2.2600 0.0200 1.0962
2.2800 0.0200 1.0938
2.3000 0.0200 1.0862
2.3200 0.0200 1.0980
2.3400 0.0200 1.0980
2.3600 0.0200 1.0992
2.3800 0.0200 1.1060
2.4000 0.0200 1.1018
2.4200 0.0200 1.1018
2.4400 0.0200 1.1060
2.4600 0.0200 1.1118
2.4800 0.0200 1.1260
2.5000 0.0200 1.1260
2.5200 0.0200 1.1392
2.5400 0.0200 1.1562
2.5600 0.0200 1.1700
2.5800 0.0200 1.1700
2.6000 0.0200 1.1690
2.6200 0.0200 1.1650
2.6400 0.0200 1.1580
2.6600 0.0200 1.1520
2.6800 0.0200 1.1562
2.7000 0.0200 1.1508
2.7200 0.0200 1.1562
2.7400 0.0200 1.1550
2.7600 0.0200 1.1480
2.7800 0.0200 1.1480
2.8000 0.0200 1.1392
2.8200 0.0200 1.1350
2.8400 0.0200 1.1330
2.8600 0.0200 1.1350
2.8800 0.0200 1.1310
2.9000 0.0200 1.1280
2.9200 0.0200 1.1280
2.9400 0.0200 1.1280
2.9600 0.0200 1.1092
2.9800 0.0200 1.1060
3.0000 0.0200 1.1042
3.0200 0.0200 1.0980
3.0400 0.0200 1.1018
3.0600 0.0200 1.1068
3.0800 0.0200 1.1080
3.1000 0.0200 1.1092
3.1200 0.0200 1.1200
3.1400 0.0200 1.1280
3.1600 0.0200 1.1262
3.1800 0.0200 1.1330
3.2000 0.0200 1.1068
3.2200 0.0200 1.0714
3.2400 0.0200 1.0690
3.2600 0.0200 1.0500
3.2800 0.0200 1.0360
3.3000 0.0200 1.0250
3.3200 0.0200 1.0220
3.3400 0.0200 1.0152
3.3600 0.0200 1.0020
3.3800 0.0200 1.0080
3.4000 0.0200 1.0110
3.4200 0.0200 1.0122
3.4400 0.0200 1.0140
3.4600 0.0200 1.0200
3.4800 0.0200 1.0250
3.5000 0.0200 1.0250
3.5200 0.0200 1.0280
3.5400 0.0200 1.0280
3.5600 0.0200 1.0340
3.5800 0.0200 1.0348
3.6000 0.0200 1.0470
3.6200 0.0200 1.0584
3.6400 0.0200 1.0700
3.6600 0.0200 1.0700
3.6800 0.0200 1.0774
3.7000 0.0200 1.0938
3.7200 0.0200 1.0912
3.7400 0.0200 1.0964
3.7600 0.0200 1.0968
3.7800 0.0200 1.0880
3.8000 0.0200 1.0980
3.8200 0.0200 1.0980
3.8400 0.0200 1.0888
3.8600 0.0200 1.0820
3.8800 0.0200 1.0770
3.9000 0.0200 1.0758
3.9200 0.0200 1.0696
3.9400 0.0200 1.0630
3.9600 0.0200 1.0592
3.9800 0.0200 1.0592
4.0000 0.0200 1.0592
4.0200 0.0200 1.0592
4.0400 0.0200 1.0612
4.0600 0.0200 1.0580
4.0800 0.0200 1.0672
4.1000 0.0200 1.0832
4.1200 0.0200 1.0962
4.1400 0.0200 1.1060
4.1600 0.0200 1.1060
4.1800 0.0200 1.1068
4.2000 0.0200 1.1068
4.2200 0.0200 1.1080
4.2400 0.0200 1.1080
4.2600 0.0200 1.1042
4.2800 0.0200 1.1018
4.3000 0.0200 1.0980
4.3200 0.0200 1.0962
4.3400 0.0200 1.0888
4.3600 0.0200 1.0758
4.3800 0.0200 1.0714
4.4000 0.0200 1.0690
4.4200 0.0200 1.0592
4.4400 0.0200 1.0500
4.4600 0.0200 1.0482
4.4800 0.0200 1.0482
4.5000 0.0200 1.0440
4.5200 0.0200 1.0482
4.5400 0.0200 1.0506
4.5600 0.0200 1.0506
4.5800 0.0200 1.0580
4.6000 0.0200 1.0440
4.6200 0.0200 1.0482
4.6400 0.0200 1.0482
4.6600 0.0200 1.0482
4.6800 0.0200 1.0672
4.7000 0.0200 1.0870
4.7200 0.0200 1.0912
4.7400 0.0200 1.0980
4.7600 0.0200 1.0992
4.7800 0.0200 1.0992
4.8000 0.0200 1.0482
4.8200 0.0200 1.0482
4.8400 0.0200 1.0420
4.8600 0.0200 1.0182
4.8800 0.0200 1.0232
4.9000 0.0200 1.0220
4.9200 0.0200 1.0758
4.9400 0.0200 1.0888
4.9600 0.0200 1.0992
4.9800 0.0200 1.0992
5.0000 0.0200 1.1110
5.0200 0.0200 1.1168
5.0400 0.0200 1.1150
5.0600 0.0200 1.1130
5.0800 0.0200 1.1018
5.1000 0.0200 1.0938
5.1200 0.0200 1.0660
5.1400 0.0200 1.0660
5.1600 0.0200 1.0672
5.1800 0.0200 1.0770
5.2000 0.0200 1.0790
5.2200 0.0200 1.0770
5.2400 0.0200 1.0524
5.2600 0.0200 1.0420
0.0000 0.0400 1.0220
0.0200 0.0400 1.0220
0.0400 0.0400 1.0220
0.0600 0.0400 1.0216
0.0800 0.0400 1.0220
0.1000 0.0400 1.0200
0.1200 0.0400 1.0170
0.1400 0.0400 1.0200
0.1600 0.0400 1.0310
0.1800 0.0400 1.0580
0.2000 0.0400 1.0580
0.2200 0.0400 1.0660
0.2400 0.0400 1.0610
0.2600 0.0400 1.0660
0.2800 0.0400 1.0666
0.3000 0.0400 1.0770
0.3200 0.0400 1.0810
0.3400 0.0400 1.0770
0.3600 0.0400 1.0810
0.3800 0.0400 1.0610
0.4000 0.0400 1.0580
0.4200 0.0400 1.0500
0.4400 0.0400 1.0548
0.4600 0.0400 1.0470
0.4800 0.0400 1.0414
0.5000 0.0400 1.0356
0.5200 0.0400 1.0340
0.5400 0.0400 1.0220
0.5600 0.0400 1.0244
0.5800 0.0400 1.0200
0.6000 0.0400 1.0200
0.6200 0.0400 1.0200
0.6400 0.0400 1.0220
0.6600 0.0400 1.0220
0.6800 0.0400 1.0220
0.7000 0.0400 1.0250
0.7200 0.0400 1.0280
0.7400 0.0400 1.0414
0.7600 0.0400 1.0414
0.7800 0.0400 1.0384
0.8000 0.0400 1.0660
0.8200 0.0400 1.0844
0.8400 0.0400 1.0896
0.8600 0.0400 1.0900
0.8800 0.0400 1.0946
0.9000 0.0400 1.0896
0.9200 0.0400 1.0820
0.9400 0.0400 1.0844
0.9600 0.0400 1.0844
0.9800 0.0400 1.0874
1.0000 0.0400 1.0844
1.0200 0.0400 1.0844
1.0400 0.0400 1.0874
1.0600 0.0400 1.0820
1.0800 0.0400 1.0684
1.1000 0.0400 1.0684
1.1200 0.0400 1.0766
1.1400 0.0400 1.0750
1.1600 0.0400 1.0660
1.1800 0.0400 1.0660
1.2000 0.0400 1.0660
1.2200 0.0400 1.0690
1.2400 0.0400 1.0750
1.2600 0.0400 1.0750
1.2800 0.0400 1.0660
1.3000 0.0400 1.0770
1.3200 0.0400 1.0874
1.3400 0.0400 1.0874
1.3600 0.0400 1.0896
1.3800 0.0400 1.1010
1.4000 0.0400 1.1076
1.4200 0.0400 1.1080
1.4400 0.0400 1.0750
1.4600 0.0400 0.9120
1.4800 0.0400 0.9110
1.5000 0.0400 0.9160
1.5200 0.0400 0.9136
1.5400 0.0400 0.9230
1.5600 0.0400 0.9226
1.5800 0.0400 0.9260
1.6000 0.0400 0.9254
1.6200 0.0400 0.9254
1.6400 0.0400 0.9204
1.6600 0.0400 0.9186
1.6800 0.0400 0.9170
1.7000 0.0400 0.9604
1.7200 0.0400 1.1052
1.7400 0.0400 1.1176
1.7600 0.0400 1.1180
1.7800 0.0400 1.1210
1.8000 0.0400 1.1230
1.8200 0.0400 1.1176
1.8400 0.0400 1.1176
1.8600 0.0400 1.1154
1.8800 0.0400 1.1110
1.9000 0.0400 1.1154
1.9200 0.0400 1.1176
1.9400 0.0400 1.1204
1.9600 0.0400 1.1310
1.9800 0.0400 1.1326
2.0000 0.0400 1.1310
2.0200 0.0400 1.1260
2.0400 0.0400 1.1310
2.0600 0.0400 1.1330
2.0800 0.0400 1.1370
2.1000 0.0400 1.1380
2.1200 0.0400 1.1300
2.1400 0.0400 1.1326
2.1600 0.0400 1.1310
2.1800 0.0400 1.1310
2.2000 0.0400 1.1260
2.2200 0.0400 1.1226
2.2400 0.0400 1.1080
2.2600 0.0400 1.1080
2.2800 0.0400 1.1054
2.3000 0.0400 1.1026
2.3200 0.0400 1.1030
2.3400 0.0400 1.1054
2.3600 0.0400 1.1030
2.3800 0.0400 1.1110
2.4000 0.0400 1.1080
2.4200 0.0400 1.1080
2.4400 0.0400 1.1126
2.4600 0.0400 1.1230
2.4800 0.0400 1.1380
2.5000 0.0400 1.1380
2.5200 0.0400 1.1480
2.5400 0.0400 1.1620
2.5600 0.0400 1.1720
2.5800 0.0400 1.1720
2.6000 0.0400 1.1700
2.6200 0.0400 1.1694
2.6400 0.0400 1.1666
2.6600 0.0400 1.1666
2.6800 0.0400 1.1620
2.7000 0.0400 1.1620
2.7200 0.0400 1.1650
2.7400 0.0400 1.1650
2.7600 0.0400 1.1650
2.7800 0.0400 1.1580
2.8000 0.0400 1.1500
2.8200 0.0400 1.1470
2.8400 0.0400 1.1470
2.8600 0.0400 1.1470
2.8800 0.0400 1.1426
2.9000 0.0400 1.1426
2.9200 0.0400 1.1410
2.9400 0.0400 1.1410
2.9600 0.0400 1.1254
2.9800 0.0400 1.1126
3.0000 0.0400 1.1110
3.0200 0.0400 1.1060
3.0400 0.0400 1.1154
3.0600 0.0400 1.1226
3.0800 0.0400 1.1254
3.1000 0.0400 1.1260
3.1200 0.0400 1.1404
3.1400 0.0400 1.1410
3.1600 0.0400 1.1410
3.1800 0.0400 1.1470
3.2000 0.0400 1.1176
3.2200 0.0400 1.0924
3.2400 0.0400 1.0896
3.2600 0.0400 1.0690
3.2800 0.0400 1.0484
3.3000 0.0400 1.0280
3.3200 0.0400 1.0274
3.3400 0.0400 1.0200
3.3600 0.0400 1.0134
3.3800 0.0400 1.0134
3.4000 0.0400 1.0140
3.4200 0.0400 1.0200
3.4400 0.0400 1.0200
3.4600 0.0400 1.0220
3.4800 0.0400 1.0274
3.5000 0.0400 1.0250
3.5200 0.0400 1.0304
3.5400 0.0400 1.0340
3.5600 0.0400 1.0420
3.5800 0.0400 1.0420
3.6000 0.0400 1.0560
3.6200 0.0400 1.0670
3.6400 0.0400 1.0864
3.6600 0.0400 1.0922
3.6800 0.0400 1.1026
3.7000 0.0400 1.1430
3.7200 0.0400 1.1702
3.7400 0.0400 1.1758
3.7600 0.0400 1.1620
3.7800 0.0400 1.1038
3.8000 0.0400 1.1010
3.8200 0.0400 1.1010
3.8400 0.0400 1.0950
3.8600 0.0400 1.0844
3.8800 0.0400 1.0844
3.9000 0.0400 1.0850
3.9200 0.0400 1.0770
3.9400 0.0400 1.0766
3.9600 0.0400 1.0750
3.9800 0.0400 1.0770
4.0000 0.0400 1.0770
4.0200 0.0400 1.0738
4.0400 0.0400 1.0844
4.0600 0.0400 1.0810
4.0800 0.0400 1.0920
4.1000 0.0400 1.1010
4.1200 0.0400 1.1080
4.1400 0.0400 1.1154
4.1600 0.0400 1.1154
4.1800 0.0400 1.1110
4.2000 0.0400 1.1176
4.2200 0.0400 1.1154
4.2400 0.0400 1.1154
4.2600 0.0400 1.1110
4.2800 0.0400 1.1080
4.3000 0.0400 1.1054
4.3200 0.0400 1.1026
4.3400 0.0400 1.0980
4.3600 0.0400 1.1004
4.3800 0.0400 1.0924
4.4000 0.0400 1.0924
4.4200 0.0400 1.0738
4.4400 0.0400 1.0604
4.4600 0.0400 1.0650
4.4800 0.0400 1.0610
4.5000 0.0400 1.0660
4.5200 0.0400 1.0684
4.5400 0.0400 1.0738
4.5600 0.0400 1.0690
4.5800 0.0400 1.0766
4.6000 0.0400 1.0560
4.6200 0.0400 1.0580
4.6400 0.0400 1.0580
4.6600 0.0400 1.0660
4.6800 0.0400 1.0820
4.7000 0.0400 1.1004
4.7200 0.0400 1.1010
4.7400 0.0400 1.1080
4.7600 0.0400 1.1104
4.7800 0.0400 1.1110
4.8000 0.0400 1.0684
4.8200 0.0400 1.0684
4.8400 0.0400 1.0650
4.8600 0.0400 1.0340
4.8800 0.0400 1.0316
4.9000 0.0400 1.0310
4.9200 0.0400 1.0896
4.9400 0.0400 1.0980
4.9600 0.0400 1.1054
4.9800 0.0400 1.1060
5.0000 0.0400 1.1204
5.0200 0.0400 1.1260
5.0400 0.0400 1.1310
5.0600 0.0400 1.1300
5.0800 0.0400 1.1154
5.1000 0.0400 1.1026
5.1200 0.0400 1.0844
5.1400 0.0400 1.0844
5.1600 0.0400 1.0810
5.1800 0.0400 1.0770
5.2000 0.0400 1.0880
5.2200 0.0400 1.0880
5.2400 0.0400 1.0738
5.2600 0.0400 1.0548
0.0000 0.0600 1.0286
0.0200 0.0600 1.0286
0.0400 0.0600 1.0250
0.0600 0.0600 1.0220
0.0800 0.0600 1.0216
0.1000 0.0600 1.0200
0.1200 0.0600 1.0220
0.1400 0.0600 1.0220
0.1600 0.0600 1.0420
0.1800 0.0600 1.0666
0.2000 0.0600 1.0666
0.2200 0.0600 1.0702
0.2400 0.0600 1.0754
0.2600 0.0600 1.0780
0.2800 0.0600 1.0754
0.3000 0.0600 1.0826
0.3200 0.0600 1.0850
0.3400 0.0600 1.0880
0.3600 0.0600 1.0880
0.3800 0.0600 1.0690
0.4000 0.0600 1.0690
0.4200 0.0600 1.0610
0.4400 0.0600 1.0586
0.4600 0.0600 1.0500
0.4800 0.0600 1.0586
0.5000 0.0600 1.0420
0.5200 0.0600 1.0420
0.5400 0.0600 1.0316
0.5600 0.0600 1.0310
0.5800 0.0600 1.0250
0.6000 0.0600 1.0220
0.6200 0.0600 1.0250
0.6400 0.0600 1.0256
0.6600 0.0600 1.0286
0.6800 0.0600 1.0262
0.7000 0.0600 1.0310
0.7200 0.0600 1.0310
0.7400 0.0600 1.0586
0.7600 0.0600 1.0564
0.7800 0.0600 1.0610
0.8000 0.0600 1.0780
0.8200 0.0600 1.0956
0.8400 0.0600 1.0980
0.8600 0.0600 1.0980
0.8800 0.0600 1.1036
0.9000 0.0600 1.1036
0.9200 0.0600 1.0934
0.9400 0.0600 1.0934
0.9600 0.0600 1.0986
0.9800 0.0600 1.0980
1.0000 0.0600 1.0980
1.0200 0.0600 1.0980
1.0400 0.0600 1.0980
1.0600 0.0600 1.0930
1.0800 0.0600 1.0826
1.1000 0.0600 1.0826
1.1200 0.0600 1.0826
1.1400 0.0600 1.0780
1.1600 0.0600 1.0754
1.1800 0.0600 1.0754
1.2000 0.0600 1.0826
1.2200 0.0600 1.0850
1.2400 0.0600 1.0820
1.2600 0.0600 1.0826
1.2800 0.0600 1.0820
1.3000 0.0600 1.0820
1.3200 0.0600 1.0874
1.3400 0.0600 1.0880
1.3600 0.0600 1.0950
1.3800 0.0600 1.1010
1.4000 0.0600 1.1114
1.4200 0.0600 1.1130
1.4400 0.0600 1.0782
1.4600 0.0600 0.9210
1.4800 0.0600 0.9180
1.5000 0.0600 0.9230
1.5200 0.0600 0.9214
1.5400 0.0600 0.9310
1.5600 0.0600 0.9310
1.5800 0.0600 0.9310
1.6000 0.0600 0.9310
1.6200 0.0600 0.9410
1.6400 0.0600 0.9414
1.6600 0.0600 0.9330
1.6800 0.0600 0.9292
1.7000 0.0600 1.0218
1.7200 0.0600 1.1300
1.7400 0.0600 1.1314
1.7600 0.0600 1.1314
1.7800 0.0600 1.1330
1.8000 0.0600 1.1330
1.8200 0.0600 1.1330
1.8400 0.0600 1.1314
1.8600 0.0600 1.1214
1.8800 0.0600 1.1214
1.9000 0.0600 1.1314
1.9200 0.0600 1.1314
1.9400 0.0600 1.1236
1.9600 0.0600 1.1330
1.9800 0.0600 1.1440
2.0000 0.0600 1.1440
2.0200 0.0600 1.1430
2.0400 0.0600 1.1430
2.0600 0.0600 1.1430
2.0800 0.0600 1.1430
2.1000 0.0600 1.1430
2.1200 0.0600 1.1410
2.1400 0.0600 1.1430
2.1600 0.0600 1.1430
2.1800 0.0600 1.1430
2.2000 0.0600 1.1330
2.2200 0.0600 1.1330
2.2400 0.0600 1.1186
2.2600 0.0600 1.1180
2.2800 0.0600 1.1114
2.3000 0.0600 1.1110
2.3200 0.0600 1.1060
2.3400 0.0600 1.1060
2.3600 0.0600 1.1110
2.3800 0.0600 1.1110
2.4000 0.0600 1.1180
2.4200 0.0600 1.1164
2.4400 0.0600 1.1230
2.4600 0.0600 1.1330
2.4800 0.0600 1.1410
2.5000 0.0600 1.1410
2.5200 0.0600 1.1510
2.5400 0.0600 1.1574
2.5600 0.0600 1.1700
2.5800 0.0600 1.1700
2.6000 0.0600 1.1720
2.6200 0.0600 1.1740
2.6400 0.0600 1.1770
2.6600 0.0600 1.1770
2.6800 0.0600 1.1700
2.7000 0.0600 1.1670
2.7200 0.0600 1.1650
2.7400 0.0600 1.1670
2.7600 0.0600 1.1740
2.7800 0.0600 1.1670
2.8000 0.0600 1.1580
2.8200 0.0600 1.1580
2.8400 0.0600 1.1588
2.8600 0.0600 1.1550
2.8800 0.0600 1.1480
2.9000 0.0600 1.1410
2.9200 0.0600 1.1410
2.9400 0.0600 1.1430
2.9600 0.0600 1.1310
2.9800 0.0600 1.1210
3.0000 0.0600 1.1180
3.0200 0.0600 1.1114
3.0400 0.0600 1.1210
3.0600 0.0600 1.1210
3.0800 0.0600 1.1230
3.1000 0.0600 1.1330
3.1200 0.0600 1.1410
3.1400 0.0600 1.1500
3.1600 0.0600 1.1484
3.1800 0.0600 1.1550
3.2000 0.0600 1.1236
3.2200 0.0600 1.1036
3.2400 0.0600 1.1036
3.2600 0.0600 1.0910
3.2800 0.0600 1.0690
3.3000 0.0600 1.0430
3.3200 0.0600 1.0420
3.3400 0.0600 1.0250
3.3600 0.0600 1.0200
3.3800 0.0600 1.0204
3.4000 0.0600 1.0220
3.4200 0.0600 1.0250
3.4400 0.0600 1.0250
3.4600 0.0600 1.0256
3.4800 0.0600 1.0390
3.5000 0.0600 1.0390
3.5200 0.0600 1.0390
3.5400 0.0600 1.0430
3.5600 0.0600 1.0610
3.5800 0.0600 1.0610
3.6000 0.0600 1.0712
3.6200 0.0600 1.0924
3.6400 0.0600 1.1528
3.6600 0.0600 1.1586
3.6800 0.0600 1.1986
3.7000 0.0600 1.2426
3.7200 0.0600 1.2706
3.7400 0.0600 1.2726
3.7600 0.0600 1.2450
3.7800 0.0600 1.1200
3.8000 0.0600 1.1070
3.8200 0.0600 1.1070
3.8400 0.0600 1.1010
3.8600 0.0600 1.0956
3.8800 0.0600 1.0930
3.9000 0.0600 1.0906
3.9200 0.0600 1.0880
3.9400 0.0600 1.0820
3.9600 0.0600 1.0820
3.9800 0.0600 1.0826
4.0000 0.0600 1.0856
4.0200 0.0600 1.0850
4.0400 0.0600 1.0950
4.0600 0.0600 1.0950
4.0800 0.0600 1.1036
4.1000 0.0600 1.1110
4.1200 0.0600 1.1230
4.1400 0.0600 1.1260
4.1600 0.0600 1.1236
4.1800 0.0600 1.1214
4.2000 0.0600 1.1230
4.2200 0.0600 1.1260
4.2400 0.0600 1.1260
4.2600 0.0600 1.1186
4.2800 0.0600 1.1130
4.3000 0.0600 1.1086
4.3200 0.0600 1.1080
4.3400 0.0600 1.1064
4.3600 0.0600 1.1086
4.3800 0.0600 1.1010
4.4000 0.0600 1.1010
4.4200 0.0600 1.0956
4.4400 0.0600 1.0826
4.4600 0.0600 1.0820
4.4800 0.0600 1.0780
4.5000 0.0600 1.0750
4.5200 0.0600 1.0750
4.5400 0.0600 1.0754
4.5600 0.0600 1.0750
4.5800 0.0600 1.0820
4.6000 0.0600 1.0666
4.6200 0.0600 1.0666
4.6400 0.0600 1.0660
4.6600 0.0600 1.0820
4.6800 0.0600 1.0934
4.7000 0.0600 1.1030
4.7200 0.0600 1.1010
4.7400 0.0600 1.1180
4.7600 0.0600 1.1186
4.7800 0.0600 1.1226
4.8000 0.0600 1.0850
4.8200 0.0600 1.0856
4.8400 0.0600 1.0820
4.8600 0.0600 1.0500
4.8800 0.0600 1.0396
4.9000 0.0600 1.0396
4.9200 0.0600 1.0930
4.9400 0.0600 1.1030
4.9600 0.0600 1.1136
4.9800 0.0600 1.1164
5.0000 0.0600 1.1260
5.0200 0.0600 1.1386
5.0400 0.0600 1.1380
5.0600 0.0600 1.1380
5.0800 0.0600 1.1230
5.1000 0.0600 1.1136
5.1200 0.0600 1.0930
5.1400 0.0600 1.0930
5.1600 0.0600 1.0880
5.1800 0.0600 1.0856
5.2000 0.0600 1.0896
5.2200 0.0600 1.0896
5.2400 0.0600 1.0770
5.2600 0.0600 1.0610
0.0000 0.0800 1.0420
0.0200 0.0800 1.0408
0.0400 0.0800 1.0340
0.0600 0.0800 1.0328
0.0800 0.0800 1.0286
0.1000 0.0800 1.0286
0.1200 0.0800 1.0298
0.1400 0.0800 1.0408
0.1600 0.0800 1.0590
0.1800 0.0800 1.0838
0.2000 0.0800 1.0820
0.2200 0.0800 1.0880
0.2400 0.0800 1.0892
0.2600 0.0800 1.0892
0.2800 0.0800 1.0900
0.3000 0.0800 1.0942
0.3200 0.0800 1.0900
0.3400 0.0800 1.0930
0.3600 0.0800 1.0930
0.3800 0.0800 1.0770
0.4000 0.0800 1.0820
0.4200 0.0800 1.0750
0.4400 0.0800 1.0750
0.4600 0.0800 1.0610
0.4800 0.0800 1.0610
0.5000 0.0800 1.0536
0.5200 0.0800 1.0560
0.5400 0.0800 1.0420
0.5600 0.0800 1.0488
0.5800 0.0800 1.0298
0.6000 0.0800 1.0280
0.6200 0.0800 1.0408
0.6400 0.0800 1.0378
0.6600 0.0800 1.0488
0.6800 0.0800 1.0488
0.7000 0.0800 1.0408
0.7200 0.0800 1.0408
0.7400 0.0800 1.0690
0.7600 0.0800 1.0660
0.7800 0.0800 1.0690
0.8000 0.0800 1.0968
0.8200 0.0800 1.1060
0.8400 0.0800 1.1030
0.8600 0.0800 1.1030
0.8800 0.0800 1.1110
0.9000 0.0800 1.1110
0.9200 0.0800 1.1048
0.9400 0.0800 1.1048
0.9600 0.0800 1.1060
0.9800 0.0800 1.1022
1.0000 0.0800 1.1010
1.0200 0.0800 1.1010
1.0400 0.0800 1.1010
1.0600 0.0800 1.0980
1.0800 0.0800 1.0918
1.1000 0.0800 1.0892
1.1200 0.0800 1.0850
1.1400 0.0800 1.0880
1.1600 0.0800 1.0892
1.1800 0.0800 1.0892
1.2000 0.0800 1.0900
1.2200 0.0800 1.0900
1.2400 0.0800 1.0880
1.2600 0.0800 1.0880
1.2800 0.0800 1.0850
1.3000 0.0800 1.0820
1.3200 0.0800 1.0850
1.3400 0.0800 1.0880
1.3600 0.0800 1.0950
1.3800 0.0800 1.1080
1.4000 0.0800 1.1210
1.4200 0.0800 1.1210
1.4400 0.0800 1.0874
1.4600 0.0800 0.9246
1.4800 0.0800 0.9220
1.5000 0.0800 0.9230
1.5200 0.0800 0.9230
1.5400 0.0800 0.9330
1.5600 0.0800 0.9330
1.5800 0.0800 0.9330
1.6000 0.0800 0.9380
1.6200 0.0800 0.9430
1.6400 0.0800 0.9440
1.6600 0.0800 0.9456
1.6800 0.0800 0.9526
1.7000 0.0800 1.0924
1.7200 0.0800 1.1380
1.7400 0.0800 1.1398
1.7600 0.0800 1.1380
1.7800 0.0800 1.1380
1.8000 0.0800 1.1380
1.8200 0.0800 1.1422
1.8400 0.0800 1.1418
1.8600 0.0800 1.1322
1.8800 0.0800 1.1290
1.9000 0.0800 1.1350
1.9200 0.0800 1.1330
1.9400 0.0800 1.1360
1.9600 0.0800 1.1430
1.9800 0.0800 1.1500
2.0000 0.0800 1.1550
2.0200 0.0800 1.1568
2.0400 0.0800 1.1550
2.0600 0.0800 1.1460
2.0800 0.0800 1.1480
2.1000 0.0800 1.1480
2.1200 0.0800 1.1430
2.1400 0.0800 1.1430
2.1600 0.0800 1.1480
2.1800 0.0800 1.1500
2.2000 0.0800 1.1422
2.2200 0.0800 1.1380
2.2400 0.0800 1.1290
2.2600 0.0800 1.1260
2.2800 0.0800 1.1148
2.3000 0.0800 1.1160
2.3200 0.0800 1.1080
2.3400 0.0800 1.1080
2.3600 0.0800 1.1180
2.3800 0.0800 1.1160
2.4000 0.0800 1.1180
2.4200 0.0800 1.1192
2.4400 0.0800 1.1260
2.4600 0.0800 1.1380
2.4800 0.0800 1.1492
2.5000 0.0800 1.1548
2.5200 0.0800 1.1550
2.5400 0.0800 1.1550
2.5600 0.0800 1.1688
2.5800 0.0800 1.1700
2.6000 0.0800 1.1740
2.6200 0.0800 1.1770
2.6400 0.0800 1.1790
2.6600 0.0800 1.1770
2.6800 0.0800 1.1720
2.7000 0.0800 1.1700
2.7200 0.0800 1.1700
2.7400 0.0800 1.1700
2.7600 0.0800 1.1758
2.7800 0.0800 1.1670
2.8000 0.0800 1.1670
2.8200 0.0800 1.1662
2.8400 0.0800 1.1662
2.8600 0.0800 1.1604
2.8800 0.0800 1.1568
2.9000 0.0800 1.1430
2.9200 0.0800 1.1430
2.9400 0.0800 1.1480
2.9600 0.0800 1.1310
2.9800 0.0800 1.1290
3.0000 0.0800 1.1260
3.0200 0.0800 1.1180
3.0400 0.0800 1.1230
3.0600 0.0800 1.1248
3.0800 0.0800 1.1260
3.1000 0.0800 1.1330
3.1200 0.0800 1.1410
3.1400 0.0800 1.1550
3.1600 0.0800 1.1550
3.1800 0.0800 1.1520
3.2000 0.0800 1.1360
3.2200 0.0800 1.1110
3.2400 0.0800 1.1110
3.2600 0.0800 1.1048
3.2800 0.0800 1.0850
3.3000 0.0800 1.0678
3.3200 0.0800 1.0660
3.3400 0.0800 1.0450
3.3600 0.0800 1.0298
3.3800 0.0800 1.0250
3.4000 0.0800 1.0280
3.4200 0.0800 1.0298
3.4400 0.0800 1.0280
3.4600 0.0800 1.0390
3.4800 0.0800 1.0450
3.5000 0.0800 1.0470
3.5200 0.0800 1.0536
3.5400 0.0800 1.0610
3.5600 0.0800 1.0738
3.5800 0.0800 1.0750
3.6000 0.0800 1.0928
3.6200 0.0800 1.1434
3.6400 0.0800 1.2528
3.6600 0.0800 1.2570
3.6800 0.0800 1.2786
3.7000 0.0800 1.2948
3.7200 0.0800 1.3016
3.7400 0.0800 1.3046
3.7600 0.0800 1.2894
3.7800 0.0800 1.1614
3.8000 0.0800 1.1120
3.8200 0.0800 1.1120
3.8400 0.0800 1.1060
3.8600 0.0800 1.1010
3.8800 0.0800 1.0980
3.9000 0.0800 1.0980
3.9200 0.0800 1.0918
3.9400 0.0800 1.0850
3.9600 0.0800 1.0880
3.9800 0.0800 1.0892
4.0000 0.0800 1.0930
4.0200 0.0800 1.0900
4.0400 0.0800 1.0980
4.0600 0.0800 1.0980
4.0800 0.0800 1.1080
4.1000 0.0800 1.1122
4.1200 0.0800 1.1230
4.1400 0.0800 1.1260
4.1600 0.0800 1.1310
4.1800 0.0800 1.1260
4.2000 0.0800 1.1230
4.2200 0.0800 1.1260
4.2400 0.0800 1.1260
4.2600 0.0800 1.1222
4.2800 0.0800 1.1230
4.3000 0.0800 1.1148
4.3200 0.0800 1.1110
4.3400 0.0800 1.1160
4.3600 0.0800 1.1148
4.3800 0.0800 1.1060
4.4000 0.0800 1.1060
4.4200 0.0800 1.1048
4.4400 0.0800 1.0950
4.4600 0.0800 1.0930
4.4800 0.0800 1.0930
4.5000 0.0800 1.0850
4.5200 0.0800 1.0892
4.5400 0.0800 1.0868
4.5600 0.0800 1.0850
4.5800 0.0800 1.0918
4.6000 0.0800 1.0850
4.6200 0.0800 1.0820
4.6400 0.0800 1.0770
4.6600 0.0800 1.0880
4.6800 0.0800 1.0950
4.7000 0.0800 1.1060
4.7200 0.0800 1.1030
4.7400 0.0800 1.1260
4.7600 0.0800 1.1198
4.7800 0.0800 1.1210
4.8000 0.0800 1.0942
4.8200 0.0800 1.0968
4.8400 0.0800 1.0918
4.8600 0.0800 1.0580
4.8800 0.0800 1.0598
4.9000 0.0800 1.0580
4.9200 0.0800 1.0968
4.9400 0.0800 1.1080
4.9600 0.0800 1.1248
4.9800 0.0800 1.1248
5.0000 0.0800 1.1330
5.0200 0.0800 1.1380
5.0400 0.0800 1.1430
5.0600 0.0800 1.1410
5.0800 0.0800 1.1230
5.1000 0.0800 1.1210
5.1200 0.0800 1.0930
5.1400 0.0800 1.0930
5.1600 0.0800 1.0930
5.1800 0.0800 1.0930
5.2000 0.0800 1.0900
5.2200 0.0800 1.0892
5.2400 0.0800 1.0850
5.2600 0.0800 1.0610
0.0000 0.1000 1.0500
0.0200 0.1000 1.0470
0.0400 0.1000 1.0500
0.0600 0.1000 1.0560
0.0800 0.1000 1.0500
0.1000 0.1000 1.0500
0.1200 0.1000 1.0500
0.1400 0.1000 1.0690
0.1600 0.1000 1.0750
0.1800 0.1000 1.0900
0.2000 0.1000 1.0900
0.2200 0.1000 1.0980
0.2400 0.1000 1.0980
0.2600 0.1000 1.1010
0.2800 0.1000 1.1010
0.3000 0.1000 1.1010
0.3200 0.1000 1.0980
0.3400 0.1000 1.1010
0.3600 0.1000 1.0980
0.3800 0.1000 1.0850
0.4000 0.1000 1.0930
0.4200 0.1000 1.0850
0.4400 0.1000 1.0820
0.4600 0.1000 1.0820
0.4800 0.1000 1.0690
0.5000 0.1000 1.0610
0.5200 0.1000 1.0610
0.5400 0.1000 1.0610
0.5600 0.1000 1.0580
0.5800 0.1000 1.0560
0.6000 0.1000 1.0560
0.6200 0.1000 1.0580
0.6400 0.1000 1.0660
0.6600 0.1000 1.0660
0.6800 0.1000 1.0610
0.7000 0.1000 1.0560
0.7200 0.1000 1.0580
0.7400 0.1000 1.0750
0.7600 0.1000 1.0690
0.7800 0.1000 1.0770
0.8000 0.1000 1.1060
0.8200 0.1000 1.1110
0.8400 0.1000 1.1110
0.8600 0.1000 1.1110
0.8800 0.1000 1.1160
0.9000 0.1000 1.1160
0.9200 0.1000 1.1130
0.9400 0.1000 1.1110
0.9600 0.1000 1.1080
0.9800 0.1000 1.1060
1.0000 0.1000 1.1060
1.0200 0.1000 1.1060
1.0400 0.1000 1.1010
1.0600 0.1000 1.0980
1.0800 0.1000 1.0980
1.1000 0.1000 1.0980
1.1200 0.1000 1.0930
1.1400 0.1000 1.0900
1.1600 0.1000 1.0900
1.1800 0.1000 1.0900
1.2000 0.1000 1.0980
1.2200 0.1000 1.0950
1.2400 0.1000 1.0930
1.2600 0.1000 1.0930
1.2800 0.1000 1.0930
1.3000 0.1000 1.0850
1.3200 0.1000 1.0900
1.3400 0.1000 1.0930
1.3600 0.1000 1.1010
1.3800 0.1000 1.1110
1.4000 0.1000 1.1230
1.4200 0.1000 1.1230
1.4400 0.1000 1.0980
1.4600 0.1000 0.9420
1.4800 0.1000 0.9240
1.5000 0.1000 0.9230
1.5200 0.1000 0.9210
1.5400 0.1000 0.9310
1.5600 0.1000 0.9330
1.5800 0.1000 0.9430
1.6000 0.1000 0.9430
1.6200 0.1000 0.9500
1.6400 0.1000 0.9500
1.6600 0.1000 1.0010
1.6800 0.1000 1.0200
1.7000 0.1000 1.1300
1.7200 0.1000 1.1380
1.7400 0.1000 1.1380
1.7600 0.1000 1.1380
1.7800 0.1000 1.1330
1.8000 0.1000 1.1330
1.8200 0.1000 1.1380
1.8400 0.1000 1.1380
1.8600 0.1000 1.1330
1.8800 0.1000 1.1330
1.9000 0.1000 1.1330
1.9200 0.1000 1.1310
1.9400 0.1000 1.1410
1.9600 0.1000 1.1500
1.9800 0.1000 1.1500
2.0000 0.1000 1.1500
2.0200 0.1000 1.1580
2.0400 0.1000 1.1550
2.0600 0.1000 1.1500
2.0800 0.1000 1.1480
2.1000 0.1000 1.1480
2.1200 0.1000 1.1550
2.1400 0.1000 1.1550
2.1600 0.1000 1.1550
2.1800 0.1000 1.1550
2.2000 0.1000 1.1500
2.2200 0.1000 1.1410
2.2400 0.1000 1.1330
2.2600 0.1000 1.1310
2.2800 0.1000 1.1230
2.3000 0.1000 1.1180
2.3200 0.1000 1.1180
2.3400 0.1000 1.1160
2.3600 0.1000 1.1180
2.3800 0.1000 1.1180
2.4000 0.1000 1.1230
2.4200 0.1000 1.1230
2.4400 0.1000 1.1310
2.4600 0.1000 1.1410
2.4800 0.1000 1.1620
2.5000 0.1000 1.1650
2.5200 0.1000 1.1620
2.5400 0.1000 1.1650
2.5600 0.1000 1.1740
2.5800 0.1000 1.1740
2.6000 0.1000 1.1720
2.6200 0.1000 1.1790
2.6400 0.1000 1.1790
2.6600 0.1000 1.1790
2.6800 0.1000 1.1770
2.7000 0.1000 1.1740
2.7200 0.1000 1.1740
2.7400 0.1000 1.1720
2.7600 0.1000 1.1770
2.7800 0.1000 1.1670
2.8000 0.1000 1.1670
2.8200 0.1000 1.1700
2.8400 0.1000 1.1700
2.8600 0.1000 1.1670
2.8800 0.1000 1.1620
2.9000 0.1000 1.1550
2.9200 0.1000 1.1550
2.9400 0.1000 1.1500
2.9600 0.1000 1.1410
2.9800 0.1000 1.1330
3.0000 0.1000 1.1380
3.0200 0.1000 1.1210
3.0400 0.1000 1.1230
3.0600 0.1000 1.1310
3.0800 0.1000 1.1260
3.1000 0.1000 1.1380
3.1200 0.1000 1.1430
3.1400 0.1000 1.1500
3.1600 0.1000 1.1580
3.1800 0.1000 1.1550
3.2000 0.1000 1.1430
3.2200 0.1000 1.1210
3.2400 0.1000 1.1210
3.2600 0.1000 1.1130
3.2800 0.1000 1.0980
3.3000 0.1000 1.0900
3.3200 0.1000 1.0880
3.3400 0.1000 1.0580
3.3600 0.1000 1.0420
3.3800 0.1000 1.0390
3.4000 0.1000 1.0390
3.4200 0.1000 1.0360
3.4400 0.1000 1.0360
3.4600 0.1000 1.0420
3.4800 0.1000 1.0560
3.5000 0.1000 1.0560
3.5200 0.1000 1.0610
3.5400 0.1000 1.0770
3.5600 0.1000 1.0860
3.5800 0.1000 1.0860
3.6000 0.1000 1.1030
3.6200 0.1000 1.2150
3.6400 0.1000 1.2970
3.6600 0.1000 1.2990
3.6800 0.1000 1.3010
3.7000 0.1000 1.3080
3.7200 0.1000 1.3080
3.7400 0.1000 1.3080
3.7600 0.1000 1.3050
3.7800 0.1000 1.2350
3.8000 0.1000 1.1210
3.8200 0.1000 1.1200
3.8400 0.1000 1.1090
3.8600 0.1000 1.1110
3.8800 0.1000 1.1030
3.9000 0.1000 1.1010
3.9200 0.1000 1.0980
3.9400 0.1000 1.0900
3.9600 0.1000 1.0930
3.9800 0.1000 1.0950
4.0000 0.1000 1.0980
4.0200 0.1000 1.0980
4.0400 0.1000 1.1010
4.0600 0.1000 1.1010
4.0800 0.1000 1.1110
4.1000 0.1000 1.1160
4.1200 0.1000 1.1230
4.1400 0.1000 1.1310
4.1600 0.1000 1.1330
4.1800 0.1000 1.1330
4.2000 0.1000 1.1330
4.2200 0.1000 1.1310
4.2400 0.1000 1.1260
4.2600 0.1000 1.1260
4.2800 0.1000 1.1260
4.3000 0.1000 1.1230
4.3200 0.1000 1.1210
4.3400 0.1000 1.1180
4.3600 0.1000 1.1160
4.3800 0.1000 1.1130
4.4000 0.1000 1.1130
4.4200 0.1000 1.1110
4.4400 0.1000 1.1030
4.4600 0.1000 1.0980
4.4800 0.1000 1.1010
4.5000 0.1000 1.0930
4.5200 0.1000 1.1010
4.5400 0.1000 1.0980
4.5600 0.1000 1.0980
4.5800 0.1000 1.0980
4.6000 0.1000 1.0900
4.6200 0.1000 1.0850
4.6400 0.1000 1.0850
4.6600 0.1000 1.0880
4.6800 0.1000 1.0980
4.7000 0.1000 1.1060
4.7200 0.1000 1.1060
4.7400 0.1000 1.1260
4.7600 0.1000 1.1260
4.7800 0.1000 1.1230
4.8000 0.1000 1.1030
4.8200 0.1000 1.1010
4.8400 0.1000 1.0950
4.8600 0.1000 1.0660
4.8800 0.1000 1.0660
4.9000 0.1000 1.0660
4.9200 0.1000 1.1030
4.9400 0.1000 1.1110
4.9600 0.1000 1.1230
4.9800 0.1000 1.1260
5.0000 0.1000 1.1330
5.0200 0.1000 1.1380
5.0400 0.1000 1.1480
5.0600 0.1000 1.1430
5.0800 0.1000 1.1230
5.1000 0.1000 1.1210
5.1200 0.1000 1.0950
5.1400 0.1000 1.0930
5.1600 0.1000 1.0950
5.1800 0.1000 1.0930
5.2000 0.1000 1.0950
5.2200 0.1000 1.0930
5.2400 0.1000 1.0900
5.2600 0.1000 1.0690
0.0000 0.1200 1.0610
0.0200 0.1200 1.0610
0.0400 0.1200 1.0592
0.0600 0.1200 1.0592
0.0800 0.1200 1.0630
0.1000 0.1200 1.0660
0.1200 0.1200 1.0660
0.1400 0.1200 1.0770
0.1600 0.1200 1.0820
0.1800 0.1200 1.1010
0.2000 0.1200 1.1010
0.2200 0.1200 1.1068
0.2400 0.1200 1.1080
0.2600 0.1200 1.1068
0.2800 0.1200 1.1068
0.3000 0.1200 1.1110
0.3200 0.1200 1.1060
0.3400 0.1200 1.1042
0.3600 0.1200 1.1018
0.3800 0.1200 1.0962
0.4000 0.1200 1.0980
0.4200 0.1200 1.0930
0.4400 0.1200 1.0912
0.4600 0.1200 1.0900
0.4800 0.1200 1.0862
0.5000 0.1200 1.0714
0.5200 0.1200 1.0714
0.5400 0.1200 1.0758
0.5600 0.1200 1.0714
0.5800 0.1200 1.0722
0.6000 0.1200 1.0770
0.6200 0.1200 1.0758
0.6400 0.1200 1.0758
0.6600 0.1200 1.0758
0.6800 0.1200 1.0714
0.7000 0.1200 1.0714
0.7200 0.1200 1.0714
0.7400 0.1200 1.0832
0.7600 0.1200 1.0820
0.7800 0.1200 1.0862
0.8000 0.1200 1.1110
0.8200 0.1200 1.1130
0.8400 0.1200 1.1192
0.8600 0.1200 1.1210
0.8800 0.1200 1.1230
0.9000 0.1200 1.1242
0.9200 0.1200 1.1180
0.9400 0.1200 1.1168
0.9600 0.1200 1.1142
0.9800 0.1200 1.1110
1.0000 0.1200 1.1080
1.0200 0.1200 1.1080
1.0400 0.1200 1.1030
1.0600 0.1200 1.1018
1.0800 0.1200 1.1018
1.1000 0.1200 1.1018
1.1200 0.1200 1.1010
1.1400 0.1200 1.0980
1.1600 0.1200 1.0992
1.1800 0.1200 1.0992
1.2000 0.1200 1.1010
1.2200 0.1200 1.1042
1.2400 0.1200 1.1010
1.2600 0.1200 1.1010
1.2800 0.1200 1.0992
1.3000 0.1200 1.0992
1.3200 0.1200 1.1010
1.3400 0.1200 1.1018
1.3600 0.1200 1.1080
1.3800 0.1200 1.1218
1.4000 0.1200 1.1260
1.4200 0.1200 1.1260
1.4400 0.1200 1.1242
1.4600 0.1200 1.0162
1.4800 0.1200 0.9410
1.5000 0.1200 0.9328
1.5200 0.1200 0.9320
1.5400 0.1200 0.9350
1.5600 0.1200 0.9380
1.5800 0.1200 0.9520
1.6000 0.1200 0.9500
1.6200 0.1200 0.9490
1.6400 0.1200 0.9626
1.6600 0.1200 1.0764
1.6800 0.1200 1.0926
1.7000 0.1200 1.1424
1.7200 0.1200 1.1380
1.7400 0.1200 1.1410
1.7600 0.1200 1.1380
1.7800 0.1200 1.1380
1.8000 0.1200 1.1330
1.8200 0.1200 1.1380
1.8400 0.1200 1.1410
1.8600 0.1200 1.1330
1.8800 0.1200 1.1360
1.9000 0.1200 1.1362
1.9200 0.1200 1.1362
1.9400 0.1200 1.1480
1.9600 0.1200 1.1500
1.9800 0.1200 1.1500
2.0000 0.1200 1.1500
2.0200 0.1200 1.1580
2.0400 0.1200 1.1596
2.0600 0.1200 1.1550
2.0800 0.1200 1.1500
2.1000 0.1200 1.1500
2.1200 0.1200 1.1580
2.1400 0.1200 1.1550
2.1600 0.1200 1.1500
2.1800 0.1200 1.1500
2.2000 0.1200 1.1550
2.2200 0.1200 1.1488
2.2400 0.1200 1.1380
2.2600 0.1200 1.1350
2.2800 0.1200 1.1310
2.3000 0.1200 1.1230
2.3200 0.1200 1.1210
2.3400 0.1200 1.1230
2.3600 0.1200 1.1168
2.3800 0.1200 1.1260
2.4000 0.1200 1.1430
2.4200 0.1200 1.1362
2.4400 0.1200 1.1430
2.4600 0.1200 1.1480
2.4800 0.1200 1.1620
2.5000 0.1200 1.1650
2.5200 0.1200 1.1638
2.5400 0.1200 1.1670
2.5600 0.1200 1.1770
2.5800 0.1200 1.1770
2.6000 0.1200 1.1720
2.6200 0.1200 1.1790
2.6400 0.1200 1.1810
2.6600 0.1200 1.1810
2.6800 0.1200 1.1840
2.7000 0.1200 1.1790
2.7200 0.1200 1.1770
2.7400 0.1200 1.1752
2.7600 0.1200 1.1778
2.7800 0.1200 1.1728
2.8000 0.1200 1.1700
2.8200 0.1200 1.1700
2.8400 0.1200 1.1700
2.8600 0.1200 1.1650
2.8800 0.1200 1.1620
2.9000 0.1200 1.1620
2.9200 0.1200 1.1620
2.9400 0.1200 1.1550
2.9600 0.1200 1.1500
2.9800 0.1200 1.1418
3.0000 0.1200 1.1430
3.0200 0.1200 1.1280
3.0400 0.1200 1.1330
3.0600 0.1200 1.1392
3.0800 0.1200 1.1362
3.1000 0.1200 1.1430
3.1200 0.1200 1.1500
3.1400 0.1200 1.1520
3.1600 0.1200 1.1580
3.1800 0.1200 1.1580
3.2000 0.1200 1.1500
3.2200 0.1200 1.1362
3.2400 0.1200 1.1350
3.2600 0.1200 1.1210
3.2800 0.1200 1.1042
3.3000 0.1200 1.0950
3.3200 0.1200 1.0900
3.3400 0.1200 1.0750
3.3600 0.1200 1.0592
3.3800 0.1200 1.0568
3.4000 0.1200 1.0560
3.4200 0.1200 1.0500
3.4400 0.1200 1.0482
3.4600 0.1200 1.0560
3.4800 0.1200 1.0630
3.5000 0.1200 1.0660
3.5200 0.1200 1.0750
3.5400 0.1200 1.0832
3.5600 0.1200 1.0910
3.5800 0.1200 1.0890
3.6000 0.1200 1.1308
3.6200 0.1200 1.2694
3.6400 0.1200 1.3080
3.6600 0.1200 1.3080
3.6800 0.1200 1.3080
3.7000 0.1200 1.3092
3.7200 0.1200 1.3110
3.7400 0.1200 1.3092
3.7600 0.1200 1.3092
3.7800 0.1200 1.2918
3.8000 0.1200 1.1572
3.8200 0.1200 1.1434
3.8400 0.1200 1.1152
3.8600 0.1200 1.1130
3.8800 0.1200 1.1068
3.9000 0.1200 1.1068
3.9200 0.1200 1.1042
3.9400 0.1200 1.0962
3.9600 0.1200 1.0980
3.9800 0.1200 1.1010
4.0000 0.1200 1.1060
4.0200 0.1200 1.1042
4.0400 0.1200 1.1080
4.0600 0.1200 1.1080
4.0800 0.1200 1.1110
4.1000 0.1200 1.1192
4.1200 0.1200 1.1260
4.1400 0.1200 1.1350
4.1600 0.1200 1.1330
4.1800 0.1200 1.1380
4.2000 0.1200 1.1310
4.2200 0.1200 1.1322
4.2400 0.1200 1.1310
4.2600 0.1200 1.1410
4.2800 0.1200 1.1418
4.3000 0.1200 1.1350
4.3200 0.1200 1.1318
4.3400 0.1200 1.1230
4.3600 0.1200 1.1210
4.3800 0.1200 1.1210
4.4000 0.1200 1.1192
4.4200 0.1200 1.1168
4.4400 0.1200 1.1110
4.4600 0.1200 1.1068
4.4800 0.1200 1.1068
4.5000 0.1200 1.1018
4.5200 0.1200 1.1060
4.5400 0.1200 1.1030
4.5600 0.1200 1.1018
4.5800 0.1200 1.1010
4.6000 0.1200 1.0962
4.6200 0.1200 1.0900
4.6400 0.1200 1.0880
4.6600 0.1200 1.0930
4.6800 0.1200 1.1010
4.7000 0.1200 1.1060
4.7200 0.1200 1.1042
4.7400 0.1200 1.1330
4.7600 0.1200 1.1350
4.7800 0.1200 1.1330
4.8000 0.1200 1.1080
4.8200 0.1200 1.1080
4.8400 0.1200 1.1010
4.8600 0.1200 1.0750
4.8800 0.1200 1.0758
4.9000 0.1200 1.0750
4.9200 0.1200 1.1060
4.9400 0.1200 1.1168
4.9600 0.1200 1.1230
4.9800 0.1200 1.1260
5.0000 0.1200 1.1380
5.0200 0.1200 1.1430
5.0400 0.1200 1.1430
5.0600 0.1200 1.1430
5.0800 0.1200 1.1310
5.1000 0.1200 1.1210
5.1200 0.1200 1.0980
5.1400 0.1200 1.0980
5.1600 0.1200 1.0980
5.1800 0.1200 1.0912
5.2000 0.1200 1.0992
5.2200 0.1200 1.0992
5.2400 0.1200 1.0850
5.2600 0.1200 1.0820
0.0000 0.1400 1.0738
0.0200 0.1400 1.0690
0.0400 0.1400 1.0690
0.0600 0.1400 1.0690
0.0800 0.1400 1.0750
0.1000 0.1400 1.0750
0.1200 0.1400 1.0770
0.1400 0.1400 1.0820
0.1600 0.1400 1.0820
0.1800 0.1400 1.1060
0.2000 0.1400 1.1060
0.2200 0.1400 1.1110
0.2400 0.1400 1.1130
0.2600 0.1400 1.1154
0.2800 0.1400 1.1150
0.3000 0.1400 1.1176
0.3200 0.1400 1.1160
0.3400 0.1400 1.1126
0.3600 0.1400 1.1110
0.3800 0.1400 1.1060
0.4000 0.1400 1.1060
0.4200 0.1400 1.1026
0.4400 0.1400 1.1010
0.4600 0.1400 1.0946
0.4800 0.1400 1.0924
0.5000 0.1400 1.0874
0.5200 0.1400 1.0896
0.5400 0.1400 1.0844
0.5600 0.1400 1.0820
0.5800 0.1400 1.0880
0.6000 0.1400 1.0880
0.6200 0.1400 1.0820
0.6400 0.1400 1.0770
0.6600 0.1400 1.0820
0.6800 0.1400 1.0810
0.7000 0.1400 1.0810
0.7200 0.1400 1.0820
0.7400 0.1400 1.0900
0.7600 0.1400 1.0900
0.7800 0.1400 1.0900
0.8000 0.1400 1.1126
0.8200 0.1400 1.1210
0.8400 0.1400 1.1260
0.8600 0.1400 1.1260
0.8800 0.1400 1.1326
0.9000 0.1400 1.1380
0.9200 0.1400 1.1326
0.9400 0.1400 1.1310
0.9600 0.1400 1.1254
0.9800 0.1400 1.1176
1.0000 0.1400 1.1080
1.0200 0.1400 1.1080
1.0400 0.1400 1.1060
1.0600 0.1400 1.1060
1.0800 0.1400 1.1080
1.1000 0.1400 1.1080
1.1200 0.1400 1.1080
1.1400 0.1400 1.1080
1.1600 0.1400 1.1104
1.1800 0.1400 1.1104
1.2000 0.1400 1.1104
1.2200 0.1400 1.1110
1.2400 0.1400 1.1080
1.2600 0.1400 1.1080
1.2800 0.1400 1.1060
1.3000 0.1400 1.1060
1.3200 0.1400 1.1080
1.3400 0.1400 1.1104
1.3600 0.1400 1.1154
1.3800 0.1400 1.1404
1.4000 0.1400 1.1426
1.4200 0.1400 1.1380
1.4400 0.1400 1.1408
1.4600 0.1400 1.1040
1.4800 0.1400 1.0008
1.5000 0.1400 0.9498
1.5200 0.1400 0.9488
1.5400 0.1400 0.9490
1.5600 0.1400 0.9430
1.5800 0.1400 0.9500
1.6000 0.1400 0.9508
1.6200 0.1400 0.9500
1.6400 0.1400 1.0076
1.6600 0.1400 1.1266
1.6800 0.1400 1.1322
1.7000 0.1400 1.1386
1.7200 0.1400 1.1386
1.7400 0.1400 1.1340
1.7600 0.1400 1.1380
1.7800 0.1400 1.1330
1.8000 0.1400 1.1330
1.8200 0.1400 1.1380
1.8400 0.1400 1.1380
1.8600 0.1400 1.1410
1.8800 0.1400 1.1430
1.9000 0.1400 1.1470
1.9200 0.1400 1.1470
1.9400 0.1400 1.1500
1.9600 0.1400 1.1550
1.9800 0.1400 1.1580
2.0000 0.1400 1.1580
2.0200 0.1400 1.1644
2.0400 0.1400 1.1650
2.0600 0.1400 1.1612
2.0800 0.1400 1.1580
2.1000 0.1400 1.1574
2.1200 0.1400 1.1580
2.1400 0.1400 1.1580
2.1600 0.1400 1.1574
2.1800 0.1400 1.1612
2.2000 0.1400 1.1612
2.2200 0.1400 1.1612
2.2400 0.1400 1.1430
2.2600 0.1400 1.1426
2.2800 0.1400 1.1404
2.3000 0.1400 1.1370
2.3200 0.1400 1.1230
2.3400 0.1400 1.1254
2.3600 0.1400 1.1294
2.3800 0.1400 1.1380
2.4000 0.1400 1.1480
2.4200 0.1400 1.1480
2.4400 0.1400 1.1480
2.4600 0.1400 1.1550
2.4800 0.1400 1.1650
2.5000 0.1400 1.1650
2.5200 0.1400 1.1650
2.5400 0.1400 1.1720
2.5600 0.1400 1.1790
2.5800 0.1400 1.1770
2.6000 0.1400 1.1770
2.6200 0.1400 1.1790
2.6400 0.1400 1.1840
2.6600 0.1400 1.1840
2.6800 0.1400 1.1860
2.7000 0.1400 1.1840
2.7200 0.1400 1.1790
2.7400 0.1400 1.1786
2.7600 0.1400 1.1810
2.7800 0.1400 1.1770
2.8000 0.1400 1.1736
2.8200 0.1400 1.1736
2.8400 0.1400 1.1720
2.8600 0.1400 1.1694
2.8800 0.1400 1.1650
2.9000 0.1400 1.1650
2.9200 0.1400 1.1650
2.9400 0.1400 1.1612
2.9600 0.1400 1.1574
2.9800 0.1400 1.1500
3.0000 0.1400 1.1480
3.0200 0.1400 1.1370
3.0400 0.1400 1.1426
3.0600 0.1400 1.1500
3.0800 0.1400 1.1480
3.1000 0.1400 1.1496
3.1200 0.1400 1.1540
3.1400 0.1400 1.1580
3.1600 0.1400 1.1620
3.1800 0.1400 1.1620
3.2000 0.1400 1.1580
3.2200 0.1400 1.1470
3.2400 0.1400 1.1430
3.2600 0.1400 1.1254
3.2800 0.1400 1.1080
3.3000 0.1400 1.0950
3.3200 0.1400 1.0924
3.3400 0.1400 1.0770
3.3600 0.1400 1.0738
3.3800 0.1400 1.0610
3.4000 0.1400 1.0610
3.4200 0.1400 1.0684
3.4400 0.1400 1.0604
3.4600 0.1400 1.0660
3.4800 0.1400 1.0690
3.5000 0.1400 1.0738
3.5200 0.1400 1.0820
3.5400 0.1400 1.0850
3.5600 0.1400 1.0870
3.5800 0.1400 1.0888
3.6000 0.1400 1.1908
3.6200 0.1400 1.2970
3.6400 0.1400 1.3160
3.6600 0.1400 1.3154
3.6800 0.1400 1.3180
3.7000 0.1400 1.3130
3.7200 0.1400 1.3130
3.7400 0.1400 1.3110
3.7600 0.1400 1.3176
3.7800 0.1400 1.3158
3.8000 0.1400 1.2272
3.8200 0.1400 1.2020
3.8400 0.1400 1.1230
3.8600 0.1400 1.1176
3.8800 0.1400 1.1126
3.9000 0.1400 1.1126
3.9200 0.1400 1.1104
3.9400 0.1400 1.1010
3.9600 0.1400 1.1010
3.9800 0.1400 1.1010
4.0000 0.1400 1.1110
4.0200 0.1400 1.1104
4.0400 0.1400 1.1126
4.0600 0.1400 1.1126
4.0800 0.1400 1.1180
4.1000 0.1400 1.1230
4.1200 0.1400 1.1260
4.1400 0.1400 1.1380
4.1600 0.1400 1.1326
4.1800 0.1400 1.1380
4.2000 0.1400 1.1330
4.2200 0.1400 1.1380
4.2400 0.1400 1.1380
4.2600 0.1400 1.1470
4.2800 0.1400 1.1480
4.3000 0.1400 1.1430
4.3200 0.1400 1.1410
4.3400 0.1400 1.1326
4.3600 0.1400 1.1294
4.3800 0.1400 1.1254
4.4000 0.1400 1.1230
4.4200 0.1400 1.1230
4.4400 0.1400 1.1254
4.4600 0.1400 1.1126
4.4800 0.1400 1.1126
4.5000 0.1400 1.1080
4.5200 0.1400 1.1080
4.5400 0.1400 1.1080
4.5600 0.1400 1.1080
4.5800 0.1400 1.1030
4.6000 0.1400 1.1010
4.6200 0.1400 1.0974
4.6400 0.1400 1.0974
4.6600 0.1400 1.0980
4.6800 0.1400 1.1060
4.7000 0.1400 1.1080
4.7200 0.1400 1.1080
4.7400 0.1400 1.1404
4.7600 0.1400 1.1410
4.7800 0.1400 1.1380
4.8000 0.1400 1.1080
4.8200 0.1400 1.1080
4.8400 0.1400 1.1030
4.8600 0.1400 1.0820
4.8800 0.1400 1.0820
4.9000 0.1400 1.0820
4.9200 0.1400 1.1110
4.9400 0.1400 1.1226
4.9600 0.1400 1.1330
4.9800 0.1400 1.1380
5.0000 0.1400 1.1430
5.0200 0.1400 1.1480
5.0400 0.1400 1.1470
5.0600 0.1400 1.1470
5.0800 0.1400 1.1310
5.1000 0.1400 1.1210
5.1200 0.1400 1.1010
5.1400 0.1400 1.1010
5.1600 0.1400 1.0980
5.1800 0.1400 1.1010
5.2000 0.1400 1.1076
5.2200 0.1400 1.1076
5.2400 0.1400 1.0880
5.2600 0.1400 1.0770
0.0000 0.1600 1.0820
0.0200 0.1600 1.0850
0.0400 0.1600 1.0770
0.0600 0.1600 1.0826
0.0800 0.1600 1.0850
0.1000 0.1600 1.0856
0.1200 0.1600 1.0820
0.1400 0.1600 1.0884
0.1600 0.1600 1.0900
0.1800 0.1600 1.1080
0.2000 0.1600 1.1086
0.2200 0.1600 1.1176
0.2400 0.1600 1.1154
0.2600 0.1600 1.1180
0.2800 0.1600 1.1180
0.3000 0.1600 1.1260
0.3200 0.1600 1.1230
0.3400 0.1600 1.1210
0.3600 0.1600 1.1180
0.3800 0.1600 1.1180
0.4000 0.1600 1.1136
0.4200 0.1600 1.1110
0.4400 0.1600 1.1086
0.4600 0.1600 1.1030
0.4800 0.1600 1.1010
0.5000 0.1600 1.0930
0.5200 0.1600 1.0956
0.5400 0.1600 1.0900
0.5600 0.1600 1.0906
0.5800 0.1600 1.0950
0.6000 0.1600 1.0930
0.6200 0.1600 1.0900
0.6400 0.1600 1.0850
0.6600 0.1600 1.0880
0.6800 0.1600 1.0880
0.7000 0.1600 1.0900
0.7200 0.1600 1.0884
0.7400 0.1600 1.0900
0.7600 0.1600 1.0900
0.7800 0.1600 1.0934
0.8000 0.1600 1.1210
0.8200 0.1600 1.1314
0.8400 0.1600 1.1340
0.8600 0.1600 1.1340
0.8800 0.1600 1.1386
0.9000 0.1600 1.1430
0.9200 0.1600 1.1380
0.9400 0.1600 1.1380
0.9600 0.1600 1.1380
0.9800 0.1600 1.1314
1.0000 0.1600 1.1164
1.0200 0.1600 1.1136
1.0400 0.1600 1.1110
1.0600 0.1600 1.1080
1.0800 0.1600 1.1130
1.1000 0.1600 1.1110
1.1200 0.1600 1.1164
1.1400 0.1600 1.1186
1.1600 0.1600 1.1214
1.1800 0.1600 1.1210
1.2000 0.1600 1.1210
1.2200 0.1600 1.1214
1.2400 0.1600 1.1186
1.2600 0.1600 1.1180
1.2800 0.1600 1.1136
1.3000 0.1600 1.1140
1.3200 0.1600 1.1210
1.3400 0.1600 1.1210
1.3600 0.1600 1.1236
1.3800 0.1600 1.1430
1.4000 0.1600 1.1510
1.4200 0.1600 1.1480
1.4400 0.1600 1.1480
1.4600 0.1600 1.1434
1.4800 0.1600 1.0864
1.5000 0.1600 0.9766
1.5200 0.1600 0.9702
1.5400 0.1600 0.9560
1.5600 0.1600 0.9502
1.5800 0.1600 0.9560
1.6000 0.1600 0.9560
1.6200 0.1600 0.9714
1.6400 0.1600 1.0872
1.6600 0.1600 1.1500
1.6800 0.1600 1.1500
1.7000 0.1600 1.1410
1.7200 0.1600 1.1410
1.7400 0.1600 1.1380
1.7600 0.1600 1.1380
1.7800 0.1600 1.1330
1.8000 0.1600 1.1314
1.8200 0.1600 1.1380
1.8400 0.1600 1.1410
1.8600 0.1600 1.1380
1.8800 0.1600 1.1496
1.9000 0.1600 1.1480
1.9200 0.1600 1.1480
1.9400 0.1600 1.1500
1.9600 0.1600 1.1550
1.9800 0.1600 1.1612
2.0000 0.1600 1.1612
2.0200 0.1600 1.1670
2.0400 0.1600 1.1700
2.0600 0.1600 1.1650
2.0800 0.1600 1.1620
2.1000 0.1600 1.1580
2.1200 0.1600 1.1620
2.1400 0.1600 1.1650
2.1600 0.1600 1.1650
2.1800 0.1600 1.1670
2.2000 0.1600 1.1670
2.2200 0.1600 1.1676
2.2400 0.1600 1.1580
2.2600 0.1600 1.1580
2.2800 0.1600 1.1500
2.3000 0.1600 1.1440
2.3200 0.1600 1.1380
2.3400 0.1600 1.1380
2.3600 0.1600 1.1410
2.3800 0.1600 1.1480
2.4000 0.1600 1.1480
2.4200 0.1600 1.1430
2.4400 0.1600 1.1480
2.4600 0.1600 1.1500
2.4800 0.1600 1.1670
2.5000 0.1600 1.1694
2.5200 0.1600 1.1666
2.5400 0.1600 1.1700
2.5600 0.1600 1.1770
2.5800 0.1600 1.1740
2.6000 0.1600 1.1740
2.6200 0.1600 1.1790
2.6400 0.1600 1.1860
2.6600 0.1600 1.1840
2.6800 0.1600 1.1840
2.7000 0.1600 1.1840
2.7200 0.1600 1.1790
2.7400 0.1600 1.1790
2.7600 0.1600 1.1790
2.7800 0.1600 1.1790
2.8000 0.1600 1.1770
2.8200 0.1600 1.1740
2.8400 0.1600 1.1740
2.8600 0.1600 1.1720
2.8800 0.1600 1.1700
2.9000 0.1600 1.1670
2.9200 0.1600 1.1670
2.9400 0.1600 1.1654
2.9600 0.1600 1.1620
2.9800 0.1600 1.1500
3.0000 0.1600 1.1496
3.0200 0.1600 1.1430
3.0400 0.1600 1.1510
3.0600 0.1600 1.1550
3.0800 0.1600 1.1500
3.1000 0.1600 1.1612
3.1200 0.1600 1.1620
3.1400 0.1600 1.1654
3.1600 0.1600 1.1650
3.1800 0.1600 1.1666
3.2000 0.1600 1.1580
3.2200 0.1600 1.1480
3.2400 0.1600 1.1480
3.2600 0.1600 1.1310
3.2800 0.1600 1.1140
3.3000 0.1600 1.1014
3.3200 0.1600 1.0986
3.3400 0.1600 1.0856
3.3600 0.1600 1.0770
3.3800 0.1600 1.0690
3.4000 0.1600 1.0690
3.4200 0.1600 1.0690
3.4400 0.1600 1.0690
3.4600 0.1600 1.0770
3.4800 0.1600 1.0780
3.5000 0.1600 1.0820
3.5200 0.1600 1.0856
3.5400 0.1600 1.0860
3.5600 0.1600 1.1104
3.5800 0.1600 1.1198
3.6000 0.1600 1.2610
3.6200 0.1600 1.3064
3.6400 0.1600 1.3260
3.6600 0.1600 1.3236
3.6800 0.1600 1.3210
3.7000 0.1600 1.3180
3.7200 0.1600 1.3130
3.7400 0.1600 1.3136
3.7600 0.1600 1.3214
3.7800 0.1600 1.3230
3.8000 0.1600 1.2934
3.8200 0.1600 1.2762
3.8400 0.1600 1.1416
3.8600 0.1600 1.1240
3.8800 0.1600 1.1160
3.9000 0.1600 1.1160
3.9200 0.1600 1.1114
3.9400 0.1600 1.1060
3.9600 0.1600 1.1060
3.9800 0.1600 1.1060
4.0000 0.1600 1.1110
4.0200 0.1600 1.1130
4.0400 0.1600 1.1160
4.0600 0.1600 1.1160
4.0800 0.1600 1.1210
4.1000 0.1600 1.1310
4.1200 0.1600 1.1260
4.1400 0.1600 1.1326
4.1600 0.1600 1.1300
4.1800 0.1600 1.1370
4.2000 0.1600 1.1386
4.2200 0.1600 1.1404
4.2400 0.1600 1.1410
4.2600 0.1600 1.1426
4.2800 0.1600 1.1480
4.3000 0.1600 1.1430
4.3200 0.1600 1.1410
4.3400 0.1600 1.1330
4.3600 0.1600 1.1380
4.3800 0.1600 1.1260
4.4000 0.1600 1.1260
4.4200 0.1600 1.1270
4.4400 0.1600 1.1260
4.4600 0.1600 1.1186
4.4800 0.1600 1.1180
4.5000 0.1600 1.1136
4.5200 0.1600 1.1114
4.5400 0.1600 1.1136
4.5600 0.1600 1.1136
4.5800 0.1600 1.1080
4.6000 0.1600 1.1060
4.6200 0.1600 1.1010
4.6400 0.1600 1.1014
4.6600 0.1600 1.1060
4.6800 0.1600 1.1064
4.7000 0.1600 1.1110
4.7200 0.1600 1.1110
4.7400 0.1600 1.1484
4.7600 0.1600 1.1404
4.7800 0.1600 1.1380
4.8000 0.1600 1.1110
4.8200 0.1600 1.1110
4.8400 0.1600 1.1030
4.8600 0.1600 1.0820
4.8800 0.1600 1.0884
4.9000 0.1600 1.0884
4.9200 0.1600 1.1160
4.9400 0.1600 1.1260
4.9600 0.1600 1.1326
4.9800 0.1600 1.1330
5.0000 0.1600 1.1480
5.0200 0.1600 1.1550
5.0400 0.1600 1.1550
5.0600 0.1600 1.1500
5.0800 0.1600 1.1330
5.1000 0.1600 1.1236
5.1200 0.1600 1.1080
5.1400 0.1600 1.1060
5.1600 0.1600 1.1010
5.1800 0.1600 1.1080
5.2000 0.1600 1.1110
5.2200 0.1600 1.1110
5.2400 0.1600 1.0934
5.2600 0.1600 1.0850
0.0000 0.1800 1.0838
0.0200 0.1800 1.0838
0.0400 0.1800 1.0850
0.0600 0.1800 1.0832
0.0800 0.1800 1.0880
0.1000 0.1800 1.0880
0.1200 0.1800 1.0838
0.1400 0.1800 1.0900
0.1600 0.1800 1.0900
0.1800 0.1800 1.1110
0.2000 0.1800 1.1110
0.2200 0.1800 1.1180
0.2400 0.1800 1.1198
0.2600 0.1800 1.1210
0.2800 0.1800 1.1210
0.3000 0.1800 1.1280
0.3200 0.1800 1.1310
0.3400 0.1800 1.1260
0.3600 0.1800 1.1260
0.3800 0.1800 1.1230
0.4000 0.1800 1.1210
0.4200 0.1800 1.1148
0.4400 0.1800 1.1110
0.4600 0.1800 1.1080
0.4800 0.1800 1.1060
0.5000 0.1800 1.0980
0.5200 0.1800 1.0980
0.5400 0.1800 1.0968
0.5600 0.1800 1.0980
0.5800 0.1800 1.0980
0.6000 0.1800 1.0968
0.6200 0.1800 1.0980
0.6400 0.1800 1.0930
0.6600 0.1800 1.0968
0.6800 0.1800 1.0950
0.7000 0.1800 1.0950
0.7200 0.1800 1.0930
0.7400 0.1800 1.0980
0.7600 0.1800 1.0980
0.7800 0.1800 1.1048
0.8000 0.1800 1.1330
0.8200 0.1800 1.1380
0.8400 0.1800 1.1430
0.8600 0.1800 1.1430
0.8800 0.1800 1.1480
0.9000 0.1800 1.1430
0.9200 0.1800 1.1430
0.9400 0.1800 1.1430
0.9600 0.1800 1.1480
0.9800 0.1800 1.1410
1.0000 0.1800 1.1310
1.0200 0.1800 1.1248
1.0400 0.1800 1.1222
1.0600 0.1800 1.1130
1.0800 0.1800 1.1148
1.1000 0.1800 1.1160
1.1200 0.1800 1.1230
1.1400 0.1800 1.1310
1.1600 0.1800 1.1260
1.1800 0.1800 1.1260
1.2000 0.1800 1.1260
1.2200 0.1800 1.1260
1.2400 0.1800 1.1230
1.2600 0.1800 1.1230
1.2800 0.1800 1.1180
1.3000 0.1800 1.1230
1.3200 0.1800 1.1330
1.3400 0.1800 1.1330
1.3600 0.1800 1.1380
1.3800 0.1800 1.1430
1.4000 0.1800 1.1500
1.4200 0.1800 1.1480
1.4400 0.1800 1.1480
1.4600 0.1800 1.1480
1.4800 0.1800 1.1364
1.5000 0.1800 1.0518
1.5200 0.1800 1.0346
1.5400 0.1800 0.9712
1.5600 0.1800 0.9560
1.5800 0.1800 0.9654
1.6000 0.1800 0.9664
1.6200 0.1800 1.0308
1.6400 0.1800 1.1460
1.6600 0.1800 1.1620
1.6800 0.1800 1.1620
1.7000 0.1800 1.1500
1.7200 0.1800 1.1430
1.7400 0.1800 1.1460
1.7600 0.1800 1.1430
1.7800 0.1800 1.1380
1.8000 0.1800 1.1422
1.8200 0.1800 1.1480
1.8400 0.1800 1.1480
1.8600 0.1800 1.1430
1.8800 0.1800 1.1488
1.9000 0.1800 1.1550
1.9200 0.1800 1.1550
1.9400 0.1800 1.1480
1.9600 0.1800 1.1550
1.9800 0.1800 1.1580
2.0000 0.1800 1.1580
2.0200 0.1800 1.1700
2.0400 0.1800 1.1720
2.0600 0.1800 1.1638
2.0800 0.1800 1.1620
2.1000 0.1800 1.1580
2.1200 0.1800 1.1670
2.1400 0.1800 1.1650
2.1600 0.1800 1.1712
2.1800 0.1800 1.1712
2.2000 0.1800 1.1700
2.2200 0.1800 1.1712
2.2400 0.1800 1.1670
2.2600 0.1800 1.1670
2.2800 0.1800 1.1638
2.3000 0.1800 1.1500
2.3200 0.1800 1.1492
2.3400 0.1800 1.1492
2.3600 0.1800 1.1568
2.3800 0.1800 1.1580
2.4000 0.1800 1.1480
2.4200 0.1800 1.1480
2.4400 0.1800 1.1500
2.4600 0.1800 1.1550
2.4800 0.1800 1.1620
2.5000 0.1800 1.1632
2.5200 0.1800 1.1620
2.5400 0.1800 1.1670
2.5600 0.1800 1.1770
2.5800 0.1800 1.1740
2.6000 0.1800 1.1720
2.6200 0.1800 1.1790
2.6400 0.1800 1.1860
2.6600 0.1800 1.1840
2.6800 0.1800 1.1828
2.7000 0.1800 1.1810
2.7200 0.1800 1.1790
2.7400 0.1800 1.1770
2.7600 0.1800 1.1770
2.7800 0.1800 1.1770
2.8000 0.1800 1.1720
2.8200 0.1800 1.1720
2.8400 0.1800 1.1720
2.8600 0.1800 1.1682
2.8800 0.1800 1.1700
2.9000 0.1800 1.1662
2.9200 0.1800 1.1670
2.9400 0.1800 1.1620
2.9600 0.1800 1.1550
2.9800 0.1800 1.1488
3.0000 0.1800 1.1500
3.0200 0.1800 1.1480
3.0400 0.1800 1.1580
3.0600 0.1800 1.1568
3.0800 0.1800 1.1568
3.1000 0.1800 1.1632
3.1200 0.1800 1.1688
3.1400 0.1800 1.1700
3.1600 0.1800 1.1670
3.1800 0.1800 1.1670
3.2000 0.1800 1.1580
3.2200 0.1800 1.1530
3.2400 0.1800 1.1530
3.2600 0.1800 1.1380
3.2800 0.1800 1.1290
3.3000 0.1800 1.1080
3.3200 0.1800 1.1072
3.3400 0.1800 1.0968
3.3600 0.1800 1.0850
3.3800 0.1800 1.0820
3.4000 0.1800 1.0820
3.4200 0.1800 1.0750
3.4400 0.1800 1.0850
3.4600 0.1800 1.0850
3.4800 0.1800 1.0918
3.5000 0.1800 1.0918
3.5200 0.1800 1.0930
3.5400 0.1800 1.1008
3.5600 0.1800 1.1610
3.5800 0.1800 1.1850
3.6000 0.1800 1.3032
3.6200 0.1800 1.3210
3.6400 0.1800 1.3260
3.6600 0.1800 1.3242
3.6800 0.1800 1.3260
3.7000 0.1800 1.3210
3.7200 0.1800 1.3210
3.7400 0.1800 1.3210
3.7600 0.1800 1.3310
3.7800 0.1800 1.3310
3.8000 0.1800 1.3252
3.8200 0.1800 1.3238
3.8400 0.1800 1.1848
3.8600 0.1800 1.1300
3.8800 0.1800 1.1230
3.9000 0.1800 1.1230
3.9200 0.1800 1.1222
3.9400 0.1800 1.1160
3.9600 0.1800 1.1122
3.9800 0.1800 1.1122
4.0000 0.1800 1.1130
4.0200 0.1800 1.1160
4.0400 0.1800 1.1168
4.0600 0.1800 1.1180
4.0800 0.1800 1.1180
4.1000 0.1800 1.1260
4.1200 0.1800 1.1260
4.1400 0.1800 1.1310
4.1600 0.1800 1.1260
4.1800 0.1800 1.1318
4.2000 0.1800 1.1380
4.2200 0.1800 1.1380
4.2400 0.1800 1.1380
4.2600 0.1800 1.1480
4.2800 0.1800 1.1480
4.3000 0.1800 1.1430
4.3200 0.1800 1.1430
4.3400 0.1800 1.1310
4.3600 0.1800 1.1330
4.3800 0.1800 1.1310
4.4000 0.1800 1.1318
4.4200 0.1800 1.1318
4.4400 0.1800 1.1260
4.4600 0.1800 1.1310
4.4800 0.1800 1.1260
4.5000 0.1800 1.1230
4.5200 0.1800 1.1210
4.5400 0.1800 1.1222
4.5600 0.1800 1.1210
4.5800 0.1800 1.1180
4.6000 0.1800 1.1110
4.6200 0.1800 1.1080
4.6400 0.1800 1.1080
4.6600 0.1800 1.1172
4.6800 0.1800 1.1160
4.7000 0.1800 1.1222
4.7200 0.1800 1.1210
4.7400 0.1800 1.1550
4.7600 0.1800 1.1418
4.7800 0.1800 1.1430
4.8000 0.1800 1.1160
4.8200 0.1800 1.1160
4.8400 0.1800 1.1098
4.8600 0.1800 1.0880
4.8800 0.1800 1.0950
4.9000 0.1800 1.0950
4.9200 0.1800 1.1160
4.9400 0.1800 1.1310
4.9600 0.1800 1.1380
4.9800 0.1800 1.1380
5.0000 0.1800 1.1500
5.0200 0.1800 1.1520
5.0400 0.1800 1.1550
5.0600 0.1800 1.1530
5.0800 0.1800 1.1422
5.1000 0.1800 1.1330
5.1200 0.1800 1.1160
5.1400 0.1800 1.1110
5.1600 0.1800 1.1010
5.1800 0.1800 1.1080
5.2000 0.1800 1.1092
5.2200 0.1800 1.1080
5.2400 0.1800 1.0950
5.2600 0.1800 1.0900
0.0000 0.2000 1.0880
0.0200 0.2000 1.0880
0.0400 0.2000 1.0850
0.0600 0.2000 1.0850
0.0800 0.2000 1.0880
0.1000 0.2000 1.0900
0.1200 0.2000 1.0850
0.1400 0.2000 1.0930
0.1600 0.2000 1.0980
0.1800 0.2000 1.1180
0.2000 0.2000 1.1180
0.2200 0.2000 1.1210
0.2400 0.2000 1.1310
0.2600 0.2000 1.1260
0.2800 0.2000 1.1260
0.3000 0.2000 1.1330
0.3200 0.2000 1.1380
0.3400 0.2000 1.1330
0.3600 0.2000 1.1310
0.3800 0.2000 1.1330
0.4000 0.2000 1.1310
0.4200 0.2000 1.1230
0.4400 0.2000 1.1210
0.4600 0.2000 1.1180
0.4800 0.2000 1.1110
0.5000 0.2000 1.1080
0.5200 0.2000 1.1080
0.5400 0.2000 1.1060
0.5600 0.2000 1.1010
0.5800 0.2000 1.1030
0.6000 0.2000 1.1030
0.6200 0.2000 1.1030
0.6400 0.2000 1.1030
0.6600 0.2000 1.1030
0.6800 0.2000 1.1010
0.7000 0.2000 1.1010
0.7200 0.2000 1.0950
0.7400 0.2000 1.1030
0.7600 0.2000 1.1030
0.7800 0.2000 1.1110
0.8000 0.2000 1.1380
0.8200 0.2000 1.1480
0.8400 0.2000 1.1500
0.8600 0.2000 1.1500
0.8800 0.2000 1.1500
0.9000 0.2000 1.1480
0.9200 0.2000 1.1480
0.9400 0.2000 1.1480
0.9600 0.2000 1.1480
0.9800 0.2000 1.1430
1.0000 0.2000 1.1330
1.0200 0.2000 1.1330
1.0400 0.2000 1.1260
1.0600 0.2000 1.1230
1.0800 0.2000 1.1210
1.1000 0.2000 1.1210
1.1200 0.2000 1.1230
1.1400 0.2000 1.1310
1.1600 0.2000 1.1330
1.1800 0.2000 1.1330
1.2000 0.2000 1.1330
1.2200 0.2000 1.1380
1.2400 0.2000 1.1310
1.2600 0.2000 1.1260
1.2800 0.2000 1.1180
1.3000 0.2000 1.1330
1.3200 0.2000 1.1330
1.3400 0.2000 1.1380
1.3600 0.2000 1.1430
1.3800 0.2000 1.1430
1.4000 0.2000 1.1480
1.4200 0.2000 1.1480
1.4400 0.2000 1.1500
1.4600 0.2000 1.1480
1.4800 0.2000 1.1480
1.5000 0.2000 1.1220
1.5200 0.2000 1.1070
1.5400 0.2000 1.0180
1.5600 0.2000 0.9670
1.5800 0.2000 0.9840
1.6000 0.2000 0.9910
1.6200 0.2000 1.1140
1.6400 0.2000 1.1640
1.6600 0.2000 1.1620
1.6800 0.2000 1.1620
1.7000 0.2000 1.1620
1.7200 0.2000 1.1500
1.7400 0.2000 1.1480
1.7600 0.2000 1.1480
1.7800 0.2000 1.1430
1.8000 0.2000 1.1480
1.8200 0.2000 1.1500
1.8400 0.2000 1.1500
1.8600 0.2000 1.1500
1.8800 0.2000 1.1500
1.9000 0.2000 1.1550
1.9200 0.2000 1.1550
1.9400 0.2000 1.1550
1.9600 0.2000 1.1620
1.9800 0.2000 1.1620
2.0000 0.2000 1.1620
2.0200 0.2000 1.1650
2.0400 0.2000 1.1700
2.0600 0.2000 1.1620
2.0800 0.2000 1.1620
2.1000 0.2000 1.1650
2.1200 0.2000 1.1700
2.1400 0.2000 1.1720
2.1600 0.2000 1.1720
2.1800 0.2000 1.1720
2.2000 0.2000 1.1720
2.2200 0.2000 1.1700
2.2400 0.2000 1.1720
2.2600 0.2000 1.1700
2.2800 0.2000 1.1700
2.3000 0.2000 1.1620
2.3200 0.2000 1.1580
2.3400 0.2000 1.1580
2.3600 0.2000 1.1580
2.3800 0.2000 1.1650
2.4000 0.2000 1.1550
2.4200 0.2000 1.1500
2.4400 0.2000 1.1580
2.4600 0.2000 1.1620
2.4800 0.2000 1.1650
2.5000 0.2000 1.1620
2.5200 0.2000 1.1670
2.5400 0.2000 1.1700
2.5600 0.2000 1.1770
2.5800 0.2000 1.1740
2.6000 0.2000 1.1700
2.6200 0.2000 1.1770
2.6400 0.2000 1.1840
2.6600 0.2000 1.1840
2.6800 0.2000 1.1840
2.7000 0.2000 1.1790
2.7200 0.2000 1.1790
2.7400 0.2000 1.1790
2.7600 0.2000 1.1740
2.7800 0.2000 1.1770
2.8000 0.2000 1.1740
2.8200 0.2000 1.1720
2.8400 0.2000 1.1700
2.8600 0.2000 1.1650
2.8800 0.2000 1.1620
2.9000 0.2000 1.1580
2.9200 0.2000 1.1620
2.9400 0.2000 1.1620
2.9600 0.2000 1.1580
2.9800 0.2000 1.1500
3.0000 0.2000 1.1550
3.0200 0.2000 1.1620
3.0400 0.2000 1.1580
3.0600 0.2000 1.1650
3.0800 0.2000 1.1650
3.1000 0.2000 1.1650
3.1200 0.2000 1.1720
3.1400 0.2000 1.1740
3.1600 0.2000 1.1740
3.1800 0.2000 1.1720
3.2000 0.2000 1.1650
3.2200 0.2000 1.1550
3.2400 0.2000 1.1580
3.2600 0.2000 1.1430
3.2800 0.2000 1.1430
3.3000 0.2000 1.1160
3.3200 0.2000 1.1130
3.3400 0.2000 1.1030
3.3600 0.2000 1.0950
3.3800 0.2000 1.0900
3.4000 0.2000 1.0880
3.4200 0.2000 1.0850
3.4400 0.2000 1.0880
3.4600 0.2000 1.0950
3.4800 0.2000 1.1010
3.5000 0.2000 1.1010
3.5200 0.2000 1.1010
3.5400 0.2000 1.1110
3.5600 0.2000 1.2360
3.5800 0.2000 1.2570
3.6000 0.2000 1.3180
3.6200 0.2000 1.3260
3.6400 0.2000 1.3230
3.6600 0.2000 1.3230
3.6800 0.2000 1.3260
3.7000 0.2000 1.3230
3.7200 0.2000 1.3230
3.7400 0.2000 1.3230
3.7600 0.2000 1.3330
3.7800 0.2000 1.3310
3.8000 0.2000 1.3330
3.8200 0.2000 1.3370
3.8400 0.2000 1.2370
3.8600 0.2000 1.1390
3.8800 0.2000 1.1310
3.9000 0.2000 1.1310
3.9200 0.2000 1.1310
3.9400 0.2000 1.1260
3.9600 0.2000 1.1210
3.9800 0.2000 1.1210
4.0000 0.2000 1.1110
4.0200 0.2000 1.1110
4.0400 0.2000 1.1110
4.0600 0.2000 1.1110
4.0800 0.2000 1.1160
4.1000 0.2000 1.1210
4.1200 0.2000 1.1230
4.1400 0.2000 1.1230
4.1600 0.2000 1.1230
4.1800 0.2000 1.1260
4.2000 0.2000 1.1330
4.2200 0.2000 1.1380
4.2400 0.2000 1.1380
4.2600 0.2000 1.1480
4.2800 0.2000 1.1500
4.3000 0.2000 1.1480
4.3200 0.2000 1.1480
4.3400 0.2000 1.1380
4.3600 0.2000 1.1310
4.3800 0.2000 1.1330
4.4000 0.2000 1.1330
4.4200 0.2000 1.1310
4.4400 0.2000 1.1260
4.4600 0.2000 1.1260
4.4800 0.2000 1.1230
4.5000 0.2000 1.1230
4.5200 0.2000 1.1230
4.5400 0.2000 1.1310
4.5600 0.2000 1.1260
4.5800 0.2000 1.1310
4.6000 0.2000 1.1210
4.6200 0.2000 1.1210
4.6400 0.2000 1.1210
4.6600 0.2000 1.1260
4.6800 0.2000 1.1260
4.7000 0.2000 1.1310
4.7200 0.2000 1.1260
4.7400 0.2000 1.1550
4.7600 0.2000 1.1480
4.7800 0.2000 1.1430
4.8000 0.2000 1.1160
4.8200 0.2000 1.1160
4.8400 0.2000 1.1160
4.8600 0.2000 1.0880
4.8800 0.2000 1.0950
4.9000 0.2000 1.0950
4.9200 0.2000 1.1180
4.9400 0.2000 1.1310
4.9600 0.2000 1.1380
4.9800 0.2000 1.1380
5.0000 0.2000 1.1430
5.0200 0.2000 1.1480
5.0400 0.2000 1.1550
5.0600 0.2000 1.1550
5.0800 0.2000 1.1480
5.1000 0.2000 1.1430
5.1200 0.2000 1.1180
5.1400 0.2000 1.1130
5.1600 0.2000 1.1060
5.1800 0.2000 1.1060
5.2000 0.2000 1.1060
5.2200 0.2000 1.1060
5.2400 0.2000 1.0930
5.2600 0.2000 1.0930
0.0000 0.2200 1.0962
0.0200 0.2200 1.0980
0.0400 0.2200 1.0912
0.0600 0.2200 1.0900
0.0800 0.2200 1.0850
0.1000 0.2200 1.0862
0.1200 0.2200 1.0862
0.1400 0.2200 1.0980
0.1600 0.2200 1.1018
0.1800 0.2200 1.1310
0.2000 0.2200 1.1310
0.2200 0.2200 1.1310
0.2400 0.2200 1.1410
0.2600 0.2200 1.1410
0.2800 0.2200 1.1392
0.3000 0.2200 1.1380
0.3200 0.2200 1.1418
0.3400 0.2200 1.1400
0.3600 0.2200 1.1418
0.3800 0.2200 1.1410
0.4000 0.2200 1.1350
0.4200 0.2200 1.1350
0.4400 0.2200 1.1330
0.4600 0.2200 1.1318
0.4800 0.2200 1.1230
0.5000 0.2200 1.1142
0.5200 0.2200 1.1118
0.5400 0.2200 1.1110
0.5600 0.2200 1.1060
0.5800 0.2200 1.1092
0.6000 0.2200 1.1092
0.6200 0.2200 1.1080
0.6400 0.2200 1.1068
0.6600 0.2200 1.1092
0.6800 0.2200 1.1080
0.7000 0.2200 1.1080
0.7200 0.2200 1.1030
0.7400 0.2200 1.1080
0.7600 0.2200 1.1068
0.7800 0.2200 1.1192
0.8000 0.2200 1.1392
0.8200 0.2200 1.1500
0.8400 0.2200 1.1550
0.8600 0.2200 1.1550
0.8800 0.2200 1.1550
0.9000 0.2200 1.1500
0.9200 0.2200 1.1480
0.9400 0.2200 1.1480
0.9600 0.2200 1.1410
0.9800 0.2200 1.1430
1.0000 0.2200 1.1350
1.0200 0.2200 1.1350
1.0400 0.2200 1.1310
1.0600 0.2200 1.1230
1.0800 0.2200 1.1218
1.1000 0.2200 1.1218
1.1200 0.2200 1.1260
1.1400 0.2200 1.1310
1.1600 0.2200 1.1260
1.1800 0.2200 1.1260
1.2000 0.2200 1.1330
1.2200 0.2200 1.1380
1.2400 0.2200 1.1260
1.2600 0.2200 1.1260
1.2800 0.2200 1.1218
1.3000 0.2200 1.1350
1.3200 0.2200 1.1392
1.3400 0.2200 1.1392
1.3600 0.2200 1.1430
1.3800 0.2200 1.1480
1.4000 0.2200 1.1500
1.4200 0.2200 1.1488
1.4400 0.2200 1.1480
1.4600 0.2200 1.1520
1.4800 0.2200 1.1488
1.5000 0.2200 1.1472
1.5200 0.2200 1.1446
1.5400 0.2200 1.0978
1.5600 0.2200 1.0026
1.5800 0.2200 1.0274
1.6000 0.2200 1.0438
1.6200 0.2200 1.1554
1.6400 0.2200 1.1650
1.6600 0.2200 1.1620
1.6800 0.2200 1.1620
1.7000 0.2200 1.1620
1.7200 0.2200 1.1562
1.7400 0.2200 1.1500
1.7600 0.2200 1.1488
1.7800 0.2200 1.1488
1.8000 0.2200 1.1500
1.8200 0.2200 1.1580
1.8400 0.2200 1.1620
1.8600 0.2200 1.1580
1.8800 0.2200 1.1562
1.9000 0.2200 1.1596
1.9200 0.2200 1.1620
1.9400 0.2200 1.1596
1.9600 0.2200 1.1658
1.9800 0.2200 1.1632
2.0000 0.2200 1.1620
2.0200 0.2200 1.1650
2.0400 0.2200 1.1650
2.0600 0.2200 1.1580
2.0800 0.2200 1.1550
2.1000 0.2200 1.1650
2.1200 0.2200 1.1670
2.1400 0.2200 1.1712
2.1600 0.2200 1.1700
2.1800 0.2200 1.1712
2.2000 0.2200 1.1712
2.2200 0.2200 1.1638
2.2400 0.2200 1.1650
2.2600 0.2200 1.1638
2.2800 0.2200 1.1638
2.3000 0.2200 1.1604
2.3200 0.2200 1.1580
2.3400 0.2200 1.1580
2.3600 0.2200 1.1492
2.3800 0.2200 1.1604
2.4000 0.2200 1.1550
2.4200 0.2200 1.1500
2.4400 0.2200 1.1580
2.4600 0.2200 1.1580
2.4800 0.2200 1.1620
2.5000 0.2200 1.1620
2.5200 0.2200 1.1662
2.5400 0.2200 1.1670
2.5600 0.2200 1.1732
2.5800 0.2200 1.1720
2.6000 0.2200 1.1720
2.6200 0.2200 1.1740
2.6400 0.2200 1.1790
2.6600 0.2200 1.1790
2.6800 0.2200 1.1790
2.7000 0.2200 1.1770
2.7200 0.2200 1.1758
2.7400 0.2200 1.1758
2.7600 0.2200 1.1740
2.7800 0.2200 1.1770
2.8000 0.2200 1.1700
2.8200 0.2200 1.1700
2.8400 0.2200 1.1682
2.8600 0.2200 1.1650
2.8800 0.2200 1.1620
2.9000 0.2200 1.1580
2.9200 0.2200 1.1580
2.9400 0.2200 1.1620
2.9600 0.2200 1.1580
2.9800 0.2200 1.1550
3.0000 0.2200 1.1550
3.0200 0.2200 1.1492
3.0400 0.2200 1.1492
3.0600 0.2200 1.1580
3.0800 0.2200 1.1596
3.1000 0.2200 1.1650
3.1200 0.2200 1.1740
3.1400 0.2200 1.1740
3.1600 0.2200 1.1770
3.1800 0.2200 1.1770
3.2000 0.2200 1.1658
3.2200 0.2200 1.1550
3.2400 0.2200 1.1580
3.2600 0.2200 1.1480
3.2800 0.2200 1.1460
3.3000 0.2200 1.1242
3.3200 0.2200 1.1230
3.3400 0.2200 1.1110
3.3600 0.2200 1.1042
3.3800 0.2200 1.0992
3.4000 0.2200 1.0980
3.4200 0.2200 1.0962
3.4400 0.2200 1.0980
3.4600 0.2200 1.0992
3.4800 0.2200 1.1030
3.5000 0.2200 1.1030
3.5200 0.2200 1.1060
3.5400 0.2200 1.1226
3.5600 0.2200 1.2896
3.5800 0.2200 1.3052
3.6000 0.2200 1.3230
3.6200 0.2200 1.3230
3.6400 0.2200 1.3242
3.6600 0.2200 1.3230
3.6800 0.2200 1.3210
3.7000 0.2200 1.3230
3.7200 0.2200 1.3280
3.7400 0.2200 1.3260
3.7600 0.2200 1.3310
3.7800 0.2200 1.3260
3.8000 0.2200 1.3260
3.8200 0.2200 1.3260
3.8400 0.2200 1.2646
3.8600 0.2200 1.1350
3.8800 0.2200 1.1318
3.9000 0.2200 1.1330
3.9200 0.2200 1.1280
3.9400 0.2200 1.1260
3.9600 0.2200 1.1210
3.9800 0.2200 1.1180
4.0000 0.2200 1.1080
4.0200 0.2200 1.1072
4.0400 0.2200 1.1060
4.0600 0.2200 1.1060
4.0800 0.2200 1.1122
4.1000 0.2200 1.1160
4.1200 0.2200 1.1198
4.1400 0.2200 1.1180
4.1600 0.2200 1.1180
4.1800 0.2200 1.1222
4.2000 0.2200 1.1260
4.2200 0.2200 1.1330
4.2400 0.2200 1.1330
4.2600 0.2200 1.1410
4.2800 0.2200 1.1480
4.3000 0.2200 1.1492
4.3200 0.2200 1.1480
4.3400 0.2200 1.1360
4.3600 0.2200 1.1260
4.3800 0.2200 1.1230
4.4000 0.2200 1.1230
4.4200 0.2200 1.1180
4.4400 0.2200 1.1230
4.4600 0.2200 1.1222
4.4800 0.2200 1.1218
4.5000 0.2200 1.1260
4.5200 0.2200 1.1230
4.5400 0.2200 1.1230
4.5600 0.2200 1.1230
4.5800 0.2200 1.1230
4.6000 0.2200 1.1260
4.6200 0.2200 1.1260
4.6400 0.2200 1.1260
4.6600 0.2200 1.1260
4.6800 0.2200 1.1222
4.7000 0.2200 1.1230
4.7200 0.2200 1.1230
4.7400 0.2200 1.1500
4.7600 0.2200 1.1480
4.7800 0.2200 1.1430
4.8000 0.2200 1.1210
4.8200 0.2200 1.1192
4.8400 0.2200 1.1192
4.8600 0.2200 1.0930
4.8800 0.2200 1.0930
4.9000 0.2200 1.0900
4.9200 0.2200 1.1230
4.9400 0.2200 1.1330
4.9600 0.2200 1.1330
4.9800 0.2200 1.1322
5.0000 0.2200 1.1380
5.0200 0.2200 1.1480
5.0400 0.2200 1.1530
5.0600 0.2200 1.1550
5.0800 0.2200 1.1480
5.1000 0.2200 1.1430
5.1200 0.2200 1.1192
5.1400 0.2200 1.1130
5.1600 0.2200 1.1022
5.1800 0.2200 1.1030
5.2000 0.2200 1.1060
5.2200 0.2200 1.1060
5.2400 0.2200 1.0930
5.2600 0.2200 1.0880
0.0000 0.2400 1.1026
0.0200 0.2400 1.1010
0.0400 0.2400 1.1026
0.0600 0.2400 1.0980
0.0800 0.2400 1.0930
0.1000 0.2400 1.0900
0.1200 0.2400 1.0974
0.1400 0.2400 1.1060
0.1600 0.2400 1.1060
0.1800 0.2400 1.1330
0.2000 0.2400 1.1330
0.2200 0.2400 1.1330
0.2400 0.2400 1.1386
0.2600 0.2400 1.1410
0.2800 0.2400 1.1410
0.3000 0.2400 1.1430
0.3200 0.2400 1.1430
0.3400 0.2400 1.1470
0.3600 0.2400 1.1430
0.3800 0.2400 1.1430
0.4000 0.2400 1.1430
0.4200 0.2400 1.1430
0.4400 0.2400 1.1430
0.4600 0.2400 1.1380
0.4800 0.2400 1.1310
0.5000 0.2400 1.1210
0.5200 0.2400 1.1180
0.5400 0.2400 1.1180
0.5600 0.2400 1.1080
0.5800 0.2400 1.1126
0.6000 0.2400 1.1126
0.6200 0.2400 1.1130
0.6400 0.2400 1.1110
0.6600 0.2400 1.1154
0.6800 0.2400 1.1130
0.7000 0.2400 1.1126
0.7200 0.2400 1.1080
0.7400 0.2400 1.1210
0.7600 0.2400 1.1204
0.7800 0.2400 1.1260
0.8000 0.2400 1.1470
0.8200 0.2400 1.1540
0.8400 0.2400 1.1510
0.8600 0.2400 1.1500
0.8800 0.2400 1.1500
0.9000 0.2400 1.1500
0.9200 0.2400 1.1480
0.9400 0.2400 1.1430
0.9600 0.2400 1.1430
0.9800 0.2400 1.1410
1.0000 0.2400 1.1380
1.0200 0.2400 1.1330
1.0400 0.2400 1.1310
1.0600 0.2400 1.1210
1.0800 0.2400 1.1230
1.1000 0.2400 1.1230
1.1200 0.2400 1.1230
1.1400 0.2400 1.1310
1.1600 0.2400 1.1270
1.1800 0.2400 1.1260
1.2000 0.2400 1.1260
1.2200 0.2400 1.1270
1.2400 0.2400 1.1260
1.2600 0.2400 1.1260
1.2800 0.2400 1.1300
1.3000 0.2400 1.1380
1.3200 0.2400 1.1380
1.3400 0.2400 1.1380
1.3600 0.2400 1.1404
1.3800 0.2400 1.1440
1.4000 0.2400 1.1500
1.4200 0.2400 1.1480
1.4400 0.2400 1.1430
1.4600 0.2400 1.1500
1.4800 0.2400 1.1500
1.5000 0.2400 1.1620
1.5200 0.2400 1.1580
1.5400 0.2400 1.1412
1.5600 0.2400 1.0800
1.5800 0.2400 1.0986
1.6000 0.2400 1.1150
1.6200 0.2400 1.1640
1.6400 0.2400 1.1626
1.6600 0.2400 1.1620
1.6800 0.2400 1.1580
1.7000 0.2400 1.1556
1.7200 0.2400 1.1500
1.7400 0.2400 1.1480
1.7600 0.2400 1.1480
1.7800 0.2400 1.1480
1.8000 0.2400 1.1480
1.8200 0.2400 1.1480
1.8400 0.2400 1.1500
1.8600 0.2400 1.1510
1.8800 0.2400 1.1580
1.9000 0.2400 1.1580
1.9200 0.2400 1.1550
1.9400 0.2400 1.1620
1.9600 0.2400 1.1700
1.9800 0.2400 1.1650
2.0000 0.2400 1.1650
2.0200 0.2400 1.1580
2.0400 0.2400 1.1620
2.0600 0.2400 1.1580
2.0800 0.2400 1.1550
2.1000 0.2400 1.1510
2.1200 0.2400 1.1650
2.1400 0.2400 1.1620
2.1600 0.2400 1.1626
2.1800 0.2400 1.1620
2.2000 0.2400 1.1620
2.2200 0.2400 1.1580
2.2400 0.2400 1.1510
2.2600 0.2400 1.1500
2.2800 0.2400 1.1484
2.3000 0.2400 1.1500
2.3200 0.2400 1.1580
2.3400 0.2400 1.1556
2.3600 0.2400 1.1480
2.3800 0.2400 1.1510
2.4000 0.2400 1.1500
2.4200 0.2400 1.1480
2.4400 0.2400 1.1480
2.4600 0.2400 1.1500
2.4800 0.2400 1.1500
2.5000 0.2400 1.1510
2.5200 0.2400 1.1650
2.5400 0.2400 1.1650
2.5600 0.2400 1.1720
2.5800 0.2400 1.1700
2.6000 0.2400 1.1700
2.6200 0.2400 1.1720
2.6400 0.2400 1.1720
2.6600 0.2400 1.1704
2.6800 0.2400 1.1704
2.7000 0.2400 1.1740
2.7200 0.2400 1.1700
2.7400 0.2400 1.1700
2.7600 0.2400 1.1724
2.7800 0.2400 1.1740
2.8000 0.2400 1.1700
2.8200 0.2400 1.1700
2.8400 0.2400 1.1694
2.8600 0.2400 1.1620
2.8800 0.2400 1.1556
2.9000 0.2400 1.1510
2.9200 0.2400 1.1500
2.9400 0.2400 1.1510
2.9600 0.2400 1.1484
2.9800 0.2400 1.1480
3.0000 0.2400 1.1480
3.0200 0.2400 1.1430
3.0400 0.2400 1.1430
3.0600 0.2400 1.1500
3.0800 0.2400 1.1510
3.1000 0.2400 1.1588
3.1200 0.2400 1.1654
3.1400 0.2400 1.1720
3.1600 0.2400 1.1740
3.1800 0.2400 1.1740
3.2000 0.2400 1.1650
3.2200 0.2400 1.1510
3.2400 0.2400 1.1550
3.2600 0.2400 1.1480
3.2800 0.2400 1.1410
3.3000 0.2400 1.1310
3.3200 0.2400 1.1310
3.3400 0.2400 1.1160
3.3600 0.2400 1.1086
3.3800 0.2400 1.1060
3.4000 0.2400 1.1054
3.4200 0.2400 1.1010
3.4400 0.2400 1.0980
3.4600 0.2400 1.1010
3.4800 0.2400 1.1010
3.5000 0.2400 1.1010
3.5200 0.2400 1.1070
3.5400 0.2400 1.1384
3.5600 0.2400 1.3016
3.5800 0.2400 1.3072
3.6000 0.2400 1.3214
3.6200 0.2400 1.3180
3.6400 0.2400 1.3330
3.6600 0.2400 1.3330
3.6800 0.2400 1.3230
3.7000 0.2400 1.3186
3.7200 0.2400 1.3260
3.7400 0.2400 1.3260
3.7600 0.2400 1.3236
3.7800 0.2400 1.3260
3.8000 0.2400 1.3230
3.8200 0.2400 1.3230
3.8400 0.2400 1.2814
3.8600 0.2400 1.1254
3.8800 0.2400 1.1220
3.9000 0.2400 1.1236
3.9200 0.2400 1.1214
3.9400 0.2400 1.1214
3.9600 0.2400 1.1186
3.9800 0.2400 1.1180
4.0000 0.2400 1.1060
4.0200 0.2400 1.1060
4.0400 0.2400 1.1010
4.0600 0.2400 1.1060
4.0800 0.2400 1.1110
4.1000 0.2400 1.1130
4.1200 0.2400 1.1160
4.1400 0.2400 1.1160
4.1600 0.2400 1.1180
4.1800 0.2400 1.1210
4.2000 0.2400 1.1260
4.2200 0.2400 1.1260
4.2400 0.2400 1.1310
4.2600 0.2400 1.1310
4.2800 0.2400 1.1380
4.3000 0.2400 1.1410
4.3200 0.2400 1.1414
4.3400 0.2400 1.1260
4.3600 0.2400 1.1260
4.3800 0.2400 1.1210
4.4000 0.2400 1.1210
4.4200 0.2400 1.1160
4.4400 0.2400 1.1214
4.4600 0.2400 1.1230
4.4800 0.2400 1.1214
4.5000 0.2400 1.1186
4.5200 0.2400 1.1186
4.5400 0.2400 1.1160
4.5600 0.2400 1.1160
4.5800 0.2400 1.1160
4.6000 0.2400 1.1214
4.6200 0.2400 1.1230
4.6400 0.2400 1.1230
4.6600 0.2400 1.1214
4.6800 0.2400 1.1186
4.7000 0.2400 1.1180
4.7200 0.2400 1.1180
4.7400 0.2400 1.1500
4.7600 0.2400 1.1430
4.7800 0.2400 1.1480
4.8000 0.2400 1.1270
4.8200 0.2400 1.1260
4.8400 0.2400 1.1186
4.8600 0.2400 1.0980
4.8800 0.2400 1.0930
4.9000 0.2400 1.0900
4.9200 0.2400 1.1186
4.9400 0.2400 1.1260
4.9600 0.2400 1.1230
4.9800 0.2400 1.1214
5.0000 0.2400 1.1330
5.0200 0.2400 1.1414
5.0400 0.2400 1.1480
5.0600 0.2400 1.1480
5.0800 0.2400 1.1440
5.1000 0.2400 1.1380
5.1200 0.2400 1.1136
5.1400 0.2400 1.1110
5.1600 0.2400 1.0956
5.1800 0.2400 1.0986
5.2000 0.2400 1.1014
5.2200 0.2400 1.1030
5.2400 0.2400 1.0900
5.2600 0.2400 1.0820
0.0000 0.2600 1.1080
0.0200 0.2600 1.1080
0.0400 0.2600 1.1080
0.0600 0.2600 1.1030
0.0800 0.2600 1.0980
0.1000 0.2600 1.0980
0.1200 0.2600 1.1010
0.1400 0.2600 1.1060
0.1600 0.2600 1.1110
0.1800 0.2600 1.1330
0.2000 0.2600 1.1330
0.2200 0.2600 1.1260
0.2400 0.2600 1.1410
0.2600 0.2600 1.1430
0.2800 0.2600 1.1430
0.3000 0.2600 1.1480
0.3200 0.2600 1.1470
0.3400 0.2600 1.1430
0.3600 0.2600 1.1430
0.3800 0.2600 1.1426
0.4000 0.2600 1.1426
0.4200 0.2600 1.1430
0.4400 0.2600 1.1430
0.4600 0.2600 1.1410
0.4800 0.2600 1.1330
0.5000 0.2600 1.1230
0.5200 0.2600 1.1214
0.5400 0.2600 1.1210
0.5600 0.2600 1.1186
0.5800 0.2600 1.1160
0.6000 0.2600 1.1180
0.6200 0.2600 1.1210
0.6400 0.2600 1.1180
0.6600 0.2600 1.1210
0.6800 0.2600 1.1210
0.7000 0.2600 1.1180
0.7200 0.2600 1.1114
0.7400 0.2600 1.1230
0.7600 0.2600 1.1230
0.7800 0.2600 1.1310
0.8000 0.2600 1.1496
0.8200 0.2600 1.1480
0.8400 0.2600 1.1496
0.8600 0.2600 1.1496
0.8800 0.2600 1.1430
0.9000 0.2600 1.1480
0.9200 0.2600 1.1430
0.9400 0.2600 1.1410
0.9600 0.2600 1.1430
0.9800 0.2600 1.1386
1.0000 0.2600 1.1330
1.0200 0.2600 1.1330
1.0400 0.2600 1.1310
1.0600 0.2600 1.1260
1.0800 0.2600 1.1210
1.1000 0.2600 1.1226
1.1200 0.2600 1.1210
1.1400 0.2600 1.1300
1.1600 0.2600 1.1230
1.1800 0.2600 1.1230
1.2000 0.2600 1.1230
1.2200 0.2600 1.1210
1.2400 0.2600 1.1210
1.2600 0.2600 1.1226
1.2800 0.2600 1.1310
1.3000 0.2600 1.1330
1.3200 0.2600 1.1426
1.3400 0.2600 1.1410
1.3600 0.2600 1.1410
1.3800 0.2600 1.1430
1.4000 0.2600 1.1430
1.4200 0.2600 1.1430
1.4400 0.2600 1.1430
1.4600 0.2600 1.1480
1.4800 0.2600 1.1480
1.5000 0.2600 1.1580
1.5200 0.2600 1.1612
1.5400 0.2600 1.1580
1.5600 0.2600 1.1390
1.5800 0.2600 1.1458
1.6000 0.2600 1.1532
1.6200 0.2600 1.1574
1.6400 0.2600 1.1574
1.6600 0.2600 1.1580
1.6800 0.2600 1.1580
1.7000 0.2600 1.1500
1.7200 0.2600 1.1430
1.7400 0.2600 1.1430
1.7600 0.2600 1.1430
1.7800 0.2600 1.1480
1.8000 0.2600 1.1440
1.8200 0.2600 1.1440
1.8400 0.2600 1.1480
1.8600 0.2600 1.1550
1.8800 0.2600 1.1620
1.9000 0.2600 1.1580
1.9200 0.2600 1.1580
1.9400 0.2600 1.1650
1.9600 0.2600 1.1650
1.9800 0.2600 1.1650
2.0000 0.2600 1.1650
2.0200 0.2600 1.1540
2.0400 0.2600 1.1580
2.0600 0.2600 1.1540
2.0800 0.2600 1.1500
2.1000 0.2600 1.1550
2.1200 0.2600 1.1644
2.1400 0.2600 1.1580
2.1600 0.2600 1.1612
2.1800 0.2600 1.1580
2.2000 0.2600 1.1580
2.2200 0.2600 1.1580
2.2400 0.2600 1.1480
2.2600 0.2600 1.1480
2.2800 0.2600 1.1430
2.3000 0.2600 1.1480
2.3200 0.2600 1.1500
2.3400 0.2600 1.1496
2.3600 0.2600 1.1430
2.3800 0.2600 1.1426
2.4000 0.2600 1.1496
2.4200 0.2600 1.1480
2.4400 0.2600 1.1480
2.4600 0.2600 1.1500
2.4800 0.2600 1.1550
2.5000 0.2600 1.1550
2.5200 0.2600 1.1650
2.5400 0.2600 1.1650
2.5600 0.2600 1.1736
2.5800 0.2600 1.1716
2.6000 0.2600 1.1700
2.6200 0.2600 1.1694
2.6400 0.2600 1.1650
2.6600 0.2600 1.1644
2.6800 0.2600 1.1620
2.7000 0.2600 1.1700
2.7200 0.2600 1.1670
2.7400 0.2600 1.1670
2.7600 0.2600 1.1700
2.7800 0.2600 1.1700
2.8000 0.2600 1.1666
2.8200 0.2600 1.1694
2.8400 0.2600 1.1670
2.8600 0.2600 1.1644
2.8800 0.2600 1.1550
2.9000 0.2600 1.1550
2.9200 0.2600 1.1540
2.9400 0.2600 1.1430
2.9600 0.2600 1.1430
2.9800 0.2600 1.1370
3.0000 0.2600 1.1370
3.0200 0.2600 1.1330
3.0400 0.2600 1.1430
3.0600 0.2600 1.1480
3.0800 0.2600 1.1500
3.1000 0.2600 1.1500
3.1200 0.2600 1.1650
3.1400 0.2600 1.1700
3.1600 0.2600 1.1716
3.1800 0.2600 1.1694
3.2000 0.2600 1.1620
3.2200 0.2600 1.1496
3.2400 0.2600 1.1500
3.2600 0.2600 1.1430
3.2800 0.2600 1.1410
3.3000 0.2600 1.1310
3.3200 0.2600 1.1300
3.3400 0.2600 1.1110
3.3600 0.2600 1.1080
3.3800 0.2600 1.1060
3.4000 0.2600 1.1060
3.4200 0.2600 1.1010
3.4400 0.2600 1.0924
3.4600 0.2600 1.0974
3.4800 0.2600 1.0980
3.5000 0.2600 1.1010
3.5200 0.2600 1.1020
3.5400 0.2600 1.1560
3.5600 0.2600 1.3032
3.5800 0.2600 1.3068
3.6000 0.2600 1.3154
3.6200 0.2600 1.3130
3.6400 0.2600 1.3300
3.6600 0.2600 1.3254
3.6800 0.2600 1.3260
3.7000 0.2600 1.3210
3.7200 0.2600 1.3300
3.7400 0.2600 1.3310
3.7600 0.2600 1.3230
3.7800 0.2600 1.3230
3.8000 0.2600 1.3230
3.8200 0.2600 1.3226
3.8400 0.2600 1.2894
3.8600 0.2600 1.1222
3.8800 0.2600 1.1154
3.9000 0.2600 1.1154
3.9200 0.2600 1.1154
3.9400 0.2600 1.1160
3.9600 0.2600 1.1126
3.9800 0.2600 1.1126
4.0000 0.2600 1.1080
4.0200 0.2600 1.1036
4.0400 0.2600 1.1060
4.0600 0.2600 1.1060
4.0800 0.2600 1.1130
4.1000 0.2600 1.1160
4.1200 0.2600 1.1186
4.1400 0.2600 1.1210
4.1600 0.2600 1.1180
4.1800 0.2600 1.1230
4.2000 0.2600 1.1254
4.2200 0.2600 1.1310
4.2400 0.2600 1.1310
4.2600 0.2600 1.1310
4.2800 0.2600 1.1330
4.3000 0.2600 1.1310
4.3200 0.2600 1.1330
4.3400 0.2600 1.1260
4.3600 0.2600 1.1230
4.3800 0.2600 1.1210
4.4000 0.2600 1.1210
4.4200 0.2600 1.1160
4.4400 0.2600 1.1160
4.4600 0.2600 1.1160
4.4800 0.2600 1.1176
4.5000 0.2600 1.1110
4.5200 0.2600 1.1130
4.5400 0.2600 1.1164
4.5600 0.2600 1.1160
4.5800 0.2600 1.1130
4.6000 0.2600 1.1130
4.6200 0.2600 1.1180
4.6400 0.2600 1.1180
4.6600 0.2600 1.1180
4.6800 0.2600 1.1210
4.7000 0.2600 1.1210
4.7200 0.2600 1.1226
4.7400 0.2600 1.1500
4.7600 0.2600 1.1480
4.7800 0.2600 1.1480
4.8000 0.2600 1.1230
4.8200 0.2600 1.1226
4.8400 0.2600 1.1130
4.8600 0.2600 1.0980
4.8800 0.2600 1.0950
4.9000 0.2600 1.0934
4.9200 0.2600 1.1126
4.9400 0.2600 1.1230
4.9600 0.2600 1.1270
4.9800 0.2600 1.1260
5.0000 0.2600 1.1330
5.0200 0.2600 1.1330
5.0400 0.2600 1.1380
5.0600 0.2600 1.1330
5.0800 0.2600 1.1410
5.1000 0.2600 1.1380
5.1200 0.2600 1.1060
5.1400 0.2600 1.1054
5.1600 0.2600 1.0900
5.1800 0.2600 1.0900
5.2000 0.2600 1.0974
5.2200 0.2600 1.0974
5.2400 0.2600 1.0880
5.2600 0.2600 1.0880
0.0000 0.2800 1.1160
0.0200 0.2800 1.1160
0.0400 0.2800 1.1110
0.0600 0.2800 1.1060
0.0800 0.2800 1.1030
0.1000 0.2800 1.1018
0.1200 0.2800 1.1060
0.1400 0.2800 1.1080
0.1600 0.2800 1.1130
0.1800 0.2800 1.1310
0.2000 0.2800 1.1310
0.2200 0.2800 1.1260
0.2400 0.2800 1.1350
0.2600 0.2800 1.1330
0.2800 0.2800 1.1330
0.3000 0.2800 1.1430
0.3200 0.2800 1.1430
0.3400 0.2800 1.1430
0.3600 0.2800 1.1480
0.3800 0.2800 1.1330
0.4000 0.2800 1.1380
0.4200 0.2800 1.1410
0.4400 0.2800 1.1410
0.4600 0.2800 1.1380
0.4800 0.2800 1.1360
0.5000 0.2800 1.1260
0.5200 0.2800 1.1260
0.5400 0.2800 1.1230
0.5600 0.2800 1.1260
0.5800 0.2800 1.1222
0.6000 0.2800 1.1230
0.6200 0.2800 1.1180
0.6400 0.2800 1.1210
0.6600 0.2800 1.1230
0.6800 0.2800 1.1230
0.7000 0.2800 1.1210
0.7200 0.2800 1.1180
0.7400 0.2800 1.1210
0.7600 0.2800 1.1242
0.7800 0.2800 1.1260
0.8000 0.2800 1.1392
0.8200 0.2800 1.1380
0.8400 0.2800 1.1430
0.8600 0.2800 1.1430
0.8800 0.2800 1.1430
0.9000 0.2800 1.1480
0.9200 0.2800 1.1410
0.9400 0.2800 1.1430
0.9600 0.2800 1.1480
0.9800 0.2800 1.1480
1.0000 0.2800 1.1380
1.0200 0.2800 1.1330
1.0400 0.2800 1.1310
1.0600 0.2800 1.1210
1.0800 0.2800 1.1180
1.1000 0.2800 1.1180
1.1200 0.2800 1.1160
1.1400 0.2800 1.1168
1.1600 0.2800 1.1160
1.1800 0.2800 1.1160
1.2000 0.2800 1.1180
1.2200 0.2800 1.1160
1.2400 0.2800 1.1180
1.2600 0.2800 1.1180
1.2800 0.2800 1.1310
1.3000 0.2800 1.1380
1.3200 0.2800 1.1330
1.3400 0.2800 1.1330
1.3600 0.2800 1.1410
1.3800 0.2800 1.1430
1.4000 0.2800 1.1380
1.4200 0.2800 1.1380
1.4400 0.2800 1.1410
1.4600 0.2800 1.1430
1.4800 0.2800 1.1422
1.5000 0.2800 1.1500
1.5200 0.2800 1.1520
1.5400 0.2800 1.1562
1.5600 0.2800 1.1550
1.5800 0.2800 1.1500
1.6000 0.2800 1.1550
1.6200 0.2800 1.1500
1.6400 0.2800 1.1500
1.6600 0.2800 1.1580
1.6800 0.2800 1.1580
1.7000 0.2800 1.1530
1.7200 0.2800 1.1480
1.7400 0.2800 1.1430
1.7600 0.2800 1.1422
1.7800 0.2800 1.1450
1.8000 0.2800 1.1430
1.8200 0.2800 1.1430
1.8400 0.2800 1.1480
1.8600 0.2800 1.1480
1.8800 0.2800 1.1520
1.9000 0.2800 1.1562
1.9200 0.2800 1.1580
1.9400 0.2800 1.1620
1.9600 0.2800 1.1620
1.9800 0.2800 1.1580
2.0000 0.2800 1.1580
2.0200 0.2800 1.1550
2.0400 0.2800 1.1520
2.0600 0.2800 1.1480
2.0800 0.2800 1.1480
2.1000 0.2800 1.1550
2.1200 0.2800 1.1520
2.1400 0.2800 1.1550
2.1600 0.2800 1.1500
2.1800 0.2800 1.1550
2.2000 0.2800 1.1550
2.2200 0.2800 1.1550
2.2400 0.2800 1.1480
2.2600 0.2800 1.1500
2.2800 0.2800 1.1492
2.3000 0.2800 1.1500
2.3200 0.2800 1.1480
2.3400 0.2800 1.1430
2.3600 0.2800 1.1460
2.3800 0.2800 1.1410
2.4000 0.2800 1.1430
2.4200 0.2800 1.1430
2.4400 0.2800 1.1480
2.4600 0.2800 1.1550
2.4800 0.2800 1.1580
2.5000 0.2800 1.1580
2.5200 0.2800 1.1580
2.5400 0.2800 1.1670
2.5600 0.2800 1.1650
2.5800 0.2800 1.1670
2.6000 0.2800 1.1670
2.6200 0.2800 1.1650
2.6400 0.2800 1.1620
2.6600 0.2800 1.1604
2.6800 0.2800 1.1550
2.7000 0.2800 1.1620
2.7200 0.2800 1.1596
2.7400 0.2800 1.1580
2.7600 0.2800 1.1620
2.7800 0.2800 1.1620
2.8000 0.2800 1.1596
2.8200 0.2800 1.1520
2.8400 0.2800 1.1550
2.8600 0.2800 1.1580
2.8800 0.2800 1.1550
2.9000 0.2800 1.1500
2.9200 0.2800 1.1500
2.9400 0.2800 1.1430
2.9600 0.2800 1.1430
2.9800 0.2800 1.1330
3.0000 0.2800 1.1330
3.0200 0.2800 1.1330
3.0400 0.2800 1.1380
3.0600 0.2800 1.1480
3.0800 0.2800 1.1500
3.1000 0.2800 1.1500
3.1200 0.2800 1.1580
3.1400 0.2800 1.1650
3.1600 0.2800 1.1682
3.1800 0.2800 1.1620
3.2000 0.2800 1.1580
3.2200 0.2800 1.1480
3.2400 0.2800 1.1480
3.2600 0.2800 1.1380
3.2800 0.2800 1.1330
3.3000 0.2800 1.1218
3.3200 0.2800 1.1192
3.3400 0.2800 1.1080
3.3600 0.2800 1.1060
3.3800 0.2800 1.1060
3.4000 0.2800 1.1060
3.4200 0.2800 1.1010
3.4400 0.2800 1.0900
3.4600 0.2800 1.0980
3.4800 0.2800 1.0980
3.5000 0.2800 1.1010
3.5200 0.2800 1.0990
3.5400 0.2800 1.1900
3.5600 0.2800 1.3030
3.5800 0.2800 1.3060
3.6000 0.2800 1.3160
3.6200 0.2800 1.3160
3.6400 0.2800 1.3310
3.6600 0.2800 1.3248
3.6800 0.2800 1.3280
3.7000 0.2800 1.3142
3.7200 0.2800 1.3230
3.7400 0.2800 1.3242
3.7600 0.2800 1.3290
3.7800 0.2800 1.3210
3.8000 0.2800 1.3192
3.8200 0.2800 1.3180
3.8400 0.2800 1.3030
3.8600 0.2800 1.1330
3.8800 0.2800 1.1110
3.9000 0.2800 1.1110
3.9200 0.2800 1.1110
3.9400 0.2800 1.1110
3.9600 0.2800 1.1110
3.9800 0.2800 1.1110
4.0000 0.2800 1.1110
4.0200 0.2800 1.1060
4.0400 0.2800 1.1098
4.0600 0.2800 1.1110
4.0800 0.2800 1.1130
4.1000 0.2800 1.1160
4.1200 0.2800 1.1218
4.1400 0.2800 1.1210
4.1600 0.2800 1.1210
4.1800 0.2800 1.1210
4.2000 0.2800 1.1222
4.2200 0.2800 1.1230
4.2400 0.2800 1.1260
4.2600 0.2800 1.1330
4.2800 0.2800 1.1330
4.3000 0.2800 1.1260
4.3200 0.2800 1.1260
4.3400 0.2800 1.1230
4.3600 0.2800 1.1248
4.3800 0.2800 1.1230
4.4000 0.2800 1.1230
4.4200 0.2800 1.1172
4.4400 0.2800 1.1160
4.4600 0.2800 1.1160
4.4800 0.2800 1.1172
4.5000 0.2800 1.1122
4.5200 0.2800 1.1160
4.5400 0.2800 1.1180
4.5600 0.2800 1.1168
4.5800 0.2800 1.1110
4.6000 0.2800 1.1110
4.6200 0.2800 1.1142
4.6400 0.2800 1.1142
4.6600 0.2800 1.1160
4.6800 0.2800 1.1210
4.7000 0.2800 1.1180
4.7200 0.2800 1.1160
4.7400 0.2800 1.1480
4.7600 0.2800 1.1550
4.7800 0.2800 1.1480
4.8000 0.2800 1.1210
4.8200 0.2800 1.1160
4.8400 0.2800 1.1130
4.8600 0.2800 1.0980
4.8800 0.2800 1.0930
4.9000 0.2800 1.0950
4.9200 0.2800 1.1110
4.9400 0.2800 1.1210
4.9600 0.2800 1.1380
4.9800 0.2800 1.1330
5.0000 0.2800 1.1380
5.0200 0.2800 1.1380
5.0400 0.2800 1.1260
5.0600 0.2800 1.1260
5.0800 0.2800 1.1410
5.1000 0.2800 1.1392
5.1200 0.2800 1.0980
5.1400 0.2800 1.0980
5.1600 0.2800 1.0900
5.1800 0.2800 1.0900
5.2000 0.2800 1.0900
5.2200 0.2800 1.0880
5.2400 0.2800 1.0868
5.2600 0.2800 1.0880
0.0000 0.3000 1.1160
0.0200 0.3000 1.1180
0.0400 0.3000 1.1110
0.0600 0.3000 1.1080
0.0800 0.3000 1.1080
0.1000 0.3000 1.1080
0.1200 0.3000 1.1110
0.1400 0.3000 1.1130
0.1600 0.3000 1.1160
0.1800 0.3000 1.1230
0.2000 0.3000 1.1210
0.2200 0.3000 1.1230
0.2400 0.3000 1.1330
0.2600 0.3000 1.1310
0.2800 0.3000 1.1330
0.3000 0.3000 1.1430
0.3200 0.3000 1.1410
0.3400 0.3000 1.1410
0.3600 0.3000 1.1410
0.3800 0.3000 1.1330
0.4000 0.3000 1.1380
0.4200 0.3000 1.1430
0.4400 0.3000 1.1430
0.4600 0.3000 1.1380
0.4800 0.3000 1.1380
0.5000 0.3000 1.1260
0.5200 0.3000 1.1260
0.5400 0.3000 1.1310
0.5600 0.3000 1.1330
0.5800 0.3000 1.1260
0.6000 0.3000 1.1260
0.6200 0.3000 1.1210
0.6400 0.3000 1.1180
0.6600 0.3000 1.1230
0.6800 0.3000 1.1260
0.7000 0.3000 1.1180
0.7200 0.3000 1.1210
0.7400 0.3000 1.1230
0.7600 0.3000 1.1230
0.7800 0.3000 1.1260
0.8000 0.3000 1.1310
0.8200 0.3000 1.1330
0.8400 0.3000 1.1380
0.8600 0.3000 1.1380
0.8800 0.3000 1.1410
0.9000 0.3000 1.1480
0.9200 0.3000 1.1480
0.9400 0.3000 1.1480
0.9600 0.3000 1.1480
0.9800 0.3000 1.1480
1.0000 0.3000 1.1410
1.0200 0.3000 1.1380
1.0400 0.3000 1.1310
1.0600 0.3000 1.1230
1.0800 0.3000 1.1210
1.1000 0.3000 1.1180
1.1200 0.3000 1.1160
1.1400 0.3000 1.1160
1.1600 0.3000 1.1160
1.1800 0.3000 1.1160
1.2000 0.3000 1.1180
1.2200 0.3000 1.1130
1.2400 0.3000 1.1160
1.2600 0.3000 1.1160
1.2800 0.3000 1.1310
1.3000 0.3000 1.1380
1.3200 0.3000 1.1380
1.3400 0.3000 1.1330
1.3600 0.3000 1.1410
1.3800 0.3000 1.1330
1.4000 0.3000 1.1380
1.4200 0.3000 1.1380
1.4400 0.3000 1.1380
1.4600 0.3000 1.1430
1.4800 0.3000 1.1410
1.5000 0.3000 1.1430
1.5200 0.3000 1.1430
1.5400 0.3000 1.1500
1.5600 0.3000 1.1500
1.5800 0.3000 1.1500
1.6000 0.3000 1.1480
1.6200 0.3000 1.1500
1.6400 0.3000 1.1500
1.6600 0.3000 1.1500
1.6800 0.3000 1.1550
1.7000 0.3000 1.1550
1.7200 0.3000 1.1500
1.7400 0.3000 1.1430
1.7600 0.3000 1.1410
1.7800 0.3000 1.1430
1.8000 0.3000 1.1430
1.8200 0.3000 1.1430
1.8400 0.3000 1.1430
1.8600 0.3000 1.1480
1.8800 0.3000 1.1580
1.9000 0.3000 1.1580
1.9200 0.3000 1.1580
1.9400 0.3000 1.1620
1.9600 0.3000 1.1620
1.9800 0.3000 1.1550
2.0000 0.3000 1.1550
2.0200 0.3000 1.1550
2.0400 0.3000 1.1480
2.0600 0.3000 1.1410
2.0800 0.3000 1.1380
2.1000 0.3000 1.1410
2.1200 0.3000 1.1430
2.1400 0.3000 1.1500
2.1600 0.3000 1.1480
2.1800 0.3000 1.1480
2.2000 0.3000 1.1550
2.2200 0.3000 1.1500
2.2400 0.3000 1.1500
2.2600 0.3000 1.1500
2.2800 0.3000 1.1500
2.3000 0.3000 1.1500
2.3200 0.3000 1.1500
2.3400 0.3000 1.1480
2.3600 0.3000 1.1480
2.3800 0.3000 1.1410
2.4000 0.3000 1.1410
2.4200 0.3000 1.1410
2.4400 0.3000 1.1480
2.4600 0.3000 1.1480
2.4800 0.3000 1.1550
2.5000 0.3000 1.1580
2.5200 0.3000 1.1580
2.5400 0.3000 1.1670
2.5600 0.3000 1.1620
2.5800 0.3000 1.1620
2.6000 0.3000 1.1620
2.6200 0.3000 1.1620
2.6400 0.3000 1.1620
2.6600 0.3000 1.1620
2.6800 0.3000 1.1550
2.7000 0.3000 1.1550
2.7200 0.3000 1.1580
2.7400 0.3000 1.1550
2.7600 0.3000 1.1580
2.7800 0.3000 1.1580
2.8000 0.3000 1.1550
2.8200 0.3000 1.1550
2.8400 0.3000 1.1500
2.8600 0.3000 1.1500
2.8800 0.3000 1.1500
2.9000 0.3000 1.1480
2.9200 0.3000 1.1480
2.9400 0.3000 1.1410
2.9600 0.3000 1.1410
2.9800 0.3000 1.1380
3.0000 0.3000 1.1330
3.0200 0.3000 1.1330
3.0400 0.3000 1.1380
3.0600 0.3000 1.1480
3.0800 0.3000 1.1480
3.1000 0.3000 1.1500
3.1200 0.3000 1.1550
3.1400 0.3000 1.1670
3.1600 0.3000 1.1670
3.1800 0.3000 1.1620
3.2000 0.3000 1.1620
3.2200 0.3000 1.1480
3.2400 0.3000 1.1480
3.2600 0.3000 1.1410
3.2800 0.3000 1.1330
3.3000 0.3000 1.1180
3.3200 0.3000 1.1160
3.3400 0.3000 1.1060
3.3600 0.3000 1.1010
3.3800 0.3000 1.1030
3.4000 0.3000 1.1030
3.4200 0.3000 1.0980
3.4400 0.3000 1.0900
3.4600 0.3000 1.0980
3.4800 0.3000 1.1010
3.5000 0.3000 1.1010
3.5200 0.3000 1.0970
3.5400 0.3000 1.2260
3.5600 0.3000 1.3060
3.5800 0.3000 1.3080
3.6000 0.3000 1.3180
3.6200 0.3000 1.3160
3.6400 0.3000 1.3310
3.6600 0.3000 1.3260
3.6800 0.3000 1.3230
3.7000 0.3000 1.3160
3.7200 0.3000 1.3210
3.7400 0.3000 1.3210
3.7600 0.3000 1.3260
3.7800 0.3000 1.3180
3.8000 0.3000 1.3160
3.8200 0.3000 1.3160
3.8400 0.3000 1.3130
3.8600 0.3000 1.1510
3.8800 0.3000 1.1120
3.9000 0.3000 1.1110
3.9200 0.3000 1.1060
3.9400 0.3000 1.1080
3.9600 0.3000 1.1080
3.9800 0.3000 1.1080
4.0000 0.3000 1.1110
4.0200 0.3000 1.1080
4.0400 0.3000 1.1110
4.0600 0.3000 1.1110
4.0800 0.3000 1.1110
4.1000 0.3000 1.1130
4.1200 0.3000 1.1160
4.1400 0.3000 1.1130
4.1600 0.3000 1.1110
4.1800 0.3000 1.1180
4.2000 0.3000 1.1180
4.2200 0.3000 1.1230
4.2400 0.3000 1.1260
4.2600 0.3000 1.1380
4.2800 0.3000 1.1380
4.3000 0.3000 1.1310
4.3200 0.3000 1.1260
4.3400 0.3000 1.1260
4.3600 0.3000 1.1310
4.3800 0.3000 1.1230
4.4000 0.3000 1.1260
4.4200 0.3000 1.1230
4.4400 0.3000 1.1180
4.4600 0.3000 1.1180
4.4800 0.3000 1.1210
4.5000 0.3000 1.1160
4.5200 0.3000 1.1160
4.5400 0.3000 1.1130
4.5600 0.3000 1.1130
4.5800 0.3000 1.1110
4.6000 0.3000 1.1110
4.6200 0.3000 1.1110
4.6400 0.3000 1.1110
4.6600 0.3000 1.1130
4.6800 0.3000 1.1210
4.7000 0.3000 1.1180
4.7200 0.3000 1.1180
4.7400 0.3000 1.1430
4.7600 0.3000 1.1480
4.7800 0.3000 1.1410
4.8000 0.3000 1.1160
4.8200 0.3000 1.1160
4.8400 0.3000 1.1160
4.8600 0.3000 1.0980
4.8800 0.3000 1.0930
4.9000 0.3000 1.0950
4.9200 0.3000 1.1080
4.9400 0.3000 1.1130
4.9600 0.3000 1.1330
4.9800 0.3000 1.1330
5.0000 0.3000 1.1310
5.0200 0.3000 1.1310
5.0400 0.3000 1.1230
5.0600 0.3000 1.1230
5.0800 0.3000 1.1410
5.1000 0.3000 1.1330
5.1200 0.3000 1.0980
5.1400 0.3000 1.0950
5.1600 0.3000 1.0880
5.1800 0.3000 1.0930
5.2000 0.3000 1.0900
5.2200 0.3000 1.0880
5.2400 0.3000 1.0880
5.2600 0.3000 1.0850
0.0000 0.3200 1.1142
0.0200 0.3200 1.1142
0.0400 0.3200 1.1130
0.0600 0.3200 1.1080
0.0800 0.3200 1.1098
0.1000 0.3200 1.1110
0.1200 0.3200 1.1180
0.1400 0.3200 1.1160
0.1600 0.3200 1.1180
0.1800 0.3200 1.1210
0.2000 0.3200 1.1210
0.2200 0.3200 1.1210
0.2400 0.3200 1.1260
0.2600 0.3200 1.1360
0.2800 0.3200 1.1380
0.3000 0.3200 1.1410
0.3200 0.3200 1.1330
0.3400 0.3200 1.1398
0.3600 0.3200 1.1380
0.3800 0.3200 1.1330
0.4000 0.3200 1.1330
0.4200 0.3200 1.1430
0.4400 0.3200 1.1430
0.4600 0.3200 1.1380
0.4800 0.3200 1.1330
0.5000 0.3200 1.1330
0.5200 0.3200 1.1310
0.5400 0.3200 1.1260
0.5600 0.3200 1.1322
0.5800 0.3200 1.1210
0.6000 0.3200 1.1210
0.6200 0.3200 1.1210
0.6400 0.3200 1.1148
0.6600 0.3200 1.1198
0.6800 0.3200 1.1210
0.7000 0.3200 1.1148
0.7200 0.3200 1.1168
0.7400 0.3200 1.1222
0.7600 0.3200 1.1210
0.7800 0.3200 1.1290
0.8000 0.3200 1.1230
0.8200 0.3200 1.1310
0.8400 0.3200 1.1350
0.8600 0.3200 1.1380
0.8800 0.3200 1.1380
0.9000 0.3200 1.1410
0.9200 0.3200 1.1430
0.9400 0.3200 1.1480
0.9600 0.3200 1.1430
0.9800 0.3200 1.1430
1.0000 0.3200 1.1360
1.0200 0.3200 1.1330
1.0400 0.3200 1.1290
1.0600 0.3200 1.1230
1.0800 0.3200 1.1260
1.1000 0.3200 1.1260
1.1200 0.3200 1.1230
1.1400 0.3200 1.1160
1.1600 0.3200 1.1160
1.1800 0.3200 1.1160
1.2000 0.3200 1.1210
1.2200 0.3200 1.1180
1.2400 0.3200 1.1168
1.2600 0.3200 1.1180
1.2800 0.3200 1.1260
1.3000 0.3200 1.1330
1.3200 0.3200 1.1360
1.3400 0.3200 1.1330
1.3600 0.3200 1.1290
1.3800 0.3200 1.1322
1.4000 0.3200 1.1410
1.4200 0.3200 1.1418
1.4400 0.3200 1.1380
1.4600 0.3200 1.1290
1.4800 0.3200 1.1310
1.5000 0.3200 1.1398
1.5200 0.3200 1.1380
1.5400 0.3200 1.1430
1.5600 0.3200 1.1460
1.5800 0.3200 1.1480
1.6000 0.3200 1.1480
1.6200 0.3200 1.1530
1.6400 0.3200 1.1480
1.6600 0.3200 1.1500
1.6800 0.3200 1.1530
1.7000 0.3200 1.1500
1.7200 0.3200 1.1500
1.7400 0.3200 1.1422
1.7600 0.3200 1.1410
1.7800 0.3200 1.1410
1.8000 0.3200 1.1430
1.8200 0.3200 1.1480
1.8400 0.3200 1.1480
1.8600 0.3200 1.1500
1.8800 0.3200 1.1580
1.9000 0.3200 1.1620
1.9200 0.3200 1.1638
1.9400 0.3200 1.1620
1.9600 0.3200 1.1580
1.9800 0.3200 1.1500
2.0000 0.3200 1.1500
2.0200 0.3200 1.1500
2.0400 0.3200 1.1430
2.0600 0.3200 1.1410
2.0800 0.3200 1.1410
2.1000 0.3200 1.1398
2.1200 0.3200 1.1330
2.1400 0.3200 1.1430
2.1600 0.3200 1.1430
2.1800 0.3200 1.1430
2.2000 0.3200 1.1480
2.2200 0.3200 1.1500
2.2400 0.3200 1.1500
2.2600 0.3200 1.1500
2.2800 0.3200 1.1480
2.3000 0.3200 1.1480
2.3200 0.3200 1.1480
2.3400 0.3200 1.1480
2.3600 0.3200 1.1460
2.3800 0.3200 1.1410
2.4000 0.3200 1.1410
2.4200 0.3200 1.1410
2.4400 0.3200 1.1480
2.4600 0.3200 1.1480
2.4800 0.3200 1.1480
2.5000 0.3200 1.1492
2.5200 0.3200 1.1492
2.5400 0.3200 1.1530
2.5600 0.3200 1.1530
2.5800 0.3200 1.1500
2.6000 0.3200 1.1550
2.6200 0.3200 1.1580
2.6400 0.3200 1.1580
2.6600 0.3200 1.1580
2.6800 0.3200 1.1530
2.7000 0.3200 1.1500
2.7200 0.3200 1.1550
2.7400 0.3200 1.1500
2.7600 0.3200 1.1550
2.7800 0.3200 1.1530
2.8000 0.3200 1.1530
2.8200 0.3200 1.1492
2.8400 0.3200 1.1480
2.8600 0.3200 1.1480
2.8800 0.3200 1.1480
2.9000 0.3200 1.1430
2.9200 0.3200 1.1460
2.9400 0.3200 1.1380
2.9600 0.3200 1.1330
2.9800 0.3200 1.1330
3.0000 0.3200 1.1322
3.0200 0.3200 1.1330
3.0400 0.3200 1.1380
3.0600 0.3200 1.1480
3.0800 0.3200 1.1480
3.1000 0.3200 1.1480
3.1200 0.3200 1.1500
3.1400 0.3200 1.1662
3.1600 0.3200 1.1670
3.1800 0.3200 1.1568
3.2000 0.3200 1.1530
3.2200 0.3200 1.1500
3.2400 0.3200 1.1500
3.2600 0.3200 1.1418
3.2800 0.3200 1.1260
3.3000 0.3200 1.1160
3.3200 0.3200 1.1148
3.3400 0.3200 1.1060
3.3600 0.3200 1.0968
3.3800 0.3200 1.0980
3.4000 0.3200 1.0980
3.4200 0.3200 1.0930
3.4400 0.3200 1.0900
3.4600 0.3200 1.0950
3.4800 0.3200 1.1010
3.5000 0.3200 1.1010
3.5200 0.3200 1.0994
3.5400 0.3200 1.2558
3.5600 0.3200 1.3080
3.5800 0.3200 1.3110
3.6000 0.3200 1.3110
3.6200 0.3200 1.3110
3.6400 0.3200 1.3198
3.6600 0.3200 1.3198
3.6800 0.3200 1.3180
3.7000 0.3200 1.3180
3.7200 0.3200 1.3180
3.7400 0.3200 1.3180
3.7600 0.3200 1.3210
3.7800 0.3200 1.3148
3.8000 0.3200 1.3122
3.8200 0.3200 1.3130
3.8400 0.3200 1.3102
3.8600 0.3200 1.1684
3.8800 0.3200 1.1132
3.9000 0.3200 1.1140
3.9200 0.3200 1.1110
3.9400 0.3200 1.1060
3.9600 0.3200 1.1060
3.9800 0.3200 1.1060
4.0000 0.3200 1.1060
4.0200 0.3200 1.1060
4.0400 0.3200 1.1098
4.0600 0.3200 1.1098
4.0800 0.3200 1.1072
4.1000 0.3200 1.1080
4.1200 0.3200 1.1110
4.1400 0.3200 1.1080
4.1600 0.3200 1.1080
4.1800 0.3200 1.1160
4.2000 0.3200 1.1110
4.2200 0.3200 1.1180
4.2400 0.3200 1.1210
4.2600 0.3200 1.1290
4.2800 0.3200 1.1260
4.3000 0.3200 1.1230
4.3200 0.3200 1.1218
4.3400 0.3200 1.1260
4.3600 0.3200 1.1230
4.3800 0.3200 1.1230
4.4000 0.3200 1.1230
4.4200 0.3200 1.1230
4.4400 0.3200 1.1210
4.4600 0.3200 1.1172
4.4800 0.3200 1.1160
4.5000 0.3200 1.1122
4.5200 0.3200 1.1110
4.5400 0.3200 1.1110
4.5600 0.3200 1.1130
4.5800 0.3200 1.1110
4.6000 0.3200 1.1080
4.6200 0.3200 1.1110
4.6400 0.3200 1.1110
4.6600 0.3200 1.1142
4.6800 0.3200 1.1160
4.7000 0.3200 1.1210
4.7200 0.3200 1.1180
4.7400 0.3200 1.1380
4.7600 0.3200 1.1398
4.7800 0.3200 1.1290
4.8000 0.3200 1.1130
4.8200 0.3200 1.1130
4.8400 0.3200 1.1160
4.8600 0.3200 1.0980
4.8800 0.3200 1.0930
4.9000 0.3200 1.0918
4.9200 0.3200 1.1060
4.9400 0.3200 1.1110
4.9600 0.3200 1.1198
4.9800 0.3200 1.1210
5.0000 0.3200 1.1230
5.0200 0.3200 1.1210
5.0400 0.3200 1.1198
5.0600 0.3200 1.1190
5.0800 0.3200 1.1248
5.1000 0.3200 1.1248
5.1200 0.3200 1.0980
5.1400 0.3200 1.0942
5.1600 0.3200 1.0880
5.1800 0.3200 1.0838
5.2000 0.3200 1.0880
5.2200 0.3200 1.0880
5.2400 0.3200 1.0880
5.2600 0.3200 1.0820
0.0000 0.3400 1.1130
0.0200 0.3400 1.1130
0.0400 0.3400 1.1130
0.0600 0.3400 1.1130
0.0800 0.3400 1.1110
0.1000 0.3400 1.1110
0.1200 0.3400 1.1210
0.1400 0.3400 1.1180
0.1600 0.3400 1.1164
0.1800 0.3400 1.1230
0.2000 0.3400 1.1230
0.2200 0.3400 1.1254
0.2400 0.3400 1.1230
0.2600 0.3400 1.1330
0.2800 0.3400 1.1330
0.3000 0.3400 1.1410
0.3200 0.3400 1.1380
0.3400 0.3400 1.1380
0.3600 0.3400 1.1380
0.3800 0.3400 1.1410
0.4000 0.3400 1.1410
0.4200 0.3400 1.1380
0.4400 0.3400 1.1380
0.4600 0.3400 1.1330
0.4800 0.3400 1.1314
0.5000 0.3400 1.1380
0.5200 0.3400 1.1330
0.5400 0.3400 1.1236
0.5600 0.3400 1.1230
0.5800 0.3400 1.1210
0.6000 0.3400 1.1204
0.6200 0.3400 1.1230
0.6400 0.3400 1.1204
0.6600 0.3400 1.1180
0.6800 0.3400 1.1180
0.7000 0.3400 1.1180
0.7200 0.3400 1.1180
0.7400 0.3400 1.1210
0.7600 0.3400 1.1210
0.7800 0.3400 1.1210
0.8000 0.3400 1.1230
0.8200 0.3400 1.1330
0.8400 0.3400 1.1380
0.8600 0.3400 1.1380
0.8800 0.3400 1.1380
0.9000 0.3400 1.1330
0.9200 0.3400 1.1330
0.9400 0.3400 1.1380
0.9600 0.3400 1.1410
0.9800 0.3400 1.1410
1.0000 0.3400 1.1330
1.0200 0.3400 1.1370
1.0400 0.3400 1.1310
1.0600 0.3400 1.1260
1.0800 0.3400 1.1260
1.1000 0.3400 1.1260
1.1200 0.3400 1.1230
1.1400 0.3400 1.1180
1.1600 0.3400 1.1160
1.1800 0.3400 1.1160
1.2000 0.3400 1.1210
1.2200 0.3400 1.1210
1.2400 0.3400 1.1210
1.2600 0.3400 1.1210
1.2800 0.3400 1.1310
1.3000 0.3400 1.1270
1.3200 0.3400 1.1270
1.3400 0.3400 1.1270
1.3600 0.3400 1.1214
1.3800 0.3400 1.1236
1.4000 0.3400 1.1330
1.4200 0.3400 1.1340
1.4400 0.3400 1.1260
1.4600 0.3400 1.1230
1.4800 0.3400 1.1330
1.5000 0.3400 1.1330
1.5200 0.3400 1.1330
1.5400 0.3400 1.1410
1.5600 0.3400 1.1380
1.5800 0.3400 1.1430
1.6000 0.3400 1.1430
1.6200 0.3400 1.1410
1.6400 0.3400 1.1430
1.6600 0.3400 1.1430
1.6800 0.3400 1.1430
1.7000 0.3400 1.1440
1.7200 0.3400 1.1480
1.7400 0.3400 1.1380
1.7600 0.3400 1.1380
1.7800 0.3400 1.1380
1.8000 0.3400 1.1386
1.8200 0.3400 1.1480
1.8400 0.3400 1.1480
1.8600 0.3400 1.1430
1.8800 0.3400 2.3910
1.9000 0.3400 1.1580
1.9200 0.3400 1.1580
1.9400 0.3400 2.3916
1.9600 0.3400 2.3910
1.9800 0.3400 1.1480
2.0000 0.3400 1.1480
2.0200 0.3400 1.1480
2.0400 0.3400 1.1380
2.0600 0.3400 1.1330
2.0800 0.3400 1.1330
2.1000 0.3400 1.1380
2.1200 0.3400 1.1330
2.1400 0.3400 1.1410
2.1600 0.3400 1.1386
2.1800 0.3400 1.1386
2.2000 0.3400 1.1480
2.2200 0.3400 1.1480
2.2400 0.3400 1.1500
2.2600 0.3400 1.1550
2.2800 0.3400 1.1480
2.3000 0.3400 1.1480
2.3200 0.3400 1.1430
2.3400 0.3400 1.1414
2.3600 0.3400 1.1414
2.3800 0.3400 1.1430
2.4000 0.3400 1.1414
2.4200 0.3400 1.1414
2.4400 0.3400 1.1440
2.4600 0.3400 1.1414
2.4800 0.3400 1.1414
2.5000 0.3400 1.1410
2.5200 0.3400 1.1386
2.5400 0.3400 1.1340
2.5600 0.3400 1.1480
2.5800 0.3400 1.1430
2.6000 0.3400 1.1480
2.6200 0.3400 1.1510
2.6400 0.3400 1.1510
2.6600 0.3400 1.1484
2.6800 0.3400 1.1480
2.7000 0.3400 1.1440
2.7200 0.3400 1.1430
2.7400 0.3400 1.1414
2.7600 0.3400 1.1440
2.7800 0.3400 1.1480
2.8000 0.3400 1.1480
2.8200 0.3400 1.1430
2.8400 0.3400 1.1430
2.8600 0.3400 1.1430
2.8800 0.3400 1.1386
2.9000 0.3400 1.1330
2.9200 0.3400 1.1314
2.9400 0.3400 1.1260
2.9600 0.3400 1.1236
2.9800 0.3400 1.1230
3.0000 0.3400 1.1230
3.0200 0.3400 1.1330
3.0400 0.3400 1.1330
3.0600 0.3400 1.1430
3.0800 0.3400 1.1430
3.1000 0.3400 1.1410
3.1200 0.3400 1.1440
3.1400 0.3400 2.3910
3.1600 0.3400 2.3910
3.1800 0.3400 1.1480
3.2000 0.3400 1.1386
3.2200 0.3400 1.1496
3.2400 0.3400 1.1480
3.2600 0.3400 1.1430
3.2800 0.3400 1.1260
3.3000 0.3400 1.1160
3.3200 0.3400 1.1130
3.3400 0.3400 1.1060
3.3600 0.3400 1.0900
3.3800 0.3400 1.0950
3.4000 0.3400 1.0950
3.4200 0.3400 1.0900
3.4400 0.3400 1.0850
3.4600 0.3400 1.0930
3.4800 0.3400 1.0980
3.5000 0.3400 1.1004
3.5200 0.3400 1.1170
3.5400 0.3400 1.2784
3.5600 0.3400 1.3080
3.5800 0.3400 1.3086
3.6000 0.3400 1.3060
3.6200 0.3400 1.3080
3.6400 0.3400 1.3114
3.6600 0.3400 1.3114
3.6800 0.3400 1.3114
3.7000 0.3400 1.3186
3.7200 0.3400 1.3164
3.7400 0.3400 1.3136
3.7600 0.3400 1.3160
3.7800 0.3400 1.3110
3.8000 0.3400 1.3110
3.8200 0.3400 1.3086
3.8400 0.3400 1.3080
3.8600 0.3400 1.1890
3.8800 0.3400 1.1096
3.9000 0.3400 1.1096
3.9200 0.3400 1.1110
3.9400 0.3400 1.1060
3.9600 0.3400 1.1030
3.9800 0.3400 1.1030
4.0000 0.3400 1.1010
4.0200 0.3400 1.1030
4.0400 0.3400 1.1060
4.0600 0.3400 1.1036
4.0800 0.3400 1.0986
4.1000 0.3400 1.1014
4.1200 0.3400 1.1060
4.1400 0.3400 1.1036
4.1600 0.3400 1.1036
4.1800 0.3400 1.1086
4.2000 0.3400 1.1110
4.2200 0.3400 1.1130
4.2400 0.3400 1.1114
4.2600 0.3400 1.1180
4.2800 0.3400 1.1210
4.3000 0.3400 1.1164
4.3200 0.3400 1.1180
4.3400 0.3400 1.1186
4.3600 0.3400 1.1210
4.3800 0.3400 1.1210
4.4000 0.3400 1.1210
4.4200 0.3400 1.1180
4.4400 0.3400 1.1160
4.4600 0.3400 1.1136
4.4800 0.3400 1.1114
4.5000 0.3400 1.1086
4.5200 0.3400 1.1080
4.5400 0.3400 1.1080
4.5600 0.3400 1.1086
4.5800 0.3400 1.1086
4.6000 0.3400 1.1080
4.6200 0.3400 1.1130
4.6400 0.3400 1.1130
4.6600 0.3400 1.1130
4.6800 0.3400 1.1160
4.7000 0.3400 1.1164
4.7200 0.3400 1.1180
4.7400 0.3400 1.1310
4.7600 0.3400 1.1310
4.7800 0.3400 1.1230
4.8000 0.3400 1.1160
4.8200 0.3400 1.1160
4.8400 0.3400 1.1160
4.8600 0.3400 1.0980
4.8800 0.3400 1.0924
4.9000 0.3400 1.0900
4.9200 0.3400 1.1014
4.9400 0.3400 1.1110
4.9600 0.3400 1.1114
4.9800 0.3400 1.1136
5.0000 0.3400 1.1164
5.0200 0.3400 1.1164
5.0400 0.3400 1.1064
5.0600 0.3400 1.1036
5.0800 0.3400 1.1064
5.1000 0.3400 1.1110
5.1200 0.3400 1.0880
5.1400 0.3400 1.0850
5.1600 0.3400 1.0820
5.1800 0.3400 1.0770
5.2000 0.3400 1.0780
5.2200 0.3400 1.0780
5.2400 0.3400 1.0826
5.2600 0.3400 1.0770
0.0000 0.3600 1.1130
0.0200 0.3600 1.1130
0.0400 0.3600 1.1110
0.0600 0.3600 1.1160
0.0800 0.3600 1.1110
0.1000 0.3600 1.1130
0.1200 0.3600 1.1180
0.1400 0.3600 1.1130
0.1600 0.3600 1.1214
0.1800 0.3600 1.1230
0.2000 0.3600 1.1230
0.2200 0.3600 1.1230
0.2400 0.3600 1.1310
0.2600 0.3600 1.1310
0.2800 0.3600 1.1310
0.3000 0.3600 1.1380
0.3200 0.3600 1.1440
0.3400 0.3600 1.1480
0.3600 0.3600 1.1480
0.3800 0.3600 1.1426
0.4000 0.3600 1.1480
0.4200 0.3600 1.1386
0.4400 0.3600 1.1386
0.4600 0.3600 1.1410
0.4800 0.3600 1.1340
0.5000 0.3600 1.1330
0.5200 0.3600 1.1330
0.5400 0.3600 1.1230
0.5600 0.3600 1.1214
0.5800 0.3600 1.1230
0.6000 0.3600 1.1230
0.6200 0.3600 1.1210
0.6400 0.3600 1.1230
0.6600 0.3600 1.1210
0.6800 0.3600 1.1210
0.7000 0.3600 1.1210
0.7200 0.3600 1.1210
0.7400 0.3600 1.1210
0.7600 0.3600 1.1210
0.7800 0.3600 1.1230
0.8000 0.3600 1.1310
0.8200 0.3600 1.1370
0.8400 0.3600 1.1330
0.8600 0.3600 1.1330
0.8800 0.3600 1.1330
0.9000 0.3600 1.1330
0.9200 0.3600 1.1370
0.9400 0.3600 1.1380
0.9600 0.3600 1.1380
0.9800 0.3600 1.1330
1.0000 0.3600 1.1380
1.0200 0.3600 1.1370
1.0400 0.3600 1.1330
1.0600 0.3600 1.1254
1.0800 0.3600 1.1270
1.1000 0.3600 1.1270
1.1200 0.3600 1.1176
1.1400 0.3600 1.1210
1.1600 0.3600 1.1176
1.1800 0.3600 1.1160
1.2000 0.3600 1.1176
1.2200 0.3600 1.1180
1.2400 0.3600 1.1176
1.2600 0.3600 1.1154
1.2800 0.3600 1.1154
1.3000 0.3600 1.1126
1.3200 0.3600 1.1176
1.3400 0.3600 1.1154
1.3600 0.3600 1.1154
1.3800 0.3600 1.1126
1.4000 0.3600 1.1154
1.4200 0.3600 1.1170
1.4400 0.3600 1.1154
1.4600 0.3600 1.1160
1.4800 0.3600 1.1254
1.5000 0.3600 1.1230
1.5200 0.3600 1.1254
1.5400 0.3600 1.1330
1.5600 0.3600 1.1380
1.5800 0.3600 1.1326
1.6000 0.3600 1.1326
1.6200 0.3600 1.1380
1.6400 0.3600 1.1330
1.6600 0.3600 1.1380
1.6800 0.3600 1.1380
1.7000 0.3600 1.1380
1.7200 0.3600 1.1404
1.7400 0.3600 1.1310
1.7600 0.3600 1.1310
1.7800 0.3600 1.1326
1.8000 0.3600 1.1380
1.8200 0.3600 1.1370
1.8400 0.3600 1.1370
1.8600 0.3600 1.1404
1.8800 0.3600 1.1426
1.9000 0.3600 1.1426
1.9200 0.3600 1.1426
1.9400 0.3600 1.1370
1.9600 0.3600 1.1404
1.9800 0.3600 1.1426
2.0000 0.3600 1.1426
2.0200 0.3600 1.1404
2.0400 0.3600 1.1330
2.0600 0.3600 1.1326
2.0800 0.3600 1.1310
2.1000 0.3600 1.1326
2.1200 0.3600 1.1330
2.1400 0.3600 1.1300
2.1600 0.3600 1.1326
2.1800 0.3600 1.1330
2.2000 0.3600 1.1426
2.2200 0.3600 1.1404
2.2400 0.3600 2.3886
2.2600 0.3600 2.3886
2.2800 0.3600 2.3886
2.3000 0.3600 1.1430
2.3200 0.3600 1.1330
2.3400 0.3600 1.1326
2.3600 0.3600 1.1370
2.3800 0.3600 1.1370
2.4000 0.3600 1.1316
2.4200 0.3600 1.1300
2.4400 0.3600 1.1330
2.4600 0.3600 1.1300
2.4800 0.3600 1.1294
2.5000 0.3600 1.1254
2.5200 0.3600 1.1230
2.5400 0.3600 1.1210
2.5600 0.3600 1.1426
2.5800 0.3600 1.1426
2.6000 0.3600 1.1430
2.6200 0.3600 2.3886
2.6400 0.3600 1.1470
2.6600 0.3600 1.1470
2.6800 0.3600 1.1404
2.7000 0.3600 1.1370
2.7200 0.3600 1.1254
2.7400 0.3600 1.1230
2.7600 0.3600 1.1326
2.7800 0.3600 1.1370
2.8000 0.3600 1.1330
2.8200 0.3600 1.1300
2.8400 0.3600 1.1300
2.8600 0.3600 1.1300
2.8800 0.3600 1.1226
2.9000 0.3600 1.1210
2.9200 0.3600 1.1210
2.9400 0.3600 1.1154
2.9600 0.3600 1.1176
2.9800 0.3600 1.1154
3.0000 0.3600 1.1130
3.0200 0.3600 1.1300
3.0400 0.3600 1.1230
3.0600 0.3600 1.1326
3.0800 0.3600 1.1310
3.1000 0.3600 1.1404
3.1200 0.3600 1.1404
3.1400 0.3600 1.1426
3.1600 0.3600 1.1426
3.1800 0.3600 1.1330
3.2000 0.3600 1.1204
3.2200 0.3600 1.1404
3.2400 0.3600 1.1426
3.2600 0.3600 1.1370
3.2800 0.3600 1.1310
3.3000 0.3600 1.1210
3.3200 0.3600 1.1160
3.3400 0.3600 1.1060
3.3600 0.3600 1.0934
3.3800 0.3600 1.0980
3.4000 0.3600 1.0950
3.4200 0.3600 1.0924
3.4400 0.3600 1.0884
3.4600 0.3600 1.0950
3.4800 0.3600 1.0980
3.5000 0.3600 1.1010
3.5200 0.3600 1.1358
3.5400 0.3600 1.2972
3.5600 0.3600 1.3054
3.5800 0.3600 1.3060
3.6000 0.3600 1.3030
3.6200 0.3600 1.3030
3.6400 0.3600 1.3076
3.6600 0.3600 1.3060
3.6800 0.3600 1.3080
3.7000 0.3600 1.3110
3.7200 0.3600 1.3104
3.7400 0.3600 1.3080
3.7600 0.3600 1.3104
3.7800 0.3600 1.3104
3.8000 0.3600 1.3060
3.8200 0.3600 1.3076
3.8400 0.3600 1.3080
3.8600 0.3600 1.2148
3.8800 0.3600 1.1090
3.9000 0.3600 1.1090
3.9200 0.3600 1.1080
3.9400 0.3600 1.1010
3.9600 0.3600 1.1010
3.9800 0.3600 1.1010
4.0000 0.3600 1.0986
4.0200 0.3600 1.0980
4.0400 0.3600 1.0980
4.0600 0.3600 1.0946
4.0800 0.3600 1.0900
4.1000 0.3600 1.0924
4.1200 0.3600 1.0946
4.1400 0.3600 1.0946
4.1600 0.3600 1.0946
4.1800 0.3600 1.1004
4.2000 0.3600 1.1026
4.2200 0.3600 1.1060
4.2400 0.3600 1.1054
4.2600 0.3600 1.1076
4.2800 0.3600 1.1126
4.3000 0.3600 1.1080
4.3200 0.3600 1.1104
4.3400 0.3600 1.1176
4.3600 0.3600 1.1126
4.3800 0.3600 1.1160
4.4000 0.3600 1.1176
4.4200 0.3600 1.1126
4.4400 0.3600 1.1110
4.4600 0.3600 1.1110
4.4800 0.3600 1.1110
4.5000 0.3600 1.1060
4.5200 0.3600 1.1010
4.5400 0.3600 1.1030
4.5600 0.3600 1.1060
4.5800 0.3600 1.1030
4.6000 0.3600 1.1054
4.6200 0.3600 1.1076
4.6400 0.3600 1.1076
4.6600 0.3600 1.1076
4.6800 0.3600 1.1080
4.7000 0.3600 1.1104
4.7200 0.3600 1.1110
4.7400 0.3600 1.1230
4.7600 0.3600 1.1230
4.7800 0.3600 1.1210
4.8000 0.3600 1.1154
4.8200 0.3600 1.1154
4.8400 0.3600 1.1126
4.8600 0.3600 1.0896
4.8800 0.3600 1.0880
4.9000 0.3600 1.0850
4.9200 0.3600 1.0980
4.9400 0.3600 1.1080
4.9600 0.3600 1.1080
4.9800 0.3600 1.1110
5.0000 0.3600 1.1080
5.0200 0.3600 1.1080
5.0400 0.3600 1.0900
5.0600 0.3600 1.0896
5.0800 0.3600 1.0946
5.1000 0.3600 1.0980
5.1200 0.3600 1.0770
5.1400 0.3600 1.0766
5.1600 0.3600 1.0660
5.1800 0.3600 1.0684
5.2000 0.3600 1.0690
5.2200 0.3600 1.0738
5.2400 0.3600 1.0820
5.2600 0.3600 1.0850
0.0000 0.3800 1.1180
0.0200 0.3800 1.1172
0.0400 0.3800 1.1110
0.0600 0.3800 1.1130
0.0800 0.3800 1.1122
0.1000 0.3800 1.1130
0.1200 0.3800 1.1210
0.1400 0.3800 1.1210
0.1600 0.3800 1.1260
0.1800 0.3800 1.1242
0.2000 0.3800 1.1230
0.2200 0.3800 1.1242
0.2400 0.3800 1.1280
0.2600 0.3800 1.1330
0.2800 0.3800 1.1360
0.3000 0.3800 1.1430
0.3200 0.3800 1.1530
0.3400 0.3800 1.1500
0.3600 0.3800 1.1500
0.3800 0.3800 1.1460
0.4000 0.3800 1.1418
0.4200 0.3800 1.1430
0.4400 0.3800 1.1430
0.4600 0.3800 1.1380
0.4800 0.3800 1.1410
0.5000 0.3800 1.1380
0.5200 0.3800 1.1330
0.5400 0.3800 1.1310
0.5600 0.3800 1.1260
0.5800 0.3800 1.1260
0.6000 0.3800 1.1230
0.6200 0.3800 1.1230
0.6400 0.3800 1.1180
0.6600 0.3800 1.1210
0.6800 0.3800 1.1230
0.7000 0.3800 1.1210
0.7200 0.3800 1.1230
0.7400 0.3800 1.1210
0.7600 0.3800 1.1210
0.7800 0.3800 1.1230
0.8000 0.3800 1.1260
0.8200 0.3800 1.1318
0.8400 0.3800 1.1260
0.8600 0.3800 1.1230
0.8800 0.3800 1.1310
0.9000 0.3800 1.1260
0.9200 0.3800 1.1318
0.9400 0.3800 1.1318
0.9600 0.3800 1.1318
0.9800 0.3800 1.1310
1.0000 0.3800 1.1310
1.0200 0.3800 1.1260
1.0400 0.3800 1.1310
1.0600 0.3800 1.1180
1.0800 0.3800 1.1192
1.1000 0.3800 1.1210
1.1200 0.3800 1.1142
1.1400 0.3800 1.1192
1.1600 0.3800 1.1110
1.1800 0.3800 1.1110
1.2000 0.3800 1.1110
1.2200 0.3800 1.1110
1.2400 0.3800 1.1092
1.2600 0.3800 1.1080
1.2800 0.3800 1.1068
1.3000 0.3800 1.1060
1.3200 0.3800 1.1060
1.3400 0.3800 1.1042
1.3600 0.3800 1.1068
1.3800 0.3800 1.1018
1.4000 0.3800 1.1068
1.4200 0.3800 1.1060
1.4400 0.3800 1.1018
1.4600 0.3800 1.1060
1.4800 0.3800 1.1068
1.5000 0.3800 1.1110
1.5200 0.3800 1.1118
1.5400 0.3800 1.1218
1.5600 0.3800 1.1242
1.5800 0.3800 1.1230
1.6000 0.3800 1.1218
1.6200 0.3800 1.1260
1.6400 0.3800 1.1310
1.6600 0.3800 1.1260
1.6800 0.3800 1.1310
1.7000 0.3800 1.1330
1.7200 0.3800 1.1260
1.7400 0.3800 1.1310
1.7600 0.3800 1.1310
1.7800 0.3800 1.1260
1.8000 0.3800 1.1330
1.8200 0.3800 1.1280
1.8400 0.3800 1.1260
1.8600 0.3800 1.1260
1.8800 0.3800 1.1318
1.9000 0.3800 1.1260
1.9200 0.3800 1.1260
1.9400 0.3800 1.1230
1.9600 0.3800 1.1242
1.9800 0.3800 1.1280
2.0000 0.3800 1.1318
2.0200 0.3800 1.1310
2.0400 0.3800 1.1330
2.0600 0.3800 1.1310
2.0800 0.3800 1.1260
2.1000 0.3800 1.1192
2.1200 0.3800 1.1218
2.1400 0.3800 1.1230
2.1600 0.3800 1.1230
2.1800 0.3800 1.1242
2.2000 0.3800 1.1242
2.2200 0.3800 1.1260
2.2400 0.3800 1.1380
2.2600 0.3800 2.0752
2.2800 0.3800 1.1392
2.3000 0.3800 1.1410
2.3200 0.3800 1.1230
2.3400 0.3800 1.1218
2.3600 0.3800 1.1260
2.3800 0.3800 1.1218
2.4000 0.3800 1.1168
2.4200 0.3800 1.1168
2.4400 0.3800 1.1210
2.4600 0.3800 1.1168
2.4800 0.3800 1.1168
2.5000 0.3800 1.1168
2.5200 0.3800 1.1118
2.5400 0.3800 1.1130
2.5600 0.3800 1.1242
2.5800 0.3800 1.1280
2.6000 0.3800 1.1288
2.6200 0.3800 1.7598
2.6400 0.3800 1.7598
2.6600 0.3800 1.7586
2.6800 0.3800 1.1218
2.7000 0.3800 1.1192
2.7200 0.3800 1.1142
2.7400 0.3800 1.1130
2.7600 0.3800 1.1192
2.7800 0.3800 1.1210
2.8000 0.3800 1.1168
2.8200 0.3800 1.1142
2.8400 0.3800 1.1142
2.8600 0.3800 1.1160
2.8800 0.3800 1.1118
2.9000 0.3800 1.1110
2.9200 0.3800 1.1110
2.9400 0.3800 1.1068
2.9600 0.3800 1.1080
2.9800 0.3800 1.1092
3.0000 0.3800 1.1092
3.0200 0.3800 1.1168
3.0400 0.3800 1.1160
3.0600 0.3800 1.1230
3.0800 0.3800 1.1218
3.1000 0.3800 1.1242
3.1200 0.3800 1.1288
3.1400 0.3800 1.1230
3.1600 0.3800 1.1218
3.1800 0.3800 1.1192
3.2000 0.3800 1.1080
3.2200 0.3800 1.1218
3.2400 0.3800 1.1262
3.2600 0.3800 1.1218
3.2800 0.3800 1.1192
3.3000 0.3800 1.1168
3.3200 0.3800 1.1130
3.3400 0.3800 1.1080
3.3600 0.3800 1.0998
3.3800 0.3800 1.0998
3.4000 0.3800 1.1010
3.4200 0.3800 1.0942
3.4400 0.3800 1.0980
3.4600 0.3800 1.0980
3.4800 0.3800 1.0980
3.5000 0.3800 1.0992
3.5200 0.3800 1.1504
3.5400 0.3800 1.3012
3.5600 0.3800 1.2950
3.5800 0.3800 1.2938
3.6000 0.3800 1.2980
3.6200 0.3800 1.2992
3.6400 0.3800 1.3010
3.6600 0.3800 1.3010
3.6800 0.3800 1.3010
3.7000 0.3800 1.3060
3.7200 0.3800 1.3042
3.7400 0.3800 1.3018
3.7600 0.3800 1.3018
3.7800 0.3800 1.3010
3.8000 0.3800 1.2992
3.8200 0.3800 1.2992
3.8400 0.3800 1.3018
3.8600 0.3800 1.2276
3.8800 0.3800 1.1062
3.9000 0.3800 1.1052
3.9200 0.3800 1.1010
3.9400 0.3800 1.0962
3.9600 0.3800 1.0962
3.9800 0.3800 1.0962
4.0000 0.3800 1.0938
4.0200 0.3800 1.0888
4.0400 0.3800 1.0900
4.0600 0.3800 1.0862
4.0800 0.3800 1.0832
4.1000 0.3800 1.0820
4.1200 0.3800 1.0750
4.1400 0.3800 1.0770
4.1600 0.3800 1.0762
4.1800 0.3800 1.0790
4.2000 0.3800 1.0844
4.2200 0.3800 1.0938
4.2400 0.3800 1.0938
4.2600 0.3800 1.1010
4.2800 0.3800 1.1068
4.3000 0.3800 1.1060
4.3200 0.3800 1.1060
4.3400 0.3800 1.1092
4.3600 0.3800 1.1080
4.3800 0.3800 1.1092
4.4000 0.3800 1.1092
4.4200 0.3800 1.1110
4.4400 0.3800 1.1110
4.4600 0.3800 1.1110
4.4800 0.3800 1.1092
4.5000 0.3800 1.1060
4.5200 0.3800 1.0938
4.5400 0.3800 1.0980
4.5600 0.3800 1.0992
4.5800 0.3800 1.0962
4.6000 0.3800 1.0980
4.6200 0.3800 1.0962
4.6400 0.3800 1.0980
4.6600 0.3800 1.0992
4.6800 0.3800 1.1060
4.7000 0.3800 1.1030
4.7200 0.3800 1.1018
4.7400 0.3800 1.1168
4.7600 0.3800 1.1192
4.7800 0.3800 1.1118
4.8000 0.3800 1.1080
4.8200 0.3800 1.1092
4.8400 0.3800 1.1080
4.8600 0.3800 1.0850
4.8800 0.3800 1.0714
4.9000 0.3800 1.0690
4.9200 0.3800 1.0912
4.9400 0.3800 1.1042
4.9600 0.3800 1.1018
4.9800 0.3800 1.1030
5.0000 0.3800 1.1042
5.0200 0.3800 1.0992
5.0400 0.3800 1.0820
5.0600 0.3800 1.0770
5.0800 0.3800 1.0832
5.1000 0.3800 1.0862
5.1200 0.3800 1.0672
5.1400 0.3800 1.0660
5.1600 0.3800 1.0560
5.1800 0.3800 1.0630
5.2000 0.3800 1.0672
5.2200 0.3800 1.0630
5.2400 0.3800 1.0800
5.2600 0.3800 1.0800
0.0000 0.4000 1.1180
0.0200 0.4000 1.1160
0.0400 0.4000 1.1130
0.0600 0.4000 1.1130
0.0800 0.4000 1.1160
0.1000 0.4000 1.1160
0.1200 0.4000 1.1230
0.1400 0.4000 1.1210
0.1600 0.4000 1.1210
0.1800 0.4000 1.1210
0.2000 0.4000 1.1210
0.2200 0.4000 1.1230
0.2400 0.4000 1.1260
0.2600 0.4000 1.1330
0.2800 0.4000 1.1330
0.3000 0.4000 1.1480
0.3200 0.4000 1.1550
0.3400 0.4000 1.1550
0.3600 0.4000 1.1550
0.3800 0.4000 1.1480
0.4000 0.4000 1.1380
0.4200 0.4000 1.1380
0.4400 0.4000 1.1380
0.4600 0.4000 1.1380
0.4800 0.4000 1.1380
0.5000 0.4000 1.1310
0.5200 0.4000 1.1310
0.5400 0.4000 1.1260
0.5600 0.4000 2.7000
0.5800 0.4000 1.1230
0.6000 0.4000 1.1230
0.6200 0.4000 1.1230
0.6400 0.4000 1.1210
0.6600 0.4000 1.1260
0.6800 0.4000 1.1260
0.7000 0.4000 1.1210
0.7200 0.4000 1.1210
0.7400 0.4000 1.1160
0.7600 0.4000 1.1160
0.7800 0.4000 1.1210
0.8000 0.4000 1.1260
0.8200 0.4000 1.1260
0.8400 0.4000 1.1230
0.8600 0.4000 1.1210
0.8800 0.4000 1.1260
0.9000 0.4000 1.1230
0.9200 0.4000 1.1230
0.9400 0.4000 1.1210
0.9600 0.4000 1.1210
0.9800 0.4000 1.1130
1.0000 0.4000 1.1160
1.0200 0.4000 1.1160
1.0400 0.4000 1.1180
1.0600 0.4000 1.1110
1.0800 0.4000 1.1080
1.1000 0.4000 1.1080
1.1200 0.4000 1.1080
1.1400 0.4000 1.1060
1.1600 0.4000 1.1030
1.1800 0.4000 1.1060
1.2000 0.4000 1.1060
1.2200 0.4000 1.1030
1.2400 0.4000 1.1010
1.2600 0.4000 1.1030
1.2800 0.4000 1.1030
1.3000 0.4000 1.0930
1.3200 0.4000 1.0950
1.3400 0.4000 1.0950
1.3600 0.4000 1.0980
1.3800 0.4000 1.0930
1.4000 0.4000 1.0950
1.4200 0.4000 1.0930
1.4400 0.4000 1.0850
1.4600 0.4000 1.0880
1.4800 0.4000 1.0900
1.5000 0.4000 1.0950
1.5200 0.4000 1.0950
1.5400 0.4000 1.1110
1.5600 0.4000 1.1130
1.5800 0.4000 1.1180
1.6000 0.4000 1.1180
1.6200 0.4000 1.1210
1.6400 0.4000 1.1230
1.6600 0.4000 1.1210
1.6800 0.4000 1.1230
1.7000 0.4000 1.1310
1.7200 0.4000 1.1260
1.7400 0.4000 1.1230
1.7600 0.4000 2.7000
1.7800 0.4000 1.1230
1.8000 0.4000 1.1180
1.8200 0.4000 1.1110
1.8400 0.4000 1.1110
1.8600 0.4000 1.1110
1.8800 0.4000 1.1160
1.9000 0.4000 1.1110
1.9200 0.4000 1.1130
1.9400 0.4000 1.1160
1.9600 0.4000 1.1110
1.9800 0.4000 1.1110
2.0000 0.4000 1.1110
2.0200 0.4000 1.1160
2.0400 0.4000 1.1160
2.0600 0.4000 1.1160
2.0800 0.4000 1.1160
2.1000 0.4000 1.1060
2.1200 0.4000 1.1060
2.1400 0.4000 1.1080
2.1600 0.4000 1.1080
2.1800 0.4000 1.1060
2.2000 0.4000 1.1110
2.2200 0.4000 1.1110
2.2400 0.4000 1.1260
2.2600 0.4000 1.1230
2.2800 0.4000 1.1310
2.3000 0.4000 1.1260
2.3200 0.4000 1.1180
2.3400 0.4000 1.1180
2.3600 0.4000 1.1130
2.3800 0.4000 1.1110
2.4000 0.4000 1.1080
2.4200 0.4000 1.1080
2.4400 0.4000 1.1080
2.4600 0.4000 1.1060
2.4800 0.4000 1.1010
2.5000 0.4000 1.1030
2.5200 0.4000 1.0980
2.5400 0.4000 1.1030
2.5600 0.4000 1.1130
2.5800 0.4000 1.1110
2.6000 0.4000 1.1080
2.6200 0.4000 1.1110
2.6400 0.4000 1.1080
2.6600 0.4000 1.1060
2.6800 0.4000 1.1060
2.7000 0.4000 1.1060
2.7200 0.4000 1.1080
2.7400 0.4000 1.1080
2.7600 0.4000 1.1080
2.7800 0.4000 1.1060
2.8000 0.4000 1.1060
2.8200 0.4000 1.1080
2.8400 0.4000 1.1060
2.8600 0.4000 1.1060
2.8800 0.4000 1.1060
2.9000 0.4000 1.1060
2.9200 0.4000 1.1060
2.9400 0.4000 1.1010
2.9600 0.4000 1.1010
2.9800 0.4000 1.1010
3.0000 0.4000 1.1010
3.0200 0.4000 1.1030
3.0400 0.4000 1.1060
3.0600 0.4000 1.1080
3.0800 0.4000 1.1080
3.1000 0.4000 1.1030
3.1200 0.4000 1.1060
3.1400 0.4000 1.1080
3.1600 0.4000 1.1060
3.1800 0.4000 1.1060
3.2000 0.4000 1.1010
3.2200 0.4000 1.1010
3.2400 0.4000 1.1010
3.2600 0.4000 1.1060
3.2800 0.4000 1.1060
3.3000 0.4000 1.1080
3.3200 0.4000 1.1080
3.3400 0.4000 1.1060
3.3600 0.4000 1.1060
3.3800 0.4000 1.1060
3.4000 0.4000 1.1030
3.4200 0.4000 1.0980
3.4400 0.4000 1.0980
3.4600 0.4000 1.0950
3.4800 0.4000 1.0930
3.5000 0.4000 1.0900
3.5200 0.4000 1.1470
3.5400 0.4000 1.2900
3.5600 0.4000 1.2880
3.5800 0.4000 1.2880
3.6000 0.4000 1.2880
3.6200 0.4000 1.2880
3.6400 0.4000 1.2930
3.6600 0.4000 1.2900
3.6800 0.4000 1.2900
3.7000 0.4000 1.2950
3.7200 0.4000 1.2930
3.7400 0.4000 1.2900
3.7600 0.4000 1.2900
3.7800 0.4000 1.2880
3.8000 0.4000 1.2820
3.8200 0.4000 1.2820
3.8400 0.4000 1.2870
3.8600 0.4000 1.1900
3.8800 0.4000 1.0970
3.9000 0.4000 1.0940
3.9200 0.4000 1.0950
3.9400 0.4000 1.0850
3.9600 0.4000 1.0820
3.9800 0.4000 1.0770
4.0000 0.4000 1.0820
4.0200 0.4000 1.0690
4.0400 0.4000 1.0770
4.0600 0.4000 1.0770
4.0800 0.4000 1.0750
4.1000 0.4000 1.0660
4.1200 0.4000 1.0610
4.1400 0.4000 1.0660
4.1600 0.4000 1.0660
4.1800 0.4000 1.0610
4.2000 0.4000 1.0660
4.2200 0.4000 1.0750
4.2400 0.4000 1.0750
4.2600 0.4000 1.0880
4.2800 0.4000 1.0880
4.3000 0.4000 1.1010
4.3200 0.4000 1.1010
4.3400 0.4000 1.1030
4.3600 0.4000 1.1030
4.3800 0.4000 1.1010
4.4000 0.4000 1.0980
4.4200 0.4000 1.1060
4.4400 0.4000 1.1080
4.4600 0.4000 1.1080
4.4800 0.4000 1.1060
4.5000 0.4000 1.1010
4.5200 0.4000 1.0880
4.5400 0.4000 1.0930
4.5600 0.4000 1.0950
4.5800 0.4000 1.0880
4.6000 0.4000 1.0880
4.6200 0.4000 1.0850
4.6400 0.4000 1.0880
4.6600 0.4000 1.0930
4.6800 0.4000 1.0980
4.7000 0.4000 1.0880
4.7200 0.4000 1.0850
4.7400 0.4000 1.1080
4.7600 0.4000 1.1080
4.7800 0.4000 1.1060
4.8000 0.4000 1.0980
4.8200 0.4000 1.1010
4.8400 0.4000 1.1010
4.8600 0.4000 1.0820
4.8800 0.4000 1.0610
4.9000 0.4000 1.0580
4.9200 0.4000 1.0660
4.9400 0.4000 1.0820
4.9600 0.4000 1.0770
4.9800 0.4000 1.0770
5.0000 0.4000 1.0930
5.0200 0.4000 1.0820
5.0400 0.4000 1.0750
5.0600 0.4000 1.0750
5.0800 0.4000 1.0770
5.1000 0.4000 1.0770
5.1200 0.4000 1.0500
5.1400 0.4000 1.0500
5.1600 0.4000 1.0470
5.1800 0.4000 1.0500
5.2000 0.4000 1.0470
5.2200 0.4000 1.0470
5.2400 0.4000 1.0750
5.2600 0.4000 1.0750
0.0000 0.4200 1.1122
0.0200 0.4200 1.1110
0.0400 0.4200 1.1110
0.0600 0.4200 1.1072
0.0800 0.4200 1.1080
0.1000 0.4200 1.1080
0.1200 0.4200 1.1110
0.1400 0.4200 1.1110
0.1600 0.4200 1.1098
0.1800 0.4200 1.1160
0.2000 0.4200 1.1160
0.2200 0.4200 1.1160
0.2400 0.4200 1.1210
0.2600 0.4200 1.1248
0.2800 0.4200 1.1310
0.3000 0.4200 1.1380
0.3200 0.4200 1.1492
0.3400 0.4200 1.1492
0.3600 0.4200 1.1492
0.3800 0.4200 1.1410
0.4000 0.4200 1.1330
0.4200 0.4200 1.1330
0.4400 0.4200 1.1330
0.4600 0.4200 1.1260
0.4800 0.4200 1.1260
0.5000 0.4200 1.1230
0.5200 0.4200 1.1230
0.5400 0.4200 1.1230
0.5600 0.4200 1.1210
0.5800 0.4200 1.1230
0.6000 0.4200 1.1230
0.6200 0.4200 1.1172
0.6400 0.4200 1.1160
0.6600 0.4200 1.1172
0.6800 0.4200 1.1198
0.7000 0.4200 1.1210
0.7200 0.4200 1.1130
0.7400 0.4200 1.1092
0.7600 0.4200 1.1110
0.7800 0.4200 1.1130
0.8000 0.4200 1.1122
0.8200 0.4200 1.1098
0.8400 0.4200 1.1122
0.8600 0.4200 1.1122
0.8800 0.4200 1.1122
0.9000 0.4200 1.1080
0.9200 0.4200 1.1072
0.9400 0.4200 1.1072
0.9600 0.4200 1.1072
0.9800 0.4200 1.0998
1.0000 0.4200 1.0998
1.0200 0.4200 1.0998
1.0400 0.4200 1.1022
1.0600 0.4200 1.0968
1.0800 0.4200 1.0980
1.1000 0.4200 1.0998
1.1200 0.4200 1.1010
1.1400 0.4200 1.0910
1.1600 0.4200 1.0918
1.1800 0.4200 1.0918
1.2000 0.4200 1.0930
1.2200 0.4200 1.0838
1.2400 0.4200 1.0892
1.2600 0.4200 1.0918
1.2800 0.4200 1.0892
1.3000 0.4200 1.0820
1.3200 0.4200 1.0820
1.3400 0.4200 1.0820
1.3600 0.4200 1.0892
1.3800 0.4200 1.0770
1.4000 0.4200 1.0726
1.4200 0.4200 1.0678
1.4400 0.4200 1.0640
1.4600 0.4200 1.0660
1.4800 0.4200 1.0690
1.5000 0.4200 1.0726
1.5200 0.4200 1.0726
1.5400 0.4200 1.0930
1.5600 0.4200 1.0968
1.5800 0.4200 1.0998
1.6000 0.4200 1.1010
1.6200 0.4200 1.1040
1.6400 0.4200 1.1098
1.6600 0.4200 1.1122
1.6800 0.4200 1.1122
1.7000 0.4200 1.1198
1.7200 0.4200 1.1122
1.7400 0.4200 1.1098
1.7600 0.4200 1.1098
1.7800 0.4200 1.1080
1.8000 0.4200 1.1048
1.8200 0.4200 1.0968
1.8400 0.4200 1.0968
1.8600 0.4200 1.0980
1.8800 0.4200 1.1022
1.9000 0.4200 1.0998
1.9200 0.4200 1.1010
1.9400 0.4200 1.0998
1.9600 0.4200 1.1010
1.9800 0.4200 1.0998
2.0000 0.4200 1.0998
2.0200 0.4200 1.1040
2.0400 0.4200 1.1048
2.0600 0.4200 1.1080
2.0800 0.4200 1.1080
2.1000 0.4200 1.0980
2.1200 0.4200 1.0900
2.1400 0.4200 1.0942
2.1600 0.4200 1.0868
2.1800 0.4200 1.0892
2.2000 0.4200 1.1010
2.2200 0.4200 1.1010
2.2400 0.4200 1.1110
2.2600 0.4200 1.1122
2.2800 0.4200 1.7496
2.3000 0.4200 1.1148
2.3200 0.4200 1.1072
2.3400 0.4200 1.1072
2.3600 0.4200 1.1072
2.3800 0.4200 1.1048
2.4000 0.4200 1.1010
2.4200 0.4200 1.1010
2.4400 0.4200 1.0918
2.4600 0.4200 1.0892
2.4800 0.4200 1.0726
2.5000 0.4200 1.0726
2.5200 0.4200 1.0726
2.5400 0.4200 1.0762
2.5600 0.4200 1.1022
2.5800 0.4200 1.1022
2.6000 0.4200 1.0968
2.6200 0.4200 1.0980
2.6400 0.4200 1.0942
2.6600 0.4200 1.0930
2.6800 0.4200 1.0930
2.7000 0.4200 1.0868
2.7200 0.4200 1.0900
2.7400 0.4200 1.0930
2.7600 0.4200 1.0930
2.7800 0.4200 1.0968
2.8000 0.4200 1.0942
2.8200 0.4200 1.0930
2.8400 0.4200 1.0942
2.8600 0.4200 1.0942
2.8800 0.4200 1.0910
2.9000 0.4200 1.0918
2.9200 0.4200 1.0930
2.9400 0.4200 1.0868
2.9600 0.4200 1.0900
2.9800 0.4200 1.0868
3.0000 0.4200 1.0880
3.0200 0.4200 1.0892
3.0400 0.4200 1.0892
3.0600 0.4200 1.0910
3.0800 0.4200 1.0892
3.1000 0.4200 1.0868
3.1200 0.4200 1.0868
3.1400 0.4200 1.0930
3.1600 0.4200 1.0918
3.1800 0.4200 1.0900
3.2000 0.4200 1.0800
3.2200 0.4200 1.0838
3.2400 0.4200 1.0868
3.2600 0.4200 1.0942
3.2800 0.4200 1.0968
3.3000 0.4200 1.0968
3.3200 0.4200 1.0980
3.3400 0.4200 1.1030
3.3600 0.4200 1.1022
3.3800 0.4200 1.1030
3.4000 0.4200 1.1022
3.4200 0.4200 1.0950
3.4400 0.4200 1.0950
3.4600 0.4200 1.0980
3.4800 0.4200 1.0930
3.5000 0.4200 1.0912
3.5200 0.4200 1.1268
3.5400 0.4200 1.2776
3.5600 0.4200 1.2838
3.5800 0.4200 1.2800
3.6000 0.4200 1.2762
3.6200 0.4200 1.2726
3.6400 0.4200 1.2762
3.6600 0.4200 1.2750
3.6800 0.4200 1.2762
3.7000 0.4200 1.2628
3.7200 0.4200 1.2678
3.7400 0.4200 1.2640
3.7600 0.4200 1.2628
3.7800 0.4200 1.2640
3.8000 0.4200 1.2572
3.8200 0.4200 1.2598
3.8400 0.4200 1.2516
3.8600 0.4200 1.1254
3.8800 0.4200 1.0772
3.9000 0.4200 1.0780
3.9200 0.4200 1.0800
3.9400 0.4200 1.0750
3.9600 0.4200 1.0610
3.9800 0.4200 1.0598
4.0000 0.4200 1.0640
4.0200 0.4200 1.0560
4.0400 0.4200 1.0598
4.0600 0.4200 1.0598
4.0800 0.4200 1.0572
4.1000 0.4200 1.0560
4.1200 0.4200 1.0408
4.1400 0.4200 1.0396
4.1600 0.4200 1.0370
4.1800 0.4200 1.0370
4.2000 0.4200 1.0408
4.2200 0.4200 1.0572
4.2400 0.4200 1.0536
4.2600 0.4200 1.0628
4.2800 0.4200 1.0598
4.3000 0.4200 1.0800
4.3200 0.4200 1.0800
4.3400 0.4200 1.0868
4.3600 0.4200 1.0792
4.3800 0.4200 1.0820
4.4000 0.4200 1.0770
4.4200 0.4200 1.0910
4.4400 0.4200 1.0998
4.4600 0.4200 1.1010
4.4800 0.4200 1.1010
4.5000 0.4200 1.0892
4.5200 0.4200 1.0762
4.5400 0.4200 1.0770
4.5600 0.4200 1.0800
4.5800 0.4200 1.0690
4.6000 0.4200 1.0678
4.6200 0.4200 1.0762
4.6400 0.4200 1.0770
4.6600 0.4200 1.0726
4.6800 0.4200 1.0678
4.7000 0.4200 1.0640
4.7200 0.4200 1.0640
4.7400 0.4200 1.1010
4.7600 0.4200 1.0998
4.7800 0.4200 1.0980
4.8000 0.4200 1.0800
4.8200 0.4200 1.0838
4.8400 0.4200 1.0918
4.8600 0.4200 1.0660
4.8800 0.4200 1.0390
4.9000 0.4200 1.0378
4.9200 0.4200 1.0378
4.9400 0.4200 1.0408
4.9600 0.4200 1.0396
4.9800 0.4200 1.0396
5.0000 0.4200 1.0468
5.0200 0.4200 1.0388
5.0400 0.4200 1.0438
5.0600 0.4200 1.0408
5.0800 0.4200 1.0572
5.1000 0.4200 1.0640
5.1200 0.4200 1.0238
5.1400 0.4200 1.0212
5.1600 0.4200 1.0212
5.1800 0.4200 1.0238
5.2000 0.4200 1.0238
5.2200 0.4200 1.0238
5.2400 0.4200 1.0572
5.2600 0.4200 1.0598
0.0000 0.4400 1.1064
0.0200 0.4400 1.1060
0.0400 0.4400 1.1060
0.0600 0.4400 1.1010
0.0800 0.4400 1.1060
0.1000 0.4400 1.1036
0.1200 0.4400 1.1060
0.1400 0.4400 1.1030
0.1600 0.4400 1.1060
0.1800 0.4400 1.1086
0.2000 0.4400 1.1080
0.2200 0.4400 1.1080
0.2400 0.4400 1.1114
0.2600 0.4400 1.1136
0.2800 0.4400 1.1136
0.3000 0.4400 1.1236
0.3200 0.4400 1.1314
0.3400 0.4400 1.1340
0.3600 0.4400 1.1340
0.3800 0.4400 1.1330
0.4000 0.4400 1.1314
0.4200 0.4400 1.1236
0.4400 0.4400 1.1214
0.4600 0.4400 1.1164
0.4800 0.4400 1.1186
0.5000 0.4400 1.1210
0.5200 0.4400 1.1214
0.5400 0.4400 1.1214
0.5600 0.4400 1.1210
0.5800 0.4400 1.1210
0.6000 0.4400 1.1180
0.6200 0.4400 1.1160
0.6400 0.4400 1.1160
0.6600 0.4400 1.1130
0.6800 0.4400 1.1136
0.7000 0.4400 1.1136
0.7200 0.4400 1.1080
0.7400 0.4400 1.1060
0.7600 0.4400 2.3812
0.7800 0.4400 1.1064
0.8000 0.4400 1.0986
0.8200 0.4400 1.0986
0.8400 0.4400 1.1014
0.8600 0.4400 1.1010
0.8800 0.4400 1.1014
0.9000 0.4400 1.1010
0.9200 0.4400 1.1010
0.9400 0.4400 1.1010
0.9600 0.4400 1.0986
0.9800 0.4400 1.0884
1.0000 0.4400 1.0880
1.0200 0.4400 1.0856
1.0400 0.4400 1.0856
1.0600 0.4400 1.0770
1.0800 0.4400 1.0856
1.1000 0.4400 1.0856
1.1200 0.4400 1.0856
1.1400 0.4400 1.0660
1.1600 0.4400 1.0660
1.1800 0.4400 1.0620
1.2000 0.4400 1.0620
1.2200 0.4400 1.0610
1.2400 0.4400 1.0620
1.2600 0.4400 1.0666
1.2800 0.4400 1.0620
1.3000 0.4400 1.0690
1.3200 0.4400 1.0702
1.3400 0.4400 1.0690
1.3600 0.4400 1.0750
1.3800 0.4400 1.0690
1.4000 0.4400 1.0586
1.4200 0.4400 1.0560
1.4400 0.4400 1.0476
1.4600 0.4400 1.0560
1.4800 0.4400 1.0564
1.5000 0.4400 1.0560
1.5200 0.4400 1.0512
1.5400 0.4400 1.0488
1.5600 0.4400 1.0564
1.5800 0.4400 1.0570
1.6000 0.4400 1.0596
1.6200 0.4400 1.0764
1.6400 0.4400 1.0940
1.6600 0.4400 1.0986
1.6800 0.4400 1.1014
1.7000 0.4400 1.1064
1.7200 0.4400 1.1036
1.7400 0.4400 1.1014
1.7600 0.4400 1.1010
1.7800 0.4400 1.0980
1.8000 0.4400 1.0956
1.8200 0.4400 1.0770
1.8400 0.4400 1.0754
1.8600 0.4400 1.0702
1.8800 0.4400 1.0764
1.9000 0.4400 1.0678
1.9200 0.4400 1.0706
1.9400 0.4400 1.0586
1.9600 0.4400 1.0580
1.9800 0.4400 1.0596
2.0000 0.4400 1.0596
2.0200 0.4400 1.0626
2.0400 0.4400 1.0678
2.0600 0.4400 1.0832
2.0800 0.4400 1.0836
2.1000 0.4400 1.0832
2.1200 0.4400 1.0702
2.1400 0.4400 1.0754
2.1600 0.4400 1.0666
2.1800 0.4400 1.0666
2.2000 0.4400 1.0832
2.2200 0.4400 1.0856
2.2400 0.4400 1.1014
2.2600 0.4400 1.1014
2.2800 0.4400 1.1036
2.3000 0.4400 1.1060
2.3200 0.4400 1.0980
2.3400 0.4400 1.0980
2.3600 0.4400 1.0986
2.3800 0.4400 1.0956
2.4000 0.4400 1.0832
2.4200 0.4400 1.0786
2.4400 0.4400 1.0666
2.4600 0.4400 1.0620
2.4800 0.4400 1.0512
2.5000 0.4400 1.0500
2.5200 0.4400 1.0564
2.5400 0.4400 1.0560
2.5600 0.4400 1.0492
2.5800 0.4400 1.0492
2.6000 0.4400 1.0570
2.6200 0.4400 1.0596
2.6400 0.4400 1.0702
2.6600 0.4400 1.0706
2.6800 0.4400 1.0570
2.7000 0.4400 1.0488
2.7200 0.4400 1.0448
2.7400 0.4400 1.0406
2.7600 0.4400 1.0296
2.7800 0.4400 1.0570
2.8000 0.4400 1.0596
2.8200 0.4400 1.0754
2.8400 0.4400 1.0754
2.8600 0.4400 1.0780
2.8800 0.4400 1.0754
2.9000 0.4400 1.0754
2.9200 0.4400 1.0754
2.9400 0.4400 1.0666
2.9600 0.4400 1.0754
2.9800 0.4400 1.0750
3.0000 0.4400 1.0750
3.0200 0.4400 1.0754
3.0400 0.4400 1.0750
3.0600 0.4400 1.0690
3.0800 0.4400 1.0666
3.1000 0.4400 1.0750
3.1200 0.4400 1.0690
3.1400 0.4400 1.0702
3.1600 0.4400 1.0666
3.1800 0.4400 1.0702
3.2000 0.4400 1.0564
3.2200 0.4400 1.0754
3.2400 0.4400 1.0754
3.2600 0.4400 1.0780
3.2800 0.4400 1.0906
3.3000 0.4400 1.0900
3.3200 0.4400 1.0900
3.3400 0.4400 1.0980
3.3600 0.4400 1.0980
3.3800 0.4400 1.0986
3.4000 0.4400 1.0980
3.4200 0.4400 1.0930
3.4400 0.4400 1.0980
3.4600 0.4400 1.0934
3.4800 0.4400 1.0900
3.5000 0.4400 1.0900
3.5200 0.4400 1.1088
3.5400 0.4400 1.2614
3.5600 0.4400 1.2620
3.5800 0.4400 1.2564
3.6000 0.4400 1.2620
3.6200 0.4400 1.2512
3.6400 0.4400 1.2488
3.6600 0.4400 1.2476
3.6800 0.4400 1.2372
3.7000 0.4400 1.2316
3.7200 0.4400 1.2320
3.7400 0.4400 1.2320
3.7600 0.4400 1.2262
3.7800 0.4400 1.2344
3.8000 0.4400 1.2344
3.8200 0.4400 1.2344
3.8400 0.4400 1.1950
3.8600 0.4400 1.0588
3.8800 0.4400 1.0522
3.9000 0.4400 1.0522
3.9200 0.4400 1.0586
3.9400 0.4400 1.0586
3.9600 0.4400 1.0560
3.9800 0.4400 1.0512
4.0000 0.4400 1.0430
4.0200 0.4400 1.0420
4.0400 0.4400 1.0396
4.0600 0.4400 1.0390
4.0800 0.4400 1.0366
4.1000 0.4400 1.0292
4.1200 0.4400 1.0220
4.1400 0.4400 1.0176
4.1600 0.4400 1.0176
4.1800 0.4400 1.0152
4.2000 0.4400 1.0152
4.2200 0.4400 1.0250
4.2400 0.4400 1.0226
4.2600 0.4400 1.0256
4.2800 0.4400 1.0292
4.3000 0.4400 1.0366
4.3200 0.4400 1.0366
4.3400 0.4400 1.0488
4.3600 0.4400 1.0564
4.3800 0.4400 1.0660
4.4000 0.4400 1.0620
4.4200 0.4400 1.0690
4.4400 0.4400 1.0780
4.4600 0.4400 1.0856
4.4800 0.4400 1.0826
4.5000 0.4400 1.0702
4.5200 0.4400 1.0610
4.5400 0.4400 1.0564
4.5600 0.4400 1.0564
4.5800 0.4400 1.0476
4.6000 0.4400 1.0476
4.6200 0.4400 1.0564
4.6400 0.4400 1.0564
4.6600 0.4400 1.0512
4.6800 0.4400 1.0326
4.7000 0.4400 1.0316
4.7200 0.4400 1.0316
4.7400 0.4400 1.0910
4.7600 0.4400 1.0884
4.7800 0.4400 1.0780
4.8000 0.4400 1.0666
4.8200 0.4400 1.0666
4.8400 0.4400 1.0666
4.8600 0.4400 1.0564
4.8800 0.4400 1.0316
4.9000 0.4400 1.0286
4.9200 0.4400 1.0250
4.9400 0.4400 1.0226
4.9600 0.4400 1.0176
4.9800 0.4400 1.0152
5.0000 0.4400 1.0152
5.0200 0.4400 1.0116
5.0400 0.4400 1.0204
5.0600 0.4400 1.0204
5.0800 0.4400 1.0256
5.1000 0.4400 1.0396
5.1200 0.4400 1.0110
5.1400 0.4400 1.0086
5.1600 0.4400 1.0110
5.1800 0.4400 1.0038
5.2000 0.4400 1.0002
5.2200 0.4400 0.9986
5.2400 0.4400 1.0286
5.2600 0.4400 1.0366
0.0000 0.4600 1.1010
0.0200 0.4600 1.1010
0.0400 0.4600 1.0980
0.0600 0.4600 1.0980
0.0800 0.4600 1.0980
0.1000 0.4600 1.0980
0.1200 0.4600 1.0946
0.1400 0.4600 1.0980
0.1600 0.4600 1.0980
0.1800 0.4600 1.1026
0.2000 0.4600 1.1026
0.2200 0.4600 1.1010
0.2400 0.4600 1.1050
0.2600 0.4600 1.1054
0.2800 0.4600 1.1030
0.3000 0.4600 1.1060
0.3200 0.4600 1.1104
0.3400 0.4600 1.1110
0.3600 0.4600 1.1126
0.3800 0.4600 1.1154
0.4000 0.4600 1.1150
0.4200 0.4600 1.1104
0.4400 0.4600 1.1104
0.4600 0.4600 1.1054
0.4800 0.4600 1.1104
0.5000 0.4600 1.1110
0.5200 0.4600 1.1126
0.5400 0.4600 1.1126
0.5600 0.4600 1.1176
0.5800 0.4600 1.1110
0.6000 0.4600 1.1080
0.6200 0.4600 1.1080
0.6400 0.4600 1.1104
0.6600 0.4600 1.1104
0.6800 0.4600 1.1080
0.7000 0.4600 1.1060
0.7200 0.4600 1.1026
0.7400 0.4600 1.0950
0.7600 0.4600 1.0946
0.7800 0.4600 2.3790
0.8000 0.4600 1.0900
0.8200 0.4600 1.0896
0.8400 0.4600 1.0946
0.8600 0.4600 1.0924
0.8800 0.4600 1.0930
0.9000 0.4600 1.0924
0.9200 0.4600 1.0946
0.9400 0.4600 1.0924
0.9600 0.4600 1.0874
0.9800 0.4600 1.0660
1.0000 0.4600 1.0690
1.0200 0.4600 1.0684
1.0400 0.4600 1.0604
1.0600 0.4600 1.0548
1.0800 0.4600 1.0674
1.1000 0.4600 1.0732
1.1200 0.4600 1.0644
1.1400 0.4600 1.0494
1.1600 0.4600 1.0454
1.1800 0.4600 1.0460
1.2000 0.4600 1.0494
1.2200 0.4600 1.0500
1.2400 0.4600 1.0414
1.2600 0.4600 1.0414
1.2800 0.4600 1.0494
1.3000 0.4600 1.0548
1.3200 0.4600 1.0484
1.3400 0.4600 1.0484
1.3600 0.4600 1.0494
1.3800 0.4600 1.0380
1.4000 0.4600 1.0356
1.4200 0.4600 1.0350
1.4400 0.4600 1.0244
1.4600 0.4600 1.0298
1.4800 0.4600 1.0350
1.5000 0.4600 1.0304
1.5200 0.4600 1.0274
1.5400 0.4600 1.0244
1.5600 0.4600 1.0304
1.5800 0.4600 1.0216
1.6000 0.4600 1.0194
1.6200 0.4600 1.0298
1.6400 0.4600 1.0478
1.6600 0.4600 1.0548
1.6800 0.4600 1.0582
1.7000 0.4600 1.0924
1.7200 0.4600 1.0930
1.7400 0.4600 1.0924
1.7600 0.4600 1.0896
1.7800 0.4600 1.0874
1.8000 0.4600 1.0826
1.8200 0.4600 1.0604
1.8400 0.4600 1.0548
1.8600 0.4600 1.0470
1.8800 0.4600 1.0384
1.9000 0.4600 1.0356
1.9200 0.4600 1.0380
1.9400 0.4600 1.0310
1.9600 0.4600 1.0244
1.9800 0.4600 1.0216
2.0000 0.4600 1.0216
2.0200 0.4600 1.0216
2.0400 0.4600 1.0216
2.0600 0.4600 1.0244
2.0800 0.4600 1.0244
2.1000 0.4600 1.0380
2.1200 0.4600 1.0484
2.1400 0.4600 1.0484
2.1600 0.4600 1.0384
2.1800 0.4600 1.0350
2.2000 0.4600 1.0484
2.2200 0.4600 1.0548
2.2400 0.4600 1.0844
2.2600 0.4600 1.0874
2.2800 0.4600 1.0896
2.3000 0.4600 1.0946
2.3200 0.4600 1.0844
2.3400 0.4600 1.0820
2.3600 0.4600 1.0770
2.3800 0.4600 1.0684
2.4000 0.4600 1.0576
2.4200 0.4600 1.0548
2.4400 0.4600 1.0500
2.4600 0.4600 1.0460
2.4800 0.4600 1.0384
2.5000 0.4600 1.0356
2.5200 0.4600 1.0384
2.5400 0.4600 1.0384
2.5600 0.4600 1.0200
2.5800 0.4600 1.0194
2.6000 0.4600 1.0200
2.6200 0.4600 1.0164
2.6400 0.4600 1.0210
2.6600 0.4600 1.0194
2.6800 0.4600 1.0164
2.7000 0.4600 1.0164
2.7200 0.4600 1.0104
2.7400 0.4600 1.0098
2.7600 0.4600 1.0014
2.7800 0.4600 1.0164
2.8000 0.4600 1.0188
2.8200 0.4600 1.0408
2.8400 0.4600 1.0454
2.8600 0.4600 1.0454
2.8800 0.4600 1.0408
2.9000 0.4600 1.0380
2.9200 0.4600 1.0380
2.9400 0.4600 1.0380
2.9600 0.4600 1.0542
2.9800 0.4600 1.0576
3.0000 0.4600 1.0564
3.0200 0.4600 1.0604
3.0400 0.4600 1.0548
3.0600 0.4600 1.0576
3.0800 0.4600 1.0560
3.1000 0.4600 1.0576
3.1200 0.4600 1.0548
3.1400 0.4600 1.0494
3.1600 0.4600 1.0460
3.1800 0.4600 1.0408
3.2000 0.4600 1.0384
3.2200 0.4600 1.0650
3.2400 0.4600 1.0604
3.2600 0.4600 1.0548
3.2800 0.4600 1.0732
3.3000 0.4600 1.0880
3.3200 0.4600 1.0850
3.3400 0.4600 1.0874
3.3600 0.4600 1.0896
3.3800 0.4600 1.0874
3.4000 0.4600 1.0874
3.4200 0.4600 1.0880
3.4400 0.4600 1.0896
3.4600 0.4600 1.0810
3.4800 0.4600 1.0766
3.5000 0.4600 1.0738
3.5200 0.4600 1.0848
3.5400 0.4600 1.2242
3.5600 0.4600 1.2360
3.5800 0.4600 1.2334
3.6000 0.4600 1.2414
3.6200 0.4600 1.2328
3.6400 0.4600 1.2220
3.6600 0.4600 1.2200
3.6800 0.4600 1.2134
3.7000 0.4600 1.2140
3.7200 0.4600 1.2134
3.7400 0.4600 1.2140
3.7600 0.4600 1.2134
3.7800 0.4600 1.2194
3.8000 0.4600 1.2214
3.8200 0.4600 1.2208
3.8400 0.4600 1.1286
3.8600 0.4600 1.0278
3.8800 0.4600 1.0340
3.9000 0.4600 1.0340
3.9200 0.4600 1.0334
3.9400 0.4600 1.0356
3.9600 0.4600 1.0334
3.9800 0.4600 1.0334
4.0000 0.4600 1.0328
4.0200 0.4600 1.0274
4.0400 0.4600 1.0244
4.0600 0.4600 1.0220
4.0800 0.4600 1.0216
4.1000 0.4600 1.0164
4.1200 0.4600 1.0110
4.1400 0.4600 1.0014
4.1600 0.4600 0.9986
4.1800 0.4600 0.9964
4.2000 0.4600 0.9964
4.2200 0.4600 0.9964
4.2400 0.4600 0.9952
4.2600 0.4600 1.0134
4.2800 0.4600 1.0110
4.3000 0.4600 1.0170
4.3200 0.4600 1.0188
4.3400 0.4600 1.0216
4.3600 0.4600 1.0244
4.3800 0.4600 1.0454
4.4000 0.4600 1.0460
4.4200 0.4600 1.0460
4.4400 0.4600 1.0548
4.4600 0.4600 1.0600
4.4800 0.4600 1.0576
4.5000 0.4600 1.0576
4.5200 0.4600 1.0494
4.5400 0.4600 1.0414
4.5600 0.4600 1.0384
4.5800 0.4600 1.0304
4.6000 0.4600 1.0244
4.6200 0.4600 1.0298
4.6400 0.4600 1.0274
4.6600 0.4600 1.0244
4.6800 0.4600 1.0188
4.7000 0.4600 1.0188
4.7200 0.4600 1.0164
4.7400 0.4600 1.0532
4.7600 0.4600 1.0600
4.7800 0.4600 1.0576
4.8000 0.4600 1.0564
4.8200 0.4600 1.0484
4.8400 0.4600 1.0484
4.8600 0.4600 1.0304
4.8800 0.4600 1.0188
4.9000 0.4600 1.0164
4.9200 0.4600 1.0038
4.9400 0.4600 0.9922
4.9600 0.4600 0.9838
4.9800 0.4600 0.9874
5.0000 0.4600 0.9838
5.0200 0.4600 0.9838
5.0400 0.4600 1.0074
5.0600 0.4600 1.0098
5.0800 0.4600 1.0164
5.1000 0.4600 1.0164
5.1200 0.4600 0.9874
5.1400 0.4600 0.9850
5.1600 0.4600 0.9862
5.1800 0.4600 0.9470
5.2000 0.4600 0.9438
5.2200 0.4600 0.9438
5.2400 0.4600 1.0200
5.2600 0.4600 1.0220
0.0000 0.4800 1.0912
0.0200 0.4800 1.0912
0.0400 0.4800 1.0888
0.0600 0.4800 1.0862
0.0800 0.4800 1.0888
0.1000 0.4800 1.0888
0.1200 0.4800 1.7310
0.1400 0.4800 1.0862
0.1600 0.4800 1.0862
0.1800 0.4800 1.0900
0.2000 0.4800 1.0888
0.2200 0.4800 1.0888
0.2400 0.4800 1.0900
0.2600 0.4800 1.0962
0.2800 0.4800 1.0962
0.3000 0.4800 1.0962
0.3200 0.4800 1.0980
0.3400 0.4800 1.1010
0.3600 0.4800 1.1010
0.3800 0.4800 1.1068
0.4000 0.4800 1.1018
0.4200 0.4800 1.0992
0.4400 0.4800 1.0992
0.4600 0.4800 1.0888
0.4800 0.4800 1.0992
0.5000 0.4800 1.0992
0.5200 0.4800 1.1018
0.5400 0.4800 1.1030
0.5600 0.4800 1.1042
0.5800 0.4800 1.0992
0.6000 0.4800 1.0962
0.6200 0.4800 1.0950
0.6400 0.4800 1.0992
0.6600 0.4800 1.1018
0.6800 0.4800 1.1018
0.7000 0.4800 1.0962
0.7200 0.4800 1.7310
0.7400 0.4800 1.0790
0.7600 0.4800 1.0758
0.7800 0.4800 1.0850
0.8000 0.4800 1.0832
0.8200 0.4800 1.0758
0.8400 0.4800 1.0778
0.8600 0.4800 1.0790
0.8800 0.4800 1.0696
0.9000 0.4800 1.0790
0.9200 0.4800 1.0714
0.9400 0.4800 1.0672
0.9600 0.4800 1.0696
0.9800 0.4800 1.0482
1.0000 0.4800 1.0440
1.0200 0.4800 1.0440
1.0400 0.4800 1.0402
1.0600 0.4800 1.0274
1.0800 0.4800 1.0304
1.1000 0.4800 1.0304
1.1200 0.4800 1.0274
1.1400 0.4800 1.0274
1.1600 0.4800 1.0232
1.1800 0.4800 1.0250
1.2000 0.4800 1.0262
1.2200 0.4800 1.0304
1.2400 0.4800 1.0232
1.2600 0.4800 1.0262
1.2800 0.4800 1.0348
1.3000 0.4800 1.0372
1.3200 0.4800 1.0304
1.3400 0.4800 1.0322
1.3600 0.4800 1.0292
1.3800 0.4800 1.0182
1.4000 0.4800 1.0208
1.4200 0.4800 1.0200
1.4400 0.4800 1.0122
1.4600 0.4800 1.0122
1.4800 0.4800 1.0152
1.5000 0.4800 1.0140
1.5200 0.4800 1.0140
1.5400 0.4800 1.0062
1.5600 0.4800 1.0152
1.5800 0.4800 1.0032
1.6000 0.4800 1.0002
1.6200 0.4800 1.0044
1.6400 0.4800 1.0122
1.6600 0.4800 1.0122
1.6800 0.4800 1.0152
1.7000 0.4800 1.0642
1.7200 0.4800 1.0696
1.7400 0.4800 1.0704
1.7600 0.4800 1.0696
1.7800 0.4800 1.0714
1.8000 0.4800 1.0630
1.8200 0.4800 1.0304
1.8400 0.4800 1.0274
1.8600 0.4800 1.0322
1.8800 0.4800 1.0250
1.9000 0.4800 1.0220
1.9200 0.4800 1.0232
1.9400 0.4800 1.0208
1.9600 0.4800 1.0164
1.9800 0.4800 1.0062
2.0000 0.4800 1.0032
2.0200 0.4800 1.0044
2.0400 0.4800 1.0014
2.0600 0.4800 1.0014
2.0800 0.4800 1.0014
2.1000 0.4800 1.0104
2.1200 0.4800 1.0232
2.1400 0.4800 1.0200
2.1600 0.4800 1.0164
2.1800 0.4800 1.0152
2.2000 0.4800 1.0232
2.2200 0.4800 1.0232
2.2400 0.4800 1.0532
2.2600 0.4800 1.0592
2.2800 0.4800 1.0672
2.3000 0.4800 1.0758
2.3200 0.4800 1.0672
2.3400 0.4800 1.0642
2.3600 0.4800 1.0592
2.3800 0.4800 1.0422
2.4000 0.4800 1.0330
2.4200 0.4800 1.0322
2.4400 0.4800 1.0292
2.4600 0.4800 1.0232
2.4800 0.4800 1.0208
2.5000 0.4800 1.0208
2.5200 0.4800 1.0220
2.5400 0.4800 1.0250
2.5600 0.4800 1.0074
2.5800 0.4800 1.0044
2.6000 0.4800 1.0044
2.6200 0.4800 0.9940
2.6400 0.4800 1.0002
2.6600 0.4800 1.0002
2.6800 0.4800 0.9978
2.7000 0.4800 1.0032
2.7200 0.4800 0.9952
2.7400 0.4800 0.9952
2.7600 0.4800 0.9880
2.7800 0.4800 0.9952
2.8000 0.4800 0.9952
2.8200 0.4800 1.0104
2.8400 0.4800 1.0122
2.8600 0.4800 1.0074
2.8800 0.4800 1.0074
2.9000 0.4800 1.0074
2.9200 0.4800 1.0122
2.9400 0.4800 1.0122
2.9600 0.4800 1.0220
2.9800 0.4800 1.0262
3.0000 0.4800 1.0262
3.0200 0.4800 1.0348
3.0400 0.4800 1.0274
3.0600 0.4800 1.0304
3.0800 0.4800 1.0322
3.1000 0.4800 1.0274
3.1200 0.4800 1.0274
3.1400 0.4800 1.0304
3.1600 0.4800 1.0322
3.1800 0.4800 1.0250
3.2000 0.4800 1.0262
3.2200 0.4800 1.0360
3.2400 0.4800 1.0348
3.2600 0.4800 1.0372
3.2800 0.4800 1.0402
3.3000 0.4800 1.0714
3.3200 0.4800 1.0714
3.3400 0.4800 1.0660
3.3600 0.4800 1.0714
3.3800 0.4800 1.0714
3.4000 0.4800 1.0714
3.4200 0.4800 1.0696
3.4400 0.4800 1.0696
3.4600 0.4800 1.0592
3.4800 0.4800 1.0568
3.5000 0.4800 1.0568
3.5200 0.4800 1.0568
3.5400 0.4800 1.1798
3.5600 0.4800 1.2262
3.5800 0.4800 1.2250
3.6000 0.4800 1.2232
3.6200 0.4800 1.2152
3.6400 0.4800 1.2110
3.6600 0.4800 1.2062
3.6800 0.4800 1.1952
3.7000 0.4800 1.1916
3.7200 0.4800 1.1952
3.7400 0.4800 1.1952
3.7600 0.4800 1.1796
3.7800 0.4800 1.1972
3.8000 0.4800 1.1972
3.8200 0.4800 1.1958
3.8400 0.4800 1.0556
3.8600 0.4800 1.0162
3.8800 0.4800 1.0232
3.9000 0.4800 1.0232
3.9200 0.4800 1.0220
3.9400 0.4800 1.0232
3.9600 0.4800 1.0208
3.9800 0.4800 1.0220
4.0000 0.4800 1.0200
4.0200 0.4800 1.0152
4.0400 0.4800 1.0182
4.0600 0.4800 1.0152
4.0800 0.4800 1.0122
4.1000 0.4800 1.0110
4.1200 0.4800 0.9990
4.1400 0.4800 0.9790
4.1600 0.4800 0.9790
4.1800 0.4800 0.9760
4.2000 0.4800 0.9652
4.2200 0.4800 0.9670
4.2400 0.4800 0.9604
4.2600 0.4800 0.9826
4.2800 0.4800 0.9826
4.3000 0.4800 1.0044
4.3200 0.4800 1.0062
4.3400 0.4800 1.0122
4.3600 0.4800 1.0110
4.3800 0.4800 1.0220
4.4000 0.4800 1.0232
4.4200 0.4800 1.0232
4.4400 0.4800 1.0292
4.4600 0.4800 1.0322
4.4800 0.4800 1.0304
4.5000 0.4800 1.0372
4.5200 0.4800 1.0274
4.5400 0.4800 1.0232
4.5600 0.4800 1.0232
4.5800 0.4800 1.0152
4.6000 0.4800 1.0122
4.6200 0.4800 1.0152
4.6400 0.4800 1.0152
4.6600 0.4800 1.0140
4.6800 0.4800 1.0014
4.7000 0.4800 1.0032
4.7200 0.4800 1.0032
4.7400 0.4800 1.0104
4.7600 0.4800 1.0274
4.7800 0.4800 1.0244
4.8000 0.4800 1.0232
4.8200 0.4800 1.0232
4.8400 0.4800 1.0232
4.8600 0.4800 1.0122
4.8800 0.4800 1.0002
4.9000 0.4800 1.0002
4.9200 0.4800 0.9604
4.9400 0.4800 0.9562
4.9600 0.4800 0.9640
4.9800 0.4800 0.9670
5.0000 0.4800 0.9724
5.0200 0.4800 0.9700
5.0400 0.4800 0.9862
5.0600 0.4800 0.9862
5.0800 0.4800 0.9960
5.1000 0.4800 0.9904
5.1200 0.4800 0.9604
5.1400 0.4800 0.9562
5.1600 0.4800 1.9956
5.1800 0.4800 0.9182
5.2000 0.4800 0.9170
5.2200 0.4800 0.9170
5.2400 0.4800 1.0092
5.2600 0.4800 1.0182
0.0000 0.5000 1.0770
0.0200 0.5000 1.0770
0.0400 0.5000 1.0750
0.0600 0.5000 1.0750
0.0800 0.5000 1.0750
0.1000 0.5000 1.0750
0.1200 0.5000 2.7000
0.1400 0.5000 1.0750
0.1600 0.5000 1.0690
0.1800 0.5000 1.0770
0.2000 0.5000 1.0750
0.2200 0.5000 1.0820
0.2400 0.5000 1.0850
0.2600 0.5000 1.0850
0.2800 0.5000 1.0820
0.3000 0.5000 1.0770
0.3200 0.5000 1.0820
0.3400 0.5000 1.0850
0.3600 0.5000 1.0880
0.3800 0.5000 1.0980
0.4000 0.5000 1.0820
0.4200 0.5000 1.0770
0.4400 0.5000 1.0770
0.4600 0.5000 1.0690
0.4800 0.5000 1.0770
0.5000 0.5000 2.7000
0.5200 0.5000 2.7000
0.5400 0.5000 1.0820
0.5600 0.5000 1.0770
0.5800 0.5000 1.0660
0.6000 0.5000 1.0660
0.6200 0.5000 1.0660
0.6400 0.5000 2.7000
0.6600 0.5000 1.0770
0.6800 0.5000 1.0770
0.7000 0.5000 2.7000
0.7200 0.5000 1.0690
0.7400 0.5000 1.0660
0.7600 0.5000 1.0660
0.7800 0.5000 1.0690
0.8000 0.5000 1.0500
0.8200 0.5000 1.0360
0.8400 0.5000 1.0340
0.8600 0.5000 1.0420
0.8800 0.5000 1.0420
0.9000 0.5000 1.0420
0.9200 0.5000 1.0280
0.9400 0.5000 1.0280
0.9600 0.5000 1.0250
0.9800 0.5000 1.0200
1.0000 0.5000 1.0220
1.0200 0.5000 1.0220
1.0400 0.5000 1.0250
1.0600 0.5000 1.0200
1.0800 0.5000 1.0170
1.1000 0.5000 1.0170
1.1200 0.5000 1.0080
1.1400 0.5000 1.0110
1.1600 0.5000 0.9990
1.1800 0.5000 1.0050
1.2000 0.5000 0.9990
1.2200 0.5000 0.9880
1.2400 0.5000 0.9990
1.2600 0.5000 1.0020
1.2800 0.5000 1.0140
1.3000 0.5000 1.0200
1.3200 0.5000 1.0110
1.3400 0.5000 1.0110
1.3600 0.5000 1.0110
1.3800 0.5000 0.9700
1.4000 0.5000 0.9760
1.4200 0.5000 0.9790
1.4400 0.5000 0.9850
1.4600 0.5000 0.9790
1.4800 0.5000 0.9970
1.5000 0.5000 0.9940
1.5200 0.5000 0.9940
1.5400 0.5000 0.9940
1.5600 0.5000 0.9880
1.5800 0.5000 0.9880
1.6000 0.5000 0.9850
1.6200 0.5000 0.9850
1.6400 0.5000 0.9790
1.6600 0.5000 0.9790
1.6800 0.5000 0.9880
1.7000 0.5000 1.0220
1.7200 0.5000 1.0220
1.7400 0.5000 1.0280
1.7600 0.5000 1.0310
1.7800 0.5000 1.0360
1.8000 0.5000 1.0250
1.8200 0.5000 1.0080
1.8400 0.5000 1.0080
1.8600 0.5000 1.0170
1.8800 0.5000 1.0140
1.9000 0.5000 1.0110
1.9200 0.5000 1.0110
1.9400 0.5000 1.0080
1.9600 0.5000 1.0020
1.9800 0.5000 0.9850
2.0000 0.5000 0.9790
2.0200 0.5000 0.9850
2.0400 0.5000 0.9700
2.0600 0.5000 0.9670
2.0800 0.5000 0.9670
2.1000 0.5000 0.9550
2.1200 0.5000 0.9790
2.1400 0.5000 0.9970
2.1600 0.5000 0.9850
2.1800 0.5000 0.9790
2.2000 0.5000 1.0080
2.2200 0.5000 1.0050
2.2400 0.5000 1.0200
2.2600 0.5000 1.0200
2.2800 0.5000 1.0340
2.3000 0.5000 1.0390
2.3200 0.5000 1.0390
2.3400 0.5000 1.0390
2.3600 0.5000 1.0250
2.3800 0.5000 1.0170
2.4000 0.5000 1.0140
2.4200 0.5000 1.0140
2.4400 0.5000 1.0110
2.4600 0.5000 1.0050
2.4800 0.5000 0.9970
2.5000 0.5000 1.0020
2.5200 0.5000 0.9670
2.5400 0.5000 0.9700
2.5600 0.5000 0.9450
2.5800 0.5000 0.9490
2.6000 0.5000 0.9640
2.6200 0.5000 0.9850
2.6400 0.5000 0.9880
2.6600 0.5000 0.9880
2.6800 0.5000 0.9970
2.7000 0.5000 0.9940
2.7200 0.5000 0.9880
2.7400 0.5000 0.9880
2.7600 0.5000 0.9940
2.7800 0.5000 0.9760
2.8000 0.5000 0.9790
2.8200 0.5000 0.9700
2.8400 0.5000 0.9700
2.8600 0.5000 0.9670
2.8800 0.5000 0.9670
2.9000 0.5000 0.9700
2.9200 0.5000 0.9760
2.9400 0.5000 0.9850
2.9600 0.5000 0.9970
2.9800 0.5000 0.9990
3.0000 0.5000 0.9990
3.0200 0.5000 1.0110
3.0400 0.5000 0.9790
3.0600 0.5000 0.9940
3.0800 0.5000 0.9940
3.1000 0.5000 0.9850
3.1200 0.5000 0.9940
3.1400 0.5000 1.0110
3.1600 0.5000 1.0140
3.1800 0.5000 1.0140
3.2000 0.5000 1.0110
3.2200 0.5000 1.0170
3.2400 0.5000 1.0170
3.2600 0.5000 1.0170
3.2800 0.5000 1.0220
3.3000 0.5000 1.0360
3.3200 0.5000 1.0390
3.3400 0.5000 1.0470
3.3600 0.5000 1.0500
3.3800 0.5000 1.0560
3.4000 0.5000 1.0560
3.4200 0.5000 1.0470
3.4400 0.5000 1.0470
3.4600 0.5000 1.0250
3.4800 0.5000 1.0250
3.5000 0.5000 1.0250
3.5200 0.5000 1.0240
3.5400 0.5000 1.1410
3.5600 0.5000 1.2140
3.5800 0.5000 1.2140
3.6000 0.5000 1.1940
3.6200 0.5000 1.1880
3.6400 0.5000 1.1880
3.6600 0.5000 1.1790
3.6800 0.5000 1.1760
3.7000 0.5000 1.1640
3.7200 0.5000 1.1640
3.7400 0.5000 1.1580
3.7600 0.5000 1.1360
3.7800 0.5000 1.1360
3.8000 0.5000 1.1010
3.8200 0.5000 1.0890
3.8400 0.5000 0.9490
3.8600 0.5000 0.9950
3.8800 0.5000 1.0080
3.9000 0.5000 1.0110
3.9200 0.5000 1.0170
3.9400 0.5000 1.0140
3.9600 0.5000 1.0110
3.9800 0.5000 1.0110
4.0000 0.5000 1.0050
4.0200 0.5000 0.9970
4.0400 0.5000 0.9990
4.0600 0.5000 0.9990
4.0800 0.5000 0.9880
4.1000 0.5000 0.9940
4.1200 0.5000 0.9700
4.1400 0.5000 0.9580
4.1600 0.5000 0.9640
4.1800 0.5000 0.9450
4.2000 0.5000 0.9390
4.2200 0.5000 0.9450
4.2400 0.5000 0.9420
4.2600 0.5000 0.9490
4.2800 0.5000 0.9580
4.3000 0.5000 0.9700
4.3200 0.5000 0.9760
4.3400 0.5000 0.9670
4.3600 0.5000 0.9850
4.3800 0.5000 1.0020
4.4000 0.5000 1.0050
4.4200 0.5000 1.0170
4.4400 0.5000 1.0200
4.4600 0.5000 1.0200
4.4800 0.5000 1.0200
4.5000 0.5000 1.0250
4.5200 0.5000 1.0170
4.5400 0.5000 1.0110
4.5600 0.5000 1.0110
4.5800 0.5000 1.0050
4.6000 0.5000 1.0020
4.6200 0.5000 0.9970
4.6400 0.5000 0.9970
4.6600 0.5000 0.9990
4.6800 0.5000 0.9790
4.7000 0.5000 0.9790
4.7200 0.5000 0.9850
4.7400 0.5000 0.9360
4.7600 0.5000 0.9450
4.7800 0.5000 0.9360
4.8000 0.5000 0.9850
4.8200 0.5000 0.9850
4.8400 0.5000 0.9850
4.8600 0.5000 0.9940
4.8800 0.5000 0.9790
4.9000 0.5000 0.9760
4.9200 0.5000 0.9420
4.9400 0.5000 0.9490
4.9600 0.5000 0.9550
4.9800 0.5000 0.9580
5.0000 0.5000 0.9490
5.0200 0.5000 0.9450
5.0400 0.5000 0.9640
5.0600 0.5000 0.9580
5.0800 0.5000 0.9580
5.1000 0.5000 0.9760
5.1200 0.5000 0.9270
5.1400 0.5000 0.9270
5.1600 0.5000 0.9200
5.1800 0.5000 0.9010
5.2000 0.5000 0.9040
5.2200 0.5000 0.9040
5.2400 0.5000 0.9420
5.2600 0.5000 0.9880
0.0000 0.5200 1.0590
0.0200 0.5200 1.0640
0.0400 0.5200 1.0598
0.0600 0.5200 1.0580
0.0800 0.5200 1.0610
0.1000 0.5200 1.0610
0.1200 0.5200 1.0598
0.1400 0.5200 1.0560
0.1600 0.5200 1.0536
0.1800 0.5200 1.0572
0.2000 0.5200 1.0572
0.2200 0.5200 1.7196
0.2400 0.5200 1.0726
0.2600 0.5200 1.0678
0.2800 0.5200 1.0660
0.3000 0.5200 1.7196
0.3200 0.5200 2.0464
0.3400 0.5200 2.0464
0.3600 0.5200 1.0660
0.3800 0.5200 1.0762
0.4000 0.5200 1.0610
0.4200 0.5200 1.0536
0.4400 0.5200 1.0536
0.4600 0.5200 1.0450
0.4800 0.5200 1.0438
0.5000 0.5200 1.0488
0.5200 0.5200 1.0468
0.5400 0.5200 1.0572
0.5600 0.5200 1.0488
0.5800 0.5200 1.0352
0.6000 0.5200 1.0352
0.6200 0.5200 1.0340
0.6400 0.5200 1.0370
0.6600 0.5200 1.0304
0.6800 0.5200 1.0304
0.7000 0.5200 1.0304
0.7200 0.5200 1.0388
0.7400 0.5200 1.0388
0.7600 0.5200 1.0396
0.7800 0.5200 1.0316
0.8000 0.5200 1.0176
0.8200 0.5200 1.0056
0.8400 0.5200 1.0074
0.8600 0.5200 1.0086
0.8800 0.5200 1.0104
0.9000 0.5200 1.0074
0.9200 0.5200 0.9946
0.9400 0.5200 0.9832
0.9600 0.5200 0.9922
0.9800 0.5200 0.9754
1.0000 0.5200 0.9790
1.0200 0.5200 0.9880
1.0400 0.5200 1.0018
1.0600 0.5200 0.9970
1.0800 0.5200 0.9844
1.1000 0.5200 0.9754
1.1200 0.5200 0.9634
1.1400 0.5200 0.9604
1.1600 0.5200 0.9396
1.1800 0.5200 0.9414
1.2000 0.5200 0.9366
1.2200 0.5200 0.9318
1.2400 0.5200 0.9336
1.2600 0.5200 0.9306
1.2800 0.5200 0.9528
1.3000 0.5200 0.9652
1.3200 0.5200 0.9462
1.3400 0.5200 0.9414
1.3600 0.5200 0.9384
1.3800 0.5200 0.9240
1.4000 0.5200 0.9288
1.4200 0.5200 0.9318
1.4400 0.5200 0.9526
1.4600 0.5200 0.9568
1.4800 0.5200 0.9700
1.5000 0.5200 0.9640
1.5200 0.5200 0.9640
1.5400 0.5200 0.9688
1.5600 0.5200 0.9640
1.5800 0.5200 0.9688
1.6000 0.5200 0.9688
1.6200 0.5200 0.9688
1.6400 0.5200 0.9616
1.6600 0.5200 0.9580
1.6800 0.5200 0.9568
1.7000 0.5200 0.9814
1.7200 0.5200 0.9754
1.7400 0.5200 0.9790
1.7600 0.5200 0.9868
1.7800 0.5200 0.9796
1.8000 0.5200 0.9832
1.8200 0.5200 0.9616
1.8400 0.5200 0.9658
1.8600 0.5200 0.9970
1.8800 0.5200 0.9934
1.9000 0.5200 0.9868
1.9200 0.5200 0.9868
1.9400 0.5200 0.9868
1.9600 0.5200 0.9868
1.9800 0.5200 0.9700
2.0000 0.5200 0.9670
2.0200 0.5200 0.9700
2.0400 0.5200 0.9580
2.0600 0.5200 0.9580
2.0800 0.5200 0.9568
2.1000 0.5200 0.9318
2.1200 0.5200 0.9224
2.1400 0.5200 0.9242
2.1600 0.5200 0.9224
2.1800 0.5200 0.9212
2.2000 0.5200 0.9498
2.2200 0.5200 0.9658
2.2400 0.5200 0.9934
2.2600 0.5200 0.9904
2.2800 0.5200 1.0074
2.3000 0.5200 1.0116
2.3200 0.5200 1.0200
2.3400 0.5200 1.0176
2.3600 0.5200 1.0086
2.3800 0.5200 0.9982
2.4000 0.5200 0.9916
2.4200 0.5200 0.9904
2.4400 0.5200 0.9778
2.4600 0.5200 0.9604
2.4800 0.5200 0.9366
2.5000 0.5200 0.9336
2.5200 0.5200 0.9188
2.5400 0.5200 1.9856
2.5600 0.5200 0.9158
2.5800 0.5200 1.9856
2.6000 0.5200 0.9212
2.6200 0.5200 0.9450
2.6400 0.5200 0.9724
2.6600 0.5200 0.9778
2.6800 0.5200 0.9826
2.7000 0.5200 0.9826
2.7200 0.5200 0.9736
2.7400 0.5200 0.9736
2.7600 0.5200 0.9826
2.7800 0.5200 0.9688
2.8000 0.5200 0.9790
2.8200 0.5200 0.9700
2.8400 0.5200 0.9688
2.8600 0.5200 0.9580
2.8800 0.5200 0.9640
2.9000 0.5200 0.9580
2.9200 0.5200 0.9580
2.9400 0.5200 0.9640
2.9600 0.5200 0.9526
2.9800 0.5200 0.9616
3.0000 0.5200 0.9634
3.0200 0.5200 0.9474
3.0400 0.5200 0.9318
3.0600 0.5200 0.9360
3.0800 0.5200 0.9348
3.1000 0.5200 0.9318
3.1200 0.5200 0.9438
3.1400 0.5200 0.9604
3.1600 0.5200 0.9634
3.1800 0.5200 0.9516
3.2000 0.5200 0.9676
3.2200 0.5200 1.0000
3.2400 0.5200 0.9970
3.2600 0.5200 0.9904
3.2800 0.5200 1.0098
3.3000 0.5200 1.0188
3.3200 0.5200 1.0188
3.3400 0.5200 1.0212
3.3600 0.5200 1.0286
3.3800 0.5200 1.0316
3.4000 0.5200 1.0328
3.4200 0.5200 1.0268
3.4400 0.5200 1.0212
3.4600 0.5200 1.0110
3.4800 0.5200 1.0128
3.5000 0.5200 1.0128
3.5200 0.5200 1.0138
3.5400 0.5200 1.0844
3.5600 0.5200 1.1916
3.5800 0.5200 1.1868
3.6000 0.5200 1.1568
3.6200 0.5200 1.1616
3.6400 0.5200 1.1544
3.6600 0.5200 1.1568
3.6800 0.5200 1.1474
3.7000 0.5200 1.1336
3.7200 0.5200 1.1318
3.7400 0.5200 1.1300
3.7600 0.5200 1.1188
3.7800 0.5200 1.1148
3.8000 0.5200 1.0280
3.8200 0.5200 1.0018
3.8400 0.5200 0.9090
3.8600 0.5200 0.9288
3.8800 0.5200 0.9450
3.9000 0.5200 0.9580
3.9200 0.5200 0.9946
3.9400 0.5200 0.9904
3.9600 0.5200 0.9754
3.9800 0.5200 0.9814
4.0000 0.5200 0.9604
4.0200 0.5200 0.9544
4.0400 0.5200 0.9616
4.0600 0.5200 0.9616
4.0800 0.5200 0.9580
4.1000 0.5200 0.9604
4.1200 0.5200 0.9396
4.1400 0.5200 0.9288
4.1600 0.5200 0.9288
4.1800 0.5200 0.9258
4.2000 0.5200 0.9270
4.2200 0.5200 0.9348
4.2400 0.5200 0.9318
4.2600 0.5200 0.9450
4.2800 0.5200 0.9450
4.3000 0.5200 0.9348
4.3200 0.5200 0.9348
4.3400 0.5200 0.9378
4.3600 0.5200 0.9426
4.3800 0.5200 0.9616
4.4000 0.5200 0.9604
4.4200 0.5200 0.9904
4.4400 0.5200 0.9970
4.4600 0.5200 1.0026
4.4800 0.5200 1.0068
4.5000 0.5200 1.0110
4.5200 0.5200 1.0098
4.5400 0.5200 1.0008
4.5600 0.5200 0.9982
4.5800 0.5200 0.9970
4.6000 0.5200 0.9940
4.6200 0.5200 0.9850
4.6400 0.5200 0.9778
4.6600 0.5200 0.9850
4.6800 0.5200 0.9640
4.7000 0.5200 0.9670
4.7200 0.5200 0.9700
4.7400 0.5200 0.9128
4.7600 0.5200 0.8998
4.7800 0.5200 0.8968
4.8000 0.5200 0.9300
4.8200 0.5200 0.9300
4.8400 0.5200 0.9288
4.8600 0.5200 0.9616
4.8800 0.5200 0.9526
4.9000 0.5200 0.9474
4.9200 0.5200 0.9378
4.9400 0.5200 0.9474
4.9600 0.5200 0.9408
4.9800 0.5200 0.9408
5.0000 0.5200 0.9288
5.0200 0.5200 0.9258
5.0400 0.5200 0.9378
5.0600 0.5200 0.9348
5.0800 0.5200 0.9438
5.1000 0.5200 0.9568
5.1200 0.5200 0.9158
5.1400 0.5200 0.9140
5.1600 0.5200 0.9098
5.1800 0.5200 0.8880
5.2000 0.5200 0.8880
5.2200 0.5200 0.8868
5.2400 0.5200 0.9140
5.2600 0.5200 0.9366
0.0000 0.5400 1.0344
0.0200 0.5400 1.0390
0.0400 0.5400 1.0512
0.0600 0.5400 1.0560
0.0800 0.5400 1.0500
0.1000 0.5400 1.0476
0.1200 0.5400 1.0500
0.1400 0.5400 1.0366
0.1600 0.5400 1.0316
0.1800 0.5400 1.0292
0.2000 0.5400 1.0316
0.2200 0.5400 1.0430
0.2400 0.5400 1.0560
0.2600 0.5400 1.0564
0.2800 0.5400 2.3712
0.3000 0.5400 1.0512
0.3200 0.5400 1.0564
0.3400 0.5400 1.0564
0.3600 0.5400 2.3712
0.3800 0.5400 1.3848
0.4000 0.5400 1.0396
0.4200 0.5400 1.0316
0.4400 0.5400 1.0316
0.4600 0.5400 1.0250
0.4800 0.5400 1.0256
0.5000 0.5400 1.0286
0.5200 0.5400 1.0256
0.5400 0.5400 1.0316
0.5600 0.5400 1.0286
0.5800 0.5400 1.0176
0.6000 0.5400 1.0146
0.6200 0.5400 1.0140
0.6400 0.5400 1.0140
0.6600 0.5400 1.0062
0.6800 0.5400 1.0056
0.7000 0.5400 1.0002
0.7200 0.5400 1.0032
0.7400 0.5400 1.0008
0.7600 0.5400 0.9992
0.7800 0.5400 1.0002
0.8000 0.5400 0.9718
0.8200 0.5400 0.9556
0.8400 0.5400 0.9592
0.8600 0.5400 0.9592
0.8800 0.5400 0.9556
0.9000 0.5400 0.9458
0.9200 0.5400 0.9426
0.9400 0.5400 0.9366
0.9600 0.5400 0.9396
0.9800 0.5400 0.9306
1.0000 0.5400 0.9360
1.0200 0.5400 0.9360
1.0400 0.5400 0.9366
1.0600 0.5400 0.9396
1.0800 0.5400 0.9390
1.1000 0.5400 0.9360
1.1200 0.5400 0.9300
1.1400 0.5400 0.9246
1.1600 0.5400 0.9240
1.1800 0.5400 0.9200
1.2000 0.5400 0.9240
1.2200 0.5400 0.9208
1.2400 0.5400 0.9176
1.2600 0.5400 0.9170
1.2800 0.5400 0.9240
1.3000 0.5400 0.9176
1.3200 0.5400 0.9176
1.3400 0.5400 0.9170
1.3600 0.5400 0.9146
1.3800 0.5400 0.9140
1.4000 0.5400 0.9146
1.4200 0.5400 0.9170
1.4400 0.5400 0.9276
1.4600 0.5400 0.9366
1.4800 0.5400 0.9550
1.5000 0.5400 0.9556
1.5200 0.5400 0.9550
1.5400 0.5400 0.9450
1.5600 0.5400 0.9556
1.5800 0.5400 0.9502
1.6000 0.5400 0.9490
1.6200 0.5400 0.9426
1.6400 0.5400 0.9426
1.6600 0.5400 0.9390
1.6800 0.5400 0.9336
1.7000 0.5400 0.9396
1.7200 0.5400 0.9330
1.7400 0.5400 0.9208
1.7600 0.5400 0.9176
1.7800 0.5400 0.9170
1.8000 0.5400 0.9246
1.8200 0.5400 0.9306
1.8400 0.5400 0.9336
1.8600 0.5400 0.9470
1.8800 0.5400 0.9712
1.9000 0.5400 0.9670
1.9200 0.5400 0.9676
1.9400 0.5400 0.9700
1.9600 0.5400 0.9712
1.9800 0.5400 0.9640
2.0000 0.5400 0.9580
2.0200 0.5400 0.9550
2.0400 0.5400 0.9502
2.0600 0.5400 0.9550
2.0800 0.5400 0.9458
2.1000 0.5400 0.9324
2.1200 0.5400 0.9080
2.1400 0.5400 0.9016
2.1600 0.5400 0.8986
2.1800 0.5400 0.8956
2.2000 0.5400 0.9140
2.2200 0.5400 0.9246
2.2400 0.5400 0.9372
2.2600 0.5400 0.9318
2.2800 0.5400 0.9410
2.3000 0.5400 0.9568
2.3200 0.5400 0.9980
2.3400 0.5400 0.9898
2.3600 0.5400 0.9712
2.3800 0.5400 0.9592
2.4000 0.5400 0.9556
2.4200 0.5400 0.9502
2.4400 0.5400 0.9426
2.4600 0.5400 0.9270
2.4800 0.5400 0.9170
2.5000 0.5400 0.9140
2.5200 0.5400 2.3408
2.5400 0.5400 0.9010
2.5600 0.5400 0.8856
2.5800 0.5400 0.8856
2.6000 0.5400 0.8986
2.6200 0.5400 0.9092
2.6400 0.5400 0.9246
2.6600 0.5400 0.9214
2.6800 0.5400 0.9318
2.7000 0.5400 0.9318
2.7200 0.5400 0.9342
2.7400 0.5400 0.9342
2.7600 0.5400 0.9348
2.7800 0.5400 0.9372
2.8000 0.5400 0.9502
2.8200 0.5400 0.9766
2.8400 0.5400 0.9676
2.8600 0.5400 0.9502
2.8800 0.5400 0.9458
2.9000 0.5400 0.9490
2.9200 0.5400 0.9490
2.9400 0.5400 0.9450
2.9600 0.5400 0.9360
2.9800 0.5400 0.9396
3.0000 0.5400 0.9396
3.0200 0.5400 0.9300
3.0400 0.5400 0.9246
3.0600 0.5400 0.9240
3.0800 0.5400 0.9240
3.1000 0.5400 0.9240
3.1200 0.5400 0.9300
3.1400 0.5400 0.9246
3.1600 0.5400 0.9240
3.1800 0.5400 0.9170
3.2000 0.5400 0.9208
3.2200 0.5400 0.9378
3.2400 0.5400 0.9318
3.2600 0.5400 0.9342
3.2800 0.5400 0.9598
3.3000 0.5400 0.9868
3.3200 0.5400 0.9868
3.3400 0.5400 1.0002
3.3600 0.5400 1.0086
3.3800 0.5400 1.0146
3.4000 0.5400 1.0176
3.4200 0.5400 1.0116
3.4400 0.5400 1.0026
3.4600 0.5400 0.9946
3.4800 0.5400 0.9802
3.5000 0.5400 0.9802
3.5200 0.5400 0.9812
3.5400 0.5400 1.0274
3.5600 0.5400 1.1546
3.5800 0.5400 1.1502
3.6000 0.5400 1.1426
3.6200 0.5400 1.1426
3.6400 0.5400 1.1390
3.6600 0.5400 1.1366
3.6800 0.5400 1.1246
3.7000 0.5400 1.1176
3.7200 0.5400 1.1146
3.7400 0.5400 1.1140
3.7600 0.5400 1.1078
3.7800 0.5400 2.2982
3.8000 0.5400 0.9374
3.8200 0.5400 0.9124
3.8400 0.5400 0.8766
3.8600 0.5400 0.8992
3.8800 0.5400 0.9048
3.9000 0.5400 0.9024
3.9200 0.5400 0.9214
3.9400 0.5400 0.9214
3.9600 0.5400 0.9246
3.9800 0.5400 0.9276
4.0000 0.5400 0.9336
4.0200 0.5400 0.9306
4.0400 0.5400 0.9360
4.0600 0.5400 0.9336
4.0800 0.5400 0.9396
4.1000 0.5400 0.9246
4.1200 0.5400 2.3422
4.1400 0.5400 0.9054
4.1600 0.5400 0.9024
4.1800 0.5400 0.9116
4.2000 0.5400 0.9146
4.2200 0.5400 0.9240
4.2400 0.5400 0.9208
4.2600 0.5400 0.9300
4.2800 0.5400 0.9360
4.3000 0.5400 0.9270
4.3200 0.5400 0.9246
4.3400 0.5400 0.9270
4.3600 0.5400 0.9240
4.3800 0.5400 0.9360
4.4000 0.5400 0.9336
4.4200 0.5400 0.9312
4.4400 0.5400 0.9458
4.4600 0.5400 0.9592
4.4800 0.5400 0.9646
4.5000 0.5400 0.9802
4.5200 0.5400 0.9778
4.5400 0.5400 0.9802
4.5600 0.5400 0.9790
4.5800 0.5400 0.9718
4.6000 0.5400 0.9760
4.6200 0.5400 0.9760
4.6400 0.5400 0.9700
4.6600 0.5400 0.9712
4.6800 0.5400 0.9550
4.7000 0.5400 0.9490
4.7200 0.5400 0.9502
4.7400 0.5400 0.9040
4.7600 0.5400 0.8850
4.7800 0.5400 0.8756
4.8000 0.5400 0.9176
4.8200 0.5400 0.9208
4.8400 0.5400 0.9200
4.8600 0.5400 0.9396
4.8800 0.5400 0.9306
4.9000 0.5400 0.9300
4.9200 0.5400 0.9276
4.9400 0.5400 0.9246
4.9600 0.5400 0.9240
4.9800 0.5400 0.9208
5.0000 0.5400 2.3416
5.0200 0.5400 0.8876
5.0400 0.5400 2.3428
5.0600 0.5400 2.3422
5.0800 0.5400 0.9306
5.1000 0.5400 0.9396
5.1200 0.5400 0.9016
5.1400 0.5400 0.8986
5.1600 0.5400 0.8950
5.1800 0.5400 0.8750
5.2000 0.5400 0.8750
5.2200 0.5400 0.8694
5.2400 0.5400 0.8856
5.2600 0.5400 0.9146
0.0000 0.5600 1.0244
0.0200 0.5600 1.0274
0.0400 0.5600 1.0384
0.0600 0.5600 1.0356
0.0800 0.5600 1.0384
0.1000 0.5600 1.0420
0.1200 0.5600 1.0356
0.1400 0.5600 1.0250
0.1600 0.5600 1.0164
0.1800 0.5600 1.0200
0.2000 0.5600 1.0216
0.2200 0.5600 1.0244
0.2400 0.5600 1.0298
0.2600 0.5600 1.0304
0.2800 0.5600 1.0298
0.3000 0.5600 1.0274
0.3200 0.5600 1.0298
0.3400 0.5600 1.0298
0.3600 0.5600 1.0334
0.3800 0.5600 1.0328
0.4000 0.5600 1.0244
0.4200 0.5600 1.0200
0.4400 0.5600 1.0200
0.4600 0.5600 1.0170
0.4800 0.5600 1.0164
0.5000 0.5600 1.0216
0.5200 0.5600 1.0200
0.5400 0.5600 1.0216
0.5600 0.5600 1.0164
0.5800 0.5600 1.0044
0.6000 0.5600 1.0014
0.6200 0.5600 0.9986
0.6400 0.5600 0.9986
0.6600 0.5600 0.9790
0.6800 0.5600 0.9850
0.7000 0.5600 0.9694
0.7200 0.5600 0.9664
0.7400 0.5600 0.9450
0.7600 0.5600 0.9450
0.7800 0.5600 0.9550
0.8000 0.5600 0.9482
0.8200 0.5600 0.9384
0.8400 0.5600 0.9414
0.8600 0.5600 0.9414
0.8800 0.5600 0.9414
0.9000 0.5600 0.9426
0.9200 0.5600 0.9324
0.9400 0.5600 0.9324
0.9600 0.5600 0.9360
0.9800 0.5600 0.9270
1.0000 0.5600 0.9300
1.0200 0.5600 0.9300
1.0400 0.5600 0.9264
1.0600 0.5600 0.9240
1.0800 0.5600 0.9264
1.1000 0.5600 0.9240
1.1200 0.5600 0.9170
1.1400 0.5600 0.9170
1.1600 0.5600 0.9194
1.1800 0.5600 0.9170
1.2000 0.5600 0.9170
1.2200 0.5600 0.9200
1.2400 0.5600 0.9164
1.2600 0.5600 0.9140
1.2800 0.5600 0.9140
1.3000 0.5600 0.9072
1.3200 0.5600 0.9010
1.3400 0.5600 0.9010
1.3600 0.5600 0.9004
1.3800 0.5600 0.8950
1.4000 0.5600 0.8874
1.4200 0.5600 2.3370
1.4400 0.5600 2.3376
1.4600 0.5600 1.2632
1.4800 0.5600 0.9226
1.5000 0.5600 0.9348
1.5200 0.5600 0.9372
1.5400 0.5600 0.9294
1.5600 0.5600 0.9384
1.5800 0.5600 0.9324
1.6000 0.5600 0.9300
1.6200 0.5600 0.9324
1.6400 0.5600 0.9330
1.6600 0.5600 0.9270
1.6800 0.5600 0.9270
1.7000 0.5600 0.9264
1.7200 0.5600 0.9232
1.7400 0.5600 0.9104
1.7600 0.5600 0.9080
1.7800 0.5600 0.9040
1.8000 0.5600 0.9104
1.8200 0.5600 0.9134
1.8400 0.5600 0.9164
1.8600 0.5600 0.9240
1.8800 0.5600 0.9538
1.9000 0.5600 0.9408
1.9200 0.5600 0.9408
1.9400 0.5600 0.9408
1.9600 0.5600 0.9378
1.9800 0.5600 0.9348
2.0000 0.5600 0.9348
2.0200 0.5600 0.9354
2.0400 0.5600 0.9324
2.0600 0.5600 0.9324
2.0800 0.5600 0.9324
2.1000 0.5600 0.9294
2.1200 0.5600 0.9040
2.1400 0.5600 0.8874
2.1600 0.5600 0.8874
2.1800 0.5600 0.8780
2.2000 0.5600 1.2560
2.2200 0.5600 1.2560
2.2400 0.5600 0.9128
2.2600 0.5600 0.9134
2.2800 0.5600 0.9170
2.3000 0.5600 0.9264
2.3200 0.5600 0.9538
2.3400 0.5600 0.9538
2.3600 0.5600 0.9450
2.3800 0.5600 0.9390
2.4000 0.5600 0.9300
2.4200 0.5600 0.9294
2.4400 0.5600 0.9240
2.4600 0.5600 0.9164
2.4800 0.5600 0.9072
2.5000 0.5600 0.9040
2.5200 0.5600 0.8950
2.5400 0.5600 1.2560
2.5600 0.5600 0.8780
2.5800 0.5600 0.8780
2.6000 0.5600 0.8880
2.6200 0.5600 0.8880
2.6400 0.5600 0.8874
2.6600 0.5600 0.8774
2.6800 0.5600 2.3370
2.7000 0.5600 2.3376
2.7200 0.5600 2.3376
2.7400 0.5600 1.2560
2.7600 0.5600 1.2560
2.7800 0.5600 0.9028
2.8000 0.5600 0.9158
2.8200 0.5600 0.9348
2.8400 0.5600 0.9318
2.8600 0.5600 0.9288
2.8800 0.5600 0.9232
2.9000 0.5600 0.9294
2.9200 0.5600 0.9294
2.9400 0.5600 0.9264
2.9600 0.5600 0.9294
2.9800 0.5600 0.9354
3.0000 0.5600 0.9330
3.0200 0.5600 0.9200
3.0400 0.5600 0.9170
3.0600 0.5600 0.9194
3.0800 0.5600 0.9170
3.1000 0.5600 0.9170
3.1200 0.5600 0.9240
3.1400 0.5600 0.9164
3.1600 0.5600 0.9134
3.1800 0.5600 0.9004
3.2000 0.5600 0.8874
3.2200 0.5600 1.2584
3.2400 0.5600 0.8960
3.2600 0.5600 1.2608
3.2800 0.5600 0.9194
3.3000 0.5600 0.9264
3.3200 0.5600 0.9264
3.3400 0.5600 0.9652
3.3600 0.5600 0.9784
3.3800 0.5600 0.9980
3.4000 0.5600 0.9986
3.4200 0.5600 0.9964
3.4400 0.5600 0.9784
3.4600 0.5600 0.9664
3.4800 0.5600 0.9550
3.5000 0.5600 0.9580
3.5200 0.5600 0.9500
3.5400 0.5600 0.9798
3.5600 0.5600 1.1282
3.5800 0.5600 1.1314
3.6000 0.5600 1.1300
3.6200 0.5600 1.1270
3.6400 0.5600 1.1264
3.6600 0.5600 1.1240
3.6800 0.5600 1.1140
3.7000 0.5600 1.1034
3.7200 0.5600 1.0940
3.7400 0.5600 1.0924
3.7600 0.5600 2.2926
3.7800 0.5600 0.9988
3.8000 0.5600 0.8784
3.8200 0.5600 0.8686
3.8400 0.5600 0.8620
3.8600 0.5600 0.8680
3.8800 0.5600 0.8750
3.9000 0.5600 0.8736
3.9200 0.5600 0.8774
3.9400 0.5600 0.8874
3.9600 0.5600 1.2560
3.9800 0.5600 0.8960
4.0000 0.5600 0.9240
4.0200 0.5600 0.9226
4.0400 0.5600 0.9232
4.0600 0.5600 0.9226
4.0800 0.5600 0.9194
4.1000 0.5600 0.8854
4.1200 0.5600 0.8396
4.1400 0.5600 0.8396
4.1600 0.5600 0.8420
4.1800 0.5600 0.8646
4.2000 0.5600 0.8854
4.2200 0.5600 2.3370
4.2400 0.5600 1.2560
4.2600 0.5600 0.9164
4.2800 0.5600 0.9270
4.3000 0.5600 0.9170
4.3200 0.5600 0.9164
4.3400 0.5600 0.9140
4.3600 0.5600 0.9134
4.3800 0.5600 0.9226
4.4000 0.5600 0.9226
4.4200 0.5600 0.9170
4.4400 0.5600 0.9300
4.4600 0.5600 0.9354
4.4800 0.5600 0.9354
4.5000 0.5600 0.9378
4.5200 0.5600 0.9294
4.5400 0.5600 0.9342
4.5600 0.5600 0.9318
4.5800 0.5600 0.9264
4.6000 0.5600 0.9348
4.6200 0.5600 0.9530
4.6400 0.5600 0.9530
4.6600 0.5600 0.9438
4.6800 0.5600 0.9348
4.7000 0.5600 0.9294
4.7200 0.5600 0.9294
4.7400 0.5600 0.9040
4.7600 0.5600 0.8750
4.7800 0.5600 0.8674
4.8000 0.5600 2.3370
4.8200 0.5600 2.3376
4.8400 0.5600 1.2584
4.8600 0.5600 0.9194
4.8800 0.5600 0.9194
4.9000 0.5600 0.9170
4.9200 0.5600 0.9060
4.9400 0.5600 2.3376
4.9600 0.5600 0.8830
4.9800 0.5600 0.8830
5.0000 0.5600 0.8426
5.0200 0.5600 0.8184
5.0400 0.5600 0.8176
5.0600 0.5600 0.8146
5.0800 0.5600 0.8702
5.1000 0.5600 1.2584
5.1200 0.5600 0.8590
5.1400 0.5600 0.8596
5.1600 0.5600 0.8674
5.1800 0.5600 0.8396
5.2000 0.5600 0.8420
5.2200 0.5600 0.8396
5.2400 0.5600 0.8642
5.2600 0.5600 2.3376
0.0000 0.5800 1.0044
0.0200 0.5800 1.0122
0.0400 0.5800 1.0182
0.0600 0.5800 1.0152
0.0800 0.5800 1.0182
0.1000 0.5800 1.0208
0.1200 0.5800 1.0152
0.1400 0.5800 1.0122
0.1600 0.5800 0.9904
0.1800 0.5800 0.9990
0.2000 0.5800 1.0044
0.2200 0.5800 1.0002
0.2400 0.5800 1.0074
0.2600 0.5800 1.0014
0.2800 0.5800 1.0014
0.3000 0.5800 1.0044
0.3200 0.5800 1.0074
0.3400 0.5800 1.0074
0.3600 0.5800 1.0122
0.3800 0.5800 1.0152
0.4000 0.5800 1.0140
0.4200 0.5800 1.0122
0.4400 0.5800 1.0140
0.4600 0.5800 1.0122
0.4800 0.5800 1.0110
0.5000 0.5800 1.0110
0.5200 0.5800 1.0110
0.5400 0.5800 1.0140
0.5600 0.5800 1.0080
0.5800 0.5800 0.9990
0.6000 0.5800 0.9952
0.6200 0.5800 0.9880
0.6400 0.5800 0.9760
0.6600 0.5800 0.9760
0.6800 0.5800 0.9700
0.7000 0.5800 0.9640
0.7200 0.5800 0.9640
0.7400 0.5800 0.9420
0.7600 0.5800 0.9432
0.7800 0.5800 0.9432
0.8000 0.5800 0.9282
0.8200 0.5800 0.9240
0.8400 0.5800 0.9252
0.8600 0.5800 0.9270
0.8800 0.5800 0.9270
0.9000 0.5800 0.9354
0.9200 0.5800 0.9252
0.9400 0.5800 0.9270
0.9600 0.5800 0.9300
0.9800 0.5800 0.9240
1.0000 0.5800 0.9240
1.0200 0.5800 0.9216
1.0400 0.5800 0.9170
1.0600 0.5800 0.9140
1.0800 0.5800 0.9140
1.1000 0.5800 0.9152
1.1200 0.5800 0.9140
1.1400 0.5800 0.9170
1.1600 0.5800 0.9152
1.1800 0.5800 0.9140
1.2000 0.5800 0.9152
1.2200 0.5800 0.9170
1.2400 0.5800 0.9140
1.2600 0.5800 0.9140
1.2800 0.5800 0.9040
1.3000 0.5800 0.8908
1.3200 0.5800 0.8862
1.3400 0.5800 0.8880
1.3600 0.5800 0.8808
1.3800 0.5800 0.8762
1.4000 0.5800 0.8480
1.4200 0.5800 0.8468
1.4400 0.5800 0.8352
1.4600 0.5800 0.8298
1.4800 0.5800 0.8690
1.5000 0.5800 0.8932
1.5200 0.5800 0.8986
1.5400 0.5800 0.9140
1.5600 0.5800 0.9182
1.5800 0.5800 0.9182
1.6000 0.5800 0.9152
1.6200 0.5800 0.9182
1.6400 0.5800 0.9216
1.6600 0.5800 0.9182
1.6800 0.5800 0.9182
1.7000 0.5800 0.9140
1.7200 0.5800 0.9056
1.7400 0.5800 0.8862
1.7600 0.5800 0.8862
1.7800 0.5800 0.8950
1.8000 0.5800 0.8862
1.8200 0.5800 0.8820
1.8400 0.5800 0.8808
1.8600 0.5800 0.8820
1.8800 0.5800 0.9198
1.9000 0.5800 0.9038
1.9200 0.5800 0.9050
1.9400 0.5800 0.8932
1.9600 0.5800 0.9020
1.9800 0.5800 0.9032
2.0000 0.5800 0.9080
2.0200 0.5800 0.9122
2.0400 0.5800 0.9152
2.0600 0.5800 0.9122
2.0800 0.5800 0.9152
2.1000 0.5800 0.9170
2.1200 0.5800 0.8992
2.1400 0.5800 0.8750
2.1600 0.5800 0.8780
2.1800 0.5800 0.8680
2.2000 0.5800 0.8662
2.2200 0.5800 0.8650
2.2400 0.5800 1.9740
2.2600 0.5800 0.8808
2.2800 0.5800 0.8920
2.3000 0.5800 0.9068
2.3200 0.5800 0.9312
2.3400 0.5800 0.9342
2.3600 0.5800 0.9300
2.3800 0.5800 0.9282
2.4000 0.5800 0.9216
2.4200 0.5800 0.9182
2.4400 0.5800 0.9140
2.4600 0.5800 0.9056
2.4800 0.5800 0.8880
2.5000 0.5800 0.8862
2.5200 0.5800 0.8850
2.5400 0.5800 0.8762
2.5600 0.5800 0.8680
2.5800 0.5800 0.8662
2.6000 0.5800 1.6050
2.6200 0.5800 0.8662
2.6400 0.5800 0.8610
2.6600 0.5800 0.8522
2.6800 0.5800 0.8386
2.7000 0.5800 0.8340
2.7200 0.5800 0.8298
2.7400 0.5800 0.8298
2.7600 0.5800 0.8298
2.7800 0.5800 0.8344
2.8000 0.5800 0.8550
2.8200 0.5800 1.9740
2.8400 0.5800 1.9740
2.8600 0.5800 1.6050
2.8800 0.5800 1.6050
2.9000 0.5800 1.9740
2.9200 0.5800 1.9752
2.9400 0.5800 1.9752
2.9600 0.5800 0.8932
2.9800 0.5800 0.9198
3.0000 0.5800 0.9228
3.0200 0.5800 0.9140
3.0400 0.5800 0.9038
3.0600 0.5800 0.9092
3.0800 0.5800 0.9104
3.1000 0.5800 0.9068
3.1200 0.5800 0.9170
3.1400 0.5800 0.8962
3.1600 0.5800 0.8862
3.1800 0.5800 1.6050
3.2000 0.5800 0.8610
3.2200 0.5800 0.8522
3.2400 0.5800 0.8568
3.2600 0.5800 0.8568
3.2800 0.5800 1.9740
3.3000 0.5800 0.8962
3.3200 0.5800 0.8962
3.3400 0.5800 0.9216
3.3600 0.5800 0.9264
3.3800 0.5800 0.9348
3.4000 0.5800 0.9430
3.4200 0.5800 0.9586
3.4400 0.5800 0.9448
3.4600 0.5800 0.9420
3.4800 0.5800 0.9372
3.5000 0.5800 0.9402
3.5200 0.5800 0.9360
3.5400 0.5800 0.9508
3.5600 0.5800 1.1108
3.5800 0.5800 1.1144
3.6000 0.5800 1.1224
3.6200 0.5800 1.1146
3.6400 0.5800 1.1140
3.6600 0.5800 1.1140
3.6800 0.5800 1.1056
3.7000 0.5800 1.0902
3.7200 0.5800 1.0566
3.7400 0.5800 1.0498
3.7600 0.5800 0.9830
3.7800 0.5800 0.9080
3.8000 0.5800 0.8630
3.8200 0.5800 0.8550
3.8400 0.5800 0.8610
3.8600 0.5800 0.8650
3.8800 0.5800 0.8680
3.9000 0.5800 0.8680
3.9200 0.5800 0.8668
3.9400 0.5800 0.8680
3.9600 0.5800 0.8780
3.9800 0.5800 0.8750
4.0000 0.5800 0.9022
4.0200 0.5800 1.9740
4.0400 0.5800 1.6068
4.0600 0.5800 1.6050
4.0800 0.5800 0.8702
4.1000 0.5800 0.8258
4.1200 0.5800 0.8118
4.1400 0.5800 0.8066
4.1600 0.5800 0.8066
4.1800 0.5800 0.8102
4.2000 0.5800 0.8206
4.2200 0.5800 0.8258
4.2400 0.5800 0.8298
4.2600 0.5800 0.8702
4.2800 0.5800 0.8914
4.3000 0.5800 0.8890
4.3200 0.5800 0.8890
4.3400 0.5800 0.8962
4.3600 0.5800 0.8962
4.3800 0.5800 0.9056
4.4000 0.5800 0.9056
4.4200 0.5800 0.9010
4.4400 0.5800 0.9140
4.4600 0.5800 0.9152
4.4800 0.5800 0.9170
4.5000 0.5800 0.9140
4.5200 0.5800 0.8820
4.5400 0.5800 1.9752
4.5600 0.5800 1.9740
4.5800 0.5800 1.9740
4.6000 0.5800 0.9050
4.6200 0.5800 0.9134
4.6400 0.5800 0.9164
4.6600 0.5800 0.9134
4.6800 0.5800 0.8860
4.7000 0.5800 1.9752
4.7200 0.5800 1.9780
4.7400 0.5800 0.8862
4.7600 0.5800 0.8568
4.7800 0.5800 0.8522
4.8000 0.5800 0.8440
4.8200 0.5800 0.8440
4.8400 0.5800 0.8662
4.8600 0.5800 0.8908
4.8800 0.5800 0.8890
4.9000 0.5800 0.8962
4.9200 0.5800 0.8480
4.9400 0.5800 0.8468
4.9600 0.5800 0.8316
4.9800 0.5800 0.8298
5.0000 0.5800 0.8172
5.0200 0.5800 0.7956
5.0400 0.5800 0.7788
5.0600 0.5800 0.7736
5.0800 0.5800 0.7862
5.1000 0.5800 0.8024
5.1200 0.5800 0.8078
5.1400 0.5800 0.8118
5.1600 0.5800 0.8246
5.1800 0.5800 0.8008
5.2000 0.5800 0.8008
5.2200 0.5800 0.8032
5.2400 0.5800 0.8468
5.2600 0.5800 0.8568
0.0000 0.6000 0.9580
0.0200 0.6000 0.9700
0.0400 0.6000 0.9760
0.0600 0.6000 0.9700
0.0800 0.6000 0.9850
0.1000 0.6000 0.9940
0.1200 0.6000 0.9850
0.1400 0.6000 0.9850
0.1600 0.6000 0.9700
0.1800 0.6000 0.9580
0.2000 0.6000 0.9640
0.2200 0.6000 0.9550
0.2400 0.6000 0.9580
0.2600 0.6000 0.9550
0.2800 0.6000 0.9550
0.3000 0.6000 0.9670
0.3200 0.6000 0.9670
0.3400 0.6000 0.9700
0.3600 0.6000 0.9790
0.3800 0.6000 0.9970
0.4000 0.6000 0.9990
0.4200 0.6000 1.0020
0.4400 0.6000 1.0050
0.4600 0.6000 0.9970
0.4800 0.6000 0.9990
0.5000 0.6000 1.0020
0.5200 0.6000 1.0080
0.5400 0.6000 1.0110
0.5600 0.6000 1.0080
0.5800 0.6000 0.9970
0.6000 0.6000 0.9940
0.6200 0.6000 0.9880
0.6400 0.6000 0.9790
0.6600 0.6000 0.9760
0.6800 0.6000 0.9700
0.7000 0.6000 0.9580
0.7200 0.6000 0.9580
0.7400 0.6000 0.9270
0.7600 0.6000 0.9270
0.7800 0.6000 0.9240
0.8000 0.6000 0.9140
0.8200 0.6000 0.9010
0.8400 0.6000 0.9040
0.8600 0.6000 0.9040
0.8800 0.6000 0.9010
0.9000 0.6000 0.9140
0.9200 0.6000 0.9140
0.9400 0.6000 0.9140
0.9600 0.6000 0.9170
0.9800 0.6000 0.9140
1.0000 0.6000 0.9110
1.0200 0.6000 0.9110
1.0400 0.6000 0.9140
1.0600 0.6000 0.9010
1.0800 0.6000 0.9040
1.1000 0.6000 0.9080
1.1200 0.6000 0.9080
1.1400 0.6000 0.9080
1.1600 0.6000 0.9010
1.1800 0.6000 0.8980
1.2000 0.6000 0.9080
1.2200 0.6000 0.9080
1.2400 0.6000 0.8980
1.2600 0.6000 0.8980
1.2800 0.6000 0.8950
1.3000 0.6000 0.8750
1.3200 0.6000 0.8680
1.3400 0.6000 0.8680
1.3600 0.6000 0.8650
1.3800 0.6000 0.8410
1.4000 0.6000 0.8190
1.4200 0.6000 0.8190
1.4400 0.6000 0.8160
1.4600 0.6000 0.8160
1.4800 0.6000 0.8270
1.5000 0.6000 0.8300
1.5200 0.6000 0.8300
1.5400 0.6000 0.8650
1.5600 0.6000 0.8850
1.5800 0.6000 0.8880
1.6000 0.6000 0.8850
1.6200 0.6000 0.8850
1.6400 0.6000 0.8980
1.6600 0.6000 0.8950
1.6800 0.6000 0.8950
1.7000 0.6000 0.8950
1.7200 0.6000 0.8750
1.7400 0.6000 0.8610
1.7600 0.6000 0.8610
1.7800 0.6000 0.8750
1.8000 0.6000 0.8680
1.8200 0.6000 0.8650
1.8400 0.6000 0.8540
1.8600 0.6000 0.8510
1.8800 0.6000 2.7000
1.9000 0.6000 0.8440
1.9200 0.6000 0.8440
1.9400 0.6000 0.8370
1.9600 0.6000 0.8340
1.9800 0.6000 0.8230
2.0000 0.6000 0.8270
2.0200 0.6000 0.8440
2.0400 0.6000 0.8650
2.0600 0.6000 0.8650
2.0800 0.6000 2.7000
2.1000 0.6000 0.8850
2.1200 0.6000 0.8780
2.1400 0.6000 0.8650
2.1600 0.6000 2.7000
2.1800 0.6000 0.8650
2.2000 0.6000 0.8540
2.2200 0.6000 0.8540
2.2400 0.6000 0.8610
2.2600 0.6000 0.8650
2.2800 0.6000 0.8610
2.3000 0.6000 0.8650
2.3200 0.6000 0.8950
2.3400 0.6000 0.9040
2.3600 0.6000 0.9110
2.3800 0.6000 0.9110
2.4000 0.6000 0.9140
2.4200 0.6000 0.9110
2.4400 0.6000 0.8850
2.4600 0.6000 0.8880
2.4800 0.6000 0.8680
2.5000 0.6000 0.8680
2.5200 0.6000 2.7000
2.5400 0.6000 0.8610
2.5600 0.6000 0.8440
2.5800 0.6000 0.8410
2.6000 0.6000 0.8370
2.6200 0.6000 0.8300
2.6400 0.6000 0.8340
2.6600 0.6000 0.8300
2.6800 0.6000 0.8230
2.7000 0.6000 0.8190
2.7200 0.6000 0.8160
2.7400 0.6000 0.8160
2.7600 0.6000 0.8160
2.7800 0.6000 0.8160
2.8000 0.6000 0.8190
2.8200 0.6000 0.8270
2.8400 0.6000 0.8230
2.8600 0.6000 0.8230
2.8800 0.6000 0.8230
2.9000 0.6000 0.8230
2.9200 0.6000 0.8190
2.9400 0.6000 0.8160
2.9600 0.6000 0.8230
2.9800 0.6000 0.8410
3.0000 0.6000 0.8510
3.0200 0.6000 0.8540
3.0400 0.6000 0.8370
3.0600 0.6000 0.8370
3.0800 0.6000 0.8410
3.1000 0.6000 0.8370
3.1200 0.6000 0.8650
3.1400 0.6000 0.8510
3.1600 0.6000 0.8510
3.1800 0.6000 0.8270
3.2000 0.6000 0.8440
3.2200 0.6000 0.8410
3.2400 0.6000 0.8410
3.2600 0.6000 0.8300
3.2800 0.6000 0.8410
3.3000 0.6000 0.8610
3.3200 0.6000 0.8650
3.3400 0.6000 0.8750
3.3600 0.6000 0.8850
3.3800 0.6000 0.8950
3.4000 0.6000 0.8980
3.4200 0.6000 0.9200
3.4400 0.6000 0.9270
3.4600 0.6000 0.9270
3.4800 0.6000 0.9240
3.5000 0.6000 0.9270
3.5200 0.6000 0.9140
3.5400 0.6000 0.9240
3.5600 0.6000 1.0290
3.5800 0.6000 1.0410
3.6000 0.6000 1.0590
3.6200 0.6000 2.6000
3.6400 0.6000 1.0630
3.6600 0.6000 1.0640
3.6800 0.6000 2.6000
3.7000 0.6000 2.6000
3.7200 0.6000 0.9690
3.7400 0.6000 0.9570
3.7600 0.6000 0.8890
3.7800 0.6000 0.8680
3.8000 0.6000 0.8550
3.8200 0.6000 0.8550
3.8400 0.6000 0.8650
3.8600 0.6000 0.8650
3.8800 0.6000 0.8680
3.9000 0.6000 0.8680
3.9200 0.6000 0.8750
3.9400 0.6000 0.8780
3.9600 0.6000 0.8780
3.9800 0.6000 0.8680
4.0000 0.6000 0.8540
4.0200 0.6000 0.8270
4.0400 0.6000 0.8190
4.0600 0.6000 0.8190
4.0800 0.6000 0.8190
4.1000 0.6000 0.8090
4.1200 0.6000 0.7940
4.1400 0.6000 0.7870
4.1600 0.6000 0.7870
4.1800 0.6000 0.7870
4.2000 0.6000 0.8020
4.2200 0.6000 0.8090
4.2400 0.6000 0.8090
4.2600 0.6000 0.8160
4.2800 0.6000 0.8160
4.3000 0.6000 0.8340
4.3200 0.6000 0.8410
4.3400 0.6000 0.8510
4.3600 0.6000 0.8650
4.3800 0.6000 0.8850
4.4000 0.6000 0.8850
4.4200 0.6000 0.8880
4.4400 0.6000 0.8980
4.4600 0.6000 0.8950
4.4800 0.6000 0.8880
4.5000 0.6000 0.8750
4.5200 0.6000 0.8540
4.5400 0.6000 0.8510
4.5600 0.6000 0.8510
4.5800 0.6000 0.8510
4.6000 0.6000 0.8610
4.6200 0.6000 0.8610
4.6400 0.6000 2.7000
4.6600 0.6000 0.8650
4.6800 0.6000 0.8230
4.7000 0.6000 0.8190
4.7200 0.6000 0.8160
4.7400 0.6000 0.8540
4.7600 0.6000 0.8410
4.7800 0.6000 0.8440
4.8000 0.6000 0.8370
4.8200 0.6000 0.8340
4.8400 0.6000 0.8510
4.8600 0.6000 0.8650
4.8800 0.6000 0.8440
4.9000 0.6000 0.8510
4.9200 0.6000 0.8230
4.9400 0.6000 0.8270
4.9600 0.6000 0.8190
4.9800 0.6000 0.8160
5.0000 0.6000 0.7980
5.0200 0.6000 0.7530
5.0400 0.6000 0.7380
5.0600 0.6000 0.7380
5.0800 0.6000 0.7380
5.1000 0.6000 0.7530
5.1200 0.6000 0.7610
5.1400 0.6000 0.7650
5.1600 0.6000 0.7720
5.1800 0.6000 0.7490
5.2000 0.6000 0.7490
5.2200 0.6000 0.7530
5.2400 0.6000 0.8300
5.2600 0.6000 0.8410
0.0000 0.6200 0.9378
0.0200 0.6200 0.9390
0.0400 0.6200 0.9426
0.0600 0.6200 0.9438
0.0800 0.6200 0.9526
0.1000 0.6200 0.9568
0.1200 0.6200 0.9568
0.1400 0.6200 0.9568
0.1600 0.6200 0.9474
0.1800 0.6200 0.9396
0.2000 0.6200 0.9408
0.2200 0.6200 0.9438
0.2400 0.6200 0.9408
0.2600 0.6200 0.9408
0.2800 0.6200 0.9408
0.3000 0.6200 0.9526
0.3200 0.6200 0.9526
0.3400 0.6200 0.9526
0.3600 0.6200 0.9526
0.3800 0.6200 0.9658
0.4000 0.6200 0.9616
0.4200 0.6200 0.9544
0.4400 0.6200 0.9544
0.4600 0.6200 0.9544
0.4800 0.6200 0.9634
0.5000 0.6200 0.9826
0.5200 0.6200 0.9844
0.5400 0.6200 1.0008
0.5600 0.6200 1.0026
0.5800 0.6200 0.9826
0.6000 0.6200 0.9778
0.6200 0.6200 0.9778
0.6400 0.6200 0.9634
0.6600 0.6200 0.9634
0.6800 0.6200 0.9616
0.7000 0.6200 0.9318
0.7200 0.6200 0.9288
0.7400 0.6200 0.9028
0.7600 0.6200 0.9052
0.7800 0.6200 0.9028
0.8000 0.6200 0.8652
0.8200 0.6200 0.8412
0.8400 0.6200 0.8454
0.8600 0.6200 0.8412
0.8800 0.6200 0.8382
0.9000 0.6200 1.9604
0.9200 0.6200 0.8710
0.9400 0.6200 0.8694
0.9600 0.6200 0.8828
0.9800 0.6200 0.8710
1.0000 0.6200 0.8810
1.0200 0.6200 0.8822
1.0400 0.6200 0.8910
1.0600 0.6200 0.8722
1.0800 0.6200 0.8710
1.1000 0.6200 0.8740
1.1200 0.6200 0.8740
1.1400 0.6200 0.8606
1.1600 0.6200 1.9576
1.1800 0.6200 1.9604
1.2000 0.6200 1.5966
1.2200 0.6200 1.5924
1.2400 0.6200 0.8470
1.2600 0.6200 0.8488
1.2800 0.6200 0.8668
1.3000 0.6200 0.8412
1.3200 0.6200 0.8358
1.3400 0.6200 0.8382
1.3600 0.6200 0.8272
1.3800 0.6200 0.8144
1.4000 0.6200 0.8004
1.4200 0.6200 0.8038
1.4400 0.6200 0.8004
1.4600 0.6200 0.8074
1.4800 0.6200 0.8178
1.5000 0.6200 0.8160
1.5200 0.6200 0.8144
1.5400 0.6200 0.8178
1.5600 0.6200 0.8382
1.5800 0.6200 0.8470
1.6000 0.6200 0.8412
1.6200 0.6200 0.8358
1.6400 0.6200 0.8482
1.6600 0.6200 1.9616
1.6800 0.6200 1.9604
1.7000 0.6200 0.8606
1.7200 0.6200 0.8540
1.7400 0.6200 0.8440
1.7600 0.6200 0.8440
1.7800 0.6200 0.8540
1.8000 0.6200 1.9616
1.8200 0.6200 0.8394
1.8400 0.6200 0.8324
1.8600 0.6200 0.8324
1.8800 0.6200 0.8288
1.9000 0.6200 0.8270
1.9200 0.6200 0.8230
1.9400 0.6200 0.8190
1.9600 0.6200 0.8038
1.9800 0.6200 0.7894
2.0000 0.6200 0.7894
2.0200 0.6200 0.8038
2.0400 0.6200 0.8132
2.0600 0.6200 0.8214
2.0800 0.6200 0.8214
2.1000 0.6200 0.8412
2.1200 0.6200 1.5924
2.1400 0.6200 0.8500
2.1600 0.6200 0.8440
2.1800 0.6200 0.8440
2.2000 0.6200 0.8440
2.2200 0.6200 0.8528
2.2400 0.6200 0.8610
2.2600 0.6200 0.8510
2.2800 0.6200 0.8440
2.3000 0.6200 0.8440
2.3200 0.6200 0.8272
2.3400 0.6200 0.8342
2.3600 0.6200 0.8488
2.3800 0.6200 1.5966
2.4000 0.6200 0.8910
2.4200 0.6200 0.8910
2.4400 0.6200 0.8650
2.4600 0.6200 0.8652
2.4800 0.6200 0.8482
2.5000 0.6200 0.8528
2.5200 0.6200 0.8500
2.5400 0.6200 0.8440
2.5600 0.6200 0.8270
2.5800 0.6200 0.8230
2.6000 0.6200 0.8190
2.6200 0.6200 0.8190
2.6400 0.6200 0.8190
2.6600 0.6200 0.8178
2.6800 0.6200 0.8108
2.7000 0.6200 0.8144
2.7200 0.6200 0.8108
2.7400 0.6200 0.8090
2.7600 0.6200 0.8090
2.7800 0.6200 0.8050
2.8000 0.6200 0.8090
2.8200 0.6200 0.8144
2.8400 0.6200 0.8120
2.8600 0.6200 0.8144
2.8800 0.6200 0.8090
2.9000 0.6200 0.8074
2.9200 0.6200 0.8038
2.9400 0.6200 0.8004
2.9600 0.6200 0.8038
2.9800 0.6200 0.8038
3.0000 0.6200 0.8050
3.0200 0.6200 0.8038
3.0400 0.6200 0.8050
3.0600 0.6200 0.8038
3.0800 0.6200 0.8038
3.1000 0.6200 0.8004
3.1200 0.6200 0.8074
3.1400 0.6200 0.8144
3.1600 0.6200 0.8132
3.1800 0.6200 0.8004
3.2000 0.6200 0.8288
3.2200 0.6200 0.8340
3.2400 0.6200 0.8300
3.2600 0.6200 0.8230
3.2800 0.6200 0.8270
3.3000 0.6200 0.8358
3.3200 0.6200 0.8358
3.3400 0.6200 0.8342
3.3600 0.6200 0.8428
3.3800 0.6200 0.8428
3.4000 0.6200 0.8412
3.4200 0.6200 0.8652
3.4400 0.6200 0.8828
3.4600 0.6200 0.8782
3.4800 0.6200 1.5566
3.5000 0.6200 1.5566
3.5200 0.6200 0.8354
3.5400 0.6200 1.9012
3.5600 0.6200 0.8740
3.5800 0.6200 0.8832
3.6000 0.6200 0.9034
3.6200 0.6200 0.9114
3.6400 0.6200 0.9410
3.6600 0.6200 0.9434
3.6800 0.6200 0.9598
3.7000 0.6200 0.9254
3.7200 0.6200 0.8550
3.7400 0.6200 0.8534
3.7600 0.6200 0.8314
3.7800 0.6200 0.8298
3.8000 0.6200 0.8254
3.8200 0.6200 0.8254
3.8400 0.6200 0.8312
3.8600 0.6200 0.8470
3.8800 0.6200 1.5566
3.9000 0.6200 1.5524
3.9200 0.6200 1.5566
3.9400 0.6200 0.8668
3.9600 0.6200 0.8582
3.9800 0.6200 1.5924
4.0000 0.6200 0.8144
4.0200 0.6200 0.8022
4.0400 0.6200 0.7964
4.0600 0.6200 0.7964
4.0800 0.6200 0.7988
4.1000 0.6200 0.7854
4.1200 0.6200 0.7744
4.1400 0.6200 0.7760
4.1600 0.6200 0.7720
4.1800 0.6200 0.7650
4.2000 0.6200 0.7744
4.2200 0.6200 0.7744
4.2400 0.6200 0.7744
4.2600 0.6200 0.7928
4.2800 0.6200 0.7928
4.3000 0.6200 0.8050
4.3200 0.6200 0.8050
4.3400 0.6200 0.8074
4.3600 0.6200 0.8162
4.3800 0.6200 0.8366
4.4000 0.6200 0.8412
4.4200 0.6200 1.5966
4.4400 0.6200 0.8722
4.4600 0.6200 0.8750
4.4800 0.6200 0.8652
4.5000 0.6200 0.8482
4.5200 0.6200 0.8394
4.5400 0.6200 0.8324
4.5600 0.6200 0.8312
4.5800 0.6200 0.8230
4.6000 0.6200 0.8254
4.6200 0.6200 0.8288
4.6400 0.6200 0.8288
4.6600 0.6200 0.8288
4.6800 0.6200 0.8090
4.7000 0.6200 0.8004
4.7200 0.6200 0.7964
4.7400 0.6200 0.8410
4.7600 0.6200 0.8394
4.7800 0.6200 0.8428
4.8000 0.6200 0.8214
4.8200 0.6200 0.8190
4.8400 0.6200 0.8270
4.8600 0.6200 0.8428
4.8800 0.6200 0.8214
4.9000 0.6200 0.8190
4.9200 0.6200 0.8178
4.9400 0.6200 0.8090
4.9600 0.6200 0.8022
4.9800 0.6200 0.7912
5.0000 0.6200 0.7490
5.0200 0.6200 0.7460
5.0400 0.6200 0.7412
5.0600 0.6200 0.7356
5.0800 0.6200 0.7292
5.1000 0.6200 0.7340
5.1200 0.6200 0.7340
5.1400 0.6200 0.7340
5.1600 0.6200 0.7260
5.1800 0.6200 0.7412
5.2000 0.6200 0.7562
5.2200 0.6200 0.7562
5.2400 0.6200 0.8074
5.2600 0.6200 0.8214
0.0000 0.6400 0.9240
0.0200 0.6400 0.9208
0.0400 0.6400 0.9208
0.0600 0.6400 0.9246
0.0800 0.6400 0.9276
0.1000 0.6400 0.9276
0.1200 0.6400 0.9306
0.1400 0.6400 0.9214
0.1600 0.6400 0.9098
0.1800 0.6400 0.8920
0.2000 0.6400 0.8976
0.2200 0.6400 0.9060
0.2400 0.6400 0.9098
0.2600 0.6400 0.9152
0.2800 0.6400 0.9152
0.3000 0.6400 0.9252
0.3200 0.6400 0.9306
0.3400 0.6400 0.9336
0.3600 0.6400 0.9342
0.3800 0.6400 0.9336
0.4000 0.6400 0.9276
0.4200 0.6400 0.9246
0.4400 0.6400 0.9240
0.4600 0.6400 0.9208
0.4800 0.6400 0.9276
0.5000 0.6400 0.9306
0.5200 0.6400 0.9306
0.5400 0.6400 0.9520
0.5600 0.6400 0.9520
0.5800 0.6400 0.9402
0.6000 0.6400 0.9402
0.6200 0.6400 0.9342
0.6400 0.6400 0.9276
0.6600 0.6400 0.9246
0.6800 0.6400 0.9246
0.7000 0.6400 0.9054
0.7200 0.6400 0.9024
0.7400 0.6400 0.8516
0.7600 0.6400 0.8460
0.7800 0.6400 0.8460
0.8000 0.6400 0.8198
0.8200 0.6400 0.8128
0.8400 0.6400 0.8128
0.8600 0.6400 0.8096
0.8800 0.6400 0.8160
0.9000 0.6400 0.8198
0.9200 0.6400 0.8284
0.9400 0.6400 0.8244
0.9600 0.6400 0.8354
0.9800 0.6400 0.8308
1.0000 0.6400 0.8384
1.0200 0.6400 1.2096
1.0400 0.6400 0.8290
1.0600 0.6400 0.8238
1.0800 0.6400 0.8198
1.1000 0.6400 0.8198
1.1200 0.6400 0.8206
1.1400 0.6400 0.8166
1.1600 0.6400 0.8160
1.1800 0.6400 0.8166
1.2000 0.6400 0.8128
1.2200 0.6400 0.8128
1.2400 0.6400 0.8128
1.2600 0.6400 0.8128
1.2800 0.6400 0.8346
1.3000 0.6400 0.8160
1.3200 0.6400 0.8104
1.3400 0.6400 0.8096
1.3600 0.6400 0.8090
1.3800 0.6400 0.8050
1.4000 0.6400 0.8020
1.4200 0.6400 0.8044
1.4400 0.6400 0.8012
1.4600 0.6400 0.8020
1.4800 0.6400 0.8058
1.5000 0.6400 0.8050
1.5200 0.6400 0.8050
1.5400 0.6400 0.8160
1.5600 0.6400 0.8160
1.5800 0.6400 0.8190
1.6000 0.6400 0.8190
1.6200 0.6400 0.8190
1.6400 0.6400 0.8300
1.6600 0.6400 0.8308
1.6800 0.6400 0.8276
1.7000 0.6400 0.8340
1.7200 0.6400 0.8314
1.7400 0.6400 0.8308
1.7600 0.6400 0.8346
1.7800 0.6400 1.2128
1.8000 0.6400 0.8416
1.8200 0.6400 0.8198
1.8400 0.6400 0.8190
1.8600 0.6400 0.8166
1.8800 0.6400 0.8160
1.9000 0.6400 0.8160
1.9200 0.6400 0.8128
1.9400 0.6400 0.8090
1.9600 0.6400 0.7940
1.9800 0.6400 0.7934
2.0000 0.6400 0.7902
2.0200 0.6400 0.7934
2.0400 0.6400 0.7910
2.0600 0.6400 0.8020
2.0800 0.6400 0.8026
2.1000 0.6400 0.8128
2.1200 0.6400 0.8230
2.1400 0.6400 0.8276
2.1600 0.6400 0.8340
2.1800 0.6400 0.8340
2.2000 0.6400 0.8378
2.2200 0.6400 0.8440
2.2400 0.6400 0.8540
2.2600 0.6400 0.8454
2.2800 0.6400 1.2128
2.3000 0.6400 0.8416
2.3200 0.6400 0.8104
2.3400 0.6400 0.8096
2.3600 0.6400 0.8128
2.3800 0.6400 0.8198
2.4000 0.6400 0.8360
2.4200 0.6400 1.2096
2.4400 0.6400 0.8354
2.4600 0.6400 0.8354
2.4800 0.6400 0.8270
2.5000 0.6400 0.8308
2.5200 0.6400 0.8300
2.5400 0.6400 0.8370
2.5600 0.6400 0.8590
2.5800 0.6400 0.8506
2.6000 0.6400 0.8388
2.6200 0.6400 0.8230
2.6400 0.6400 0.8222
2.6600 0.6400 0.8190
2.6800 0.6400 0.8152
2.7000 0.6400 0.8160
2.7200 0.6400 0.8184
2.7400 0.6400 0.8160
2.7600 0.6400 0.8160
2.7800 0.6400 0.8090
2.8000 0.6400 0.8090
2.8200 0.6400 0.8090
2.8400 0.6400 0.8050
2.8600 0.6400 0.8090
2.8800 0.6400 0.8050
2.9000 0.6400 0.8044
2.9200 0.6400 0.7980
2.9400 0.6400 0.8012
2.9600 0.6400 0.7940
2.9800 0.6400 0.7910
3.0000 0.6400 0.7940
3.0200 0.6400 0.7910
3.0400 0.6400 0.7980
3.0600 0.6400 0.7910
3.0800 0.6400 0.7902
3.1000 0.6400 0.7940
3.1200 0.6400 0.8050
3.1400 0.6400 0.7988
3.1600 0.6400 0.7980
3.1800 0.6400 0.7940
3.2000 0.6400 0.8190
3.2200 0.6400 0.8198
3.2400 0.6400 0.8190
3.2600 0.6400 0.8166
3.2800 0.6400 0.8262
3.3000 0.6400 0.8190
3.3200 0.6400 0.8190
3.3400 0.6400 0.8128
3.3600 0.6400 0.8230
3.3800 0.6400 0.8230
3.4000 0.6400 0.8198
3.4200 0.6400 0.8238
3.4400 0.6400 0.8198
3.4600 0.6400 0.8166
3.4800 0.6400 0.8058
3.5000 0.6400 0.8058
3.5200 0.6400 0.8026
3.5400 0.6400 0.8068
3.5600 0.6400 0.7922
3.5800 0.6400 0.7962
3.6000 0.6400 0.7978
3.6200 0.6400 0.7980
3.6400 0.6400 0.8266
3.6600 0.6400 0.8308
3.6800 0.6400 0.8368
3.7000 0.6400 0.8244
3.7200 0.6400 0.8074
3.7400 0.6400 0.8048
3.7600 0.6400 0.8068
3.7800 0.6400 0.8058
3.8000 0.6400 0.8026
3.8200 0.6400 0.7988
3.8400 0.6400 0.8026
3.8600 0.6400 0.8104
3.8800 0.6400 0.8198
3.9000 0.6400 0.8174
3.9200 0.6400 0.8198
3.9400 0.6400 0.8198
3.9600 0.6400 0.8134
3.9800 0.6400 0.8104
4.0000 0.6400 0.7884
4.0200 0.6400 0.7664
4.0400 0.6400 0.7728
4.0600 0.6400 0.7728
4.0800 0.6400 0.7760
4.1000 0.6400 0.7816
4.1200 0.6400 0.7862
4.1400 0.6400 0.7934
4.1600 0.6400 0.7934
4.1800 0.6400 0.7934
4.2000 0.6400 0.7934
4.2200 0.6400 0.7642
4.2400 0.6400 0.7610
4.2600 0.6400 0.7862
4.2800 0.6400 0.7774
4.3000 0.6400 0.7870
4.3200 0.6400 0.7870
4.3400 0.6400 0.7830
4.3600 0.6400 0.7782
4.3800 0.6400 0.7900
4.4000 0.6400 0.7932
4.4200 0.6400 0.8104
4.4400 0.6400 0.8314
4.4600 0.6400 0.8322
4.4800 0.6400 0.8252
4.5000 0.6400 0.8198
4.5200 0.6400 0.8166
4.5400 0.6400 0.8160
4.5600 0.6400 0.8160
4.5800 0.6400 0.8090
4.6000 0.6400 0.8090
4.6200 0.6400 0.8166
4.6400 0.6400 0.8160
4.6600 0.6400 0.8128
4.6800 0.6400 0.7838
4.7000 0.6400 0.7830
4.7200 0.6400 0.7816
4.7400 0.6400 0.8238
4.7600 0.6400 0.8276
4.7800 0.6400 0.8308
4.8000 0.6400 0.8128
4.8200 0.6400 0.8120
4.8400 0.6400 0.8128
4.8600 0.6400 0.8238
4.8800 0.6400 0.8096
4.9000 0.6400 0.8090
4.9200 0.6400 0.7988
4.9400 0.6400 0.7948
4.9600 0.6400 0.7870
4.9800 0.6400 0.7862
5.0000 0.6400 0.7752
5.0200 0.6400 0.7862
5.0400 0.6400 0.7752
5.0600 0.6400 0.7706
5.0800 0.6400 0.7738
5.1000 0.6400 0.7522
5.1200 0.6400 0.7642
5.1400 0.6400 0.7594
5.1600 0.6400 0.7586
5.1800 0.6400 0.7848
5.2000 0.6400 0.7926
5.2200 0.6400 0.7902
5.2400 0.6400 0.7728
5.2600 0.6400 0.7924
0.0000 0.6600 0.9034
0.0200 0.6600 0.9004
0.0400 0.6600 0.8960
0.0600 0.6600 0.8998
0.0800 0.6600 0.8960
0.1000 0.6600 0.8930
0.1200 0.6600 0.9022
0.1400 0.6600 0.8490
0.1600 0.6600 0.8286
0.1800 0.6600 0.8146
0.2000 0.6600 0.8146
0.2200 0.6600 0.8184
0.2400 0.6600 0.8254
0.2600 0.6600 1.2040
0.2800 0.6600 1.2040
0.3000 0.6600 0.8576
0.3200 0.6600 0.8810
0.3400 0.6600 0.9060
0.3600 0.6600 0.9120
0.3800 0.6600 0.8984
0.4000 0.6600 0.9022
0.4200 0.6600 0.8916
0.4400 0.6600 0.8816
0.4600 0.6600 0.8730
0.4800 0.6600 0.8930
0.5000 0.6600 0.8998
0.5200 0.6600 0.8998
0.5400 0.6600 0.9194
0.5600 0.6600 0.9164
0.5800 0.6600 0.9158
0.6000 0.6600 0.9134
0.6200 0.6600 0.9128
0.6400 0.6600 0.8998
0.6600 0.6600 0.8974
0.6800 0.6600 0.8936
0.7000 0.6600 0.8674
0.7200 0.6600 0.8642
0.7400 0.6600 0.8262
0.7600 0.6600 0.8222
0.7800 0.6600 0.8184
0.8000 0.6600 0.8090
0.8200 0.6600 0.8050
0.8400 0.6600 0.8050
0.8600 0.6600 0.8020
0.8800 0.6600 0.8090
0.9000 0.6600 0.8160
0.9200 0.6600 0.8160
0.9400 0.6600 0.8160
0.9600 0.6600 0.8160
0.9800 0.6600 0.8190
1.0000 0.6600 0.8184
1.0200 0.6600 0.8160
1.0400 0.6600 0.8090
1.0600 0.6600 0.8090
1.0800 0.6600 0.8044
1.1000 0.6600 0.8020
1.1200 0.6600 0.8090
1.1400 0.6600 0.8050
1.1600 0.6600 0.8090
1.1800 0.6600 0.8090
1.2000 0.6600 0.8058
1.2200 0.6600 0.8090
1.2400 0.6600 0.8090
1.2600 0.6600 0.8090
1.2800 0.6600 0.8190
1.3000 0.6600 0.8090
1.3200 0.6600 0.8090
1.3400 0.6600 0.8090
1.3600 0.6600 0.8090
1.3800 0.6600 0.8198
1.4000 0.6600 0.8198
1.4200 0.6600 0.8206
1.4400 0.6600 0.8206
1.4600 0.6600 0.8160
1.4800 0.6600 0.8160
1.5000 0.6600 0.8096
1.5200 0.6600 0.8128
1.5400 0.6600 0.8308
1.5600 0.6600 0.8190
1.5800 0.6600 0.8252
1.6000 0.6600 0.8308
1.6200 0.6600 0.8354
1.6400 0.6600 0.8284
1.6600 0.6600 0.8300
1.6800 0.6600 0.8238
1.7000 0.6600 0.8230
1.7200 0.6600 0.8230
1.7400 0.6600 0.8222
1.7600 0.6600 0.8230
1.7800 0.6600 0.8270
1.8000 0.6600 0.8270
1.8200 0.6600 0.8198
1.8400 0.6600 0.8190
1.8600 0.6600 0.8238
1.8800 0.6600 0.8160
1.9000 0.6600 0.8166
1.9200 0.6600 0.8160
1.9400 0.6600 0.8096
1.9600 0.6600 0.8096
1.9800 0.6600 0.8160
2.0000 0.6600 0.8160
2.0200 0.6600 0.8096
2.0400 0.6600 0.8058
2.0600 0.6600 0.8128
2.0800 0.6600 0.8128
2.1000 0.6600 0.8128
2.1200 0.6600 0.8198
2.1400 0.6600 0.8230
2.1600 0.6600 0.8276
2.1800 0.6600 0.8308
2.2000 0.6600 0.8300
2.2200 0.6600 0.8370
2.2400 0.6600 0.8370
2.2600 0.6600 0.8340
2.2800 0.6600 0.8332
2.3000 0.6600 0.8364
2.3200 0.6600 0.8050
2.3400 0.6600 0.8050
2.3600 0.6600 0.8050
2.3800 0.6600 0.8050
2.4000 0.6600 0.8120
2.4200 0.6600 0.8128
2.4400 0.6600 0.8238
2.4600 0.6600 0.8378
2.4800 0.6600 0.8354
2.5000 0.6600 0.8416
2.5200 0.6600 0.8562
2.5400 0.6600 0.8770
2.5600 0.6600 0.9116
2.5800 0.6600 0.9092
2.6000 0.6600 0.8992
2.6200 0.6600 0.8770
2.6400 0.6600 0.8714
2.6600 0.6600 0.8700
2.6800 0.6600 0.8538
2.7000 0.6600 0.8354
2.7200 0.6600 0.8562
2.7400 0.6600 0.8460
2.7600 0.6600 0.8430
2.7800 0.6600 0.8314
2.8000 0.6600 0.8322
2.8200 0.6600 0.8166
2.8400 0.6600 0.8160
2.8600 0.6600 0.8252
2.8800 0.6600 0.8212
2.9000 0.6600 0.8198
2.9200 0.6600 0.8166
2.9400 0.6600 0.8166
2.9600 0.6600 0.8096
2.9800 0.6600 0.8058
3.0000 0.6600 0.8058
3.0200 0.6600 0.8090
3.0400 0.6600 0.8104
3.0600 0.6600 0.8090
3.0800 0.6600 0.8058
3.1000 0.6600 0.8128
3.1200 0.6600 0.8198
3.1400 0.6600 0.8128
3.1600 0.6600 0.8104
3.1800 0.6600 0.8166
3.2000 0.6600 0.8206
3.2200 0.6600 0.8160
3.2400 0.6600 0.8160
3.2600 0.6600 0.8114
3.2800 0.6600 0.8230
3.3000 0.6600 0.8160
3.3200 0.6600 0.8120
3.3400 0.6600 0.8050
3.3600 0.6600 0.8160
3.3800 0.6600 0.8114
3.4000 0.6600 0.8090
3.4200 0.6600 0.8090
3.4400 0.6600 0.8012
3.4600 0.6600 0.7902
3.4800 0.6600 0.7706
3.5000 0.6600 0.7706
3.5200 0.6600 0.7706
3.5400 0.6600 0.7816
3.5600 0.6600 0.7628
3.5800 0.6600 0.7556
3.6000 0.6600 0.7738
3.6200 0.6600 0.7856
3.6400 0.6600 0.7944
3.6600 0.6600 0.7906
3.6800 0.6600 0.7774
3.7000 0.6600 0.8068
3.7200 0.6600 0.8036
3.7400 0.6600 0.8036
3.7600 0.6600 0.8050
3.7800 0.6600 0.8050
3.8000 0.6600 0.7988
3.8200 0.6600 0.7956
3.8400 0.6600 0.8026
3.8600 0.6600 0.7910
3.8800 0.6600 0.7940
3.9000 0.6600 0.7940
3.9200 0.6600 0.7972
3.9400 0.6600 0.7830
3.9600 0.6600 0.7870
3.9800 0.6600 0.7830
4.0000 0.6600 0.7838
4.0200 0.6600 0.7916
4.0400 0.6600 0.7956
4.0600 0.6600 0.7924
4.0800 0.6600 0.8058
4.1000 0.6600 0.8090
4.1200 0.6600 0.8166
4.1400 0.6600 0.8166
4.1600 0.6600 0.8166
4.1800 0.6600 0.8206
4.2000 0.6600 0.8166
4.2200 0.6600 0.8026
4.2400 0.6600 0.7994
4.2600 0.6600 0.8050
4.2800 0.6600 0.7988
4.3000 0.6600 0.8050
4.3200 0.6600 0.8050
4.3400 0.6600 0.7948
4.3600 0.6600 0.7916
4.3800 0.6600 0.7664
4.4000 0.6600 0.7672
4.4200 0.6600 0.7830
4.4400 0.6600 0.8004
4.4600 0.6600 0.8004
4.4800 0.6600 0.8012
4.5000 0.6600 0.8012
4.5200 0.6600 0.7980
4.5400 0.6600 0.8050
4.5600 0.6600 0.8050
4.5800 0.6600 0.7940
4.6000 0.6600 0.7910
4.6200 0.6600 0.8020
4.6400 0.6600 0.8012
4.6600 0.6600 0.8050
4.6800 0.6600 0.7878
4.7000 0.6600 0.7956
4.7200 0.6600 0.7988
4.7400 0.6600 0.8198
4.7600 0.6600 0.8190
4.7800 0.6600 0.8230
4.8000 0.6600 0.8090
4.8200 0.6600 0.8058
4.8400 0.6600 0.7980
4.8600 0.6600 0.8082
4.8800 0.6600 0.8044
4.9000 0.6600 0.8050
4.9200 0.6600 0.8026
4.9400 0.6600 0.8058
4.9600 0.6600 0.8090
4.9800 0.6600 0.8090
5.0000 0.6600 0.8096
5.0200 0.6600 0.8188
5.0400 0.6600 0.8166
5.0600 0.6600 0.8150
5.0800 0.6600 0.8058
5.1000 0.6600 0.7994
5.1200 0.6600 0.8058
5.1400 0.6600 0.8058
5.1600 0.6600 0.8058
5.1800 0.6600 0.8134
5.2000 0.6600 0.8220
5.2200 0.6600 0.8188
5.2400 0.6600 0.7878
5.2600 0.6600 0.7720
0.0000 0.6800 0.8666
0.0200 0.6800 0.8638
0.0400 0.6800 0.8450
0.0600 0.6800 0.8368
0.0800 0.6800 0.8328
0.1000 0.6800 0.8298
0.1200 0.6800 0.8222
0.1400 0.6800 0.8136
0.1600 0.6800 0.8050
0.1800 0.6800 0.7886
0.2000 0.6800 0.7886
0.2200 0.6800 0.7922
0.2400 0.6800 0.7922
0.2600 0.6800 0.8066
0.2800 0.6800 0.8050
0.3000 0.6800 0.8136
0.3200 0.6800 0.8136
0.3400 0.6800 0.8206
0.3600 0.6800 0.8258
0.3800 0.6800 0.8206
0.4000 0.6800 0.8328
0.4200 0.6800 0.8258
0.4400 0.6800 0.8258
0.4600 0.6800 0.8282
0.4800 0.6800 0.8298
0.5000 0.6800 0.8386
0.5200 0.6800 0.8386
0.5400 0.6800 0.8702
0.5600 0.6800 0.8638
0.5800 0.6800 0.8584
0.6000 0.6800 0.8584
0.6200 0.6800 0.8550
0.6400 0.6800 0.8568
0.6600 0.6800 0.8662
0.6800 0.6800 0.8626
0.7000 0.6800 0.8522
0.7200 0.6800 0.8386
0.7400 0.6800 0.8136
0.7600 0.6800 0.8102
0.7800 0.6800 0.8090
0.8000 0.6800 0.8162
0.8200 0.6800 0.8162
0.8400 0.6800 0.8144
0.8600 0.6800 0.8160
0.8800 0.6800 0.8178
0.9000 0.6800 0.8324
0.9200 0.6800 0.8288
0.9400 0.6800 0.8254
0.9600 0.6800 0.8190
0.9800 0.6800 0.8272
1.0000 0.6800 0.8230
1.0200 0.6800 0.8214
1.0400 0.6800 0.8214
1.0600 0.6800 0.8178
1.0800 0.6800 0.8132
1.1000 0.6800 0.8132
1.1200 0.6800 0.8190
1.1400 0.6800 0.8214
1.1600 0.6800 0.8230
1.1800 0.6800 0.8254
1.2000 0.6800 0.8214
1.2200 0.6800 0.8254
1.2400 0.6800 0.8230
1.2600 0.6800 0.8254
1.2800 0.6800 0.8254
1.3000 0.6800 0.8230
1.3200 0.6800 0.8254
1.3400 0.6800 0.8254
1.3600 0.6800 0.8400
1.3800 0.6800 0.8710
1.4000 0.6800 0.8828
1.4200 0.6800 0.8810
1.4400 0.6800 0.8882
1.4600 0.6800 0.8624
1.4800 0.6800 0.8624
1.5000 0.6800 0.8570
1.5200 0.6800 0.8594
1.5400 0.6800 0.8810
1.5600 0.6800 0.8652
1.5800 0.6800 0.8740
1.6000 0.6800 0.8740
1.6200 0.6800 0.8822
1.6400 0.6800 0.8606
1.6600 0.6800 0.8634
1.6800 0.6800 0.8582
1.7000 0.6800 0.8394
1.7200 0.6800 0.8412
1.7400 0.6800 0.8300
1.7600 0.6800 0.8358
1.7800 0.6800 0.8482
1.8000 0.6800 0.8428
1.8200 0.6800 0.8606
1.8400 0.6800 0.8582
1.8600 0.6800 0.8606
1.8800 0.6800 0.8358
1.9000 0.6800 0.8470
1.9200 0.6800 0.8412
1.9400 0.6800 0.8454
1.9600 0.6800 0.8342
1.9800 0.6800 0.8694
2.0000 0.6800 0.8606
2.0200 0.6800 0.8412
2.0400 0.6800 0.8454
2.0600 0.6800 0.8594
2.0800 0.6800 0.8624
2.1000 0.6800 0.8412
2.1200 0.6800 0.8606
2.1400 0.6800 0.8500
2.1600 0.6800 0.8528
2.1800 0.6800 0.8528
2.2000 0.6800 0.8582
2.2200 0.6800 0.8410
2.2400 0.6800 0.8358
2.2600 0.6800 0.8300
2.2800 0.6800 0.8246
2.3000 0.6800 0.8270
2.3200 0.6800 0.8162
2.3400 0.6800 0.8178
2.3600 0.6800 0.8214
2.3800 0.6800 0.8214
2.4000 0.6800 0.8254
2.4200 0.6800 0.8254
2.4400 0.6800 0.8668
2.4600 0.6800 0.8822
2.4800 0.6800 0.9016
2.5000 0.6800 0.9040
2.5200 0.6800 0.9158
2.5400 0.6800 0.9158
2.5600 0.6800 0.9318
2.5800 0.6800 0.9288
2.6000 0.6800 0.9258
2.6200 0.6800 0.9188
2.6400 0.6800 0.9212
2.6600 0.6800 0.9212
2.6800 0.6800 0.9158
2.7000 0.6800 0.9052
2.7200 0.6800 0.9064
2.7400 0.6800 0.9016
2.7600 0.6800 0.9052
2.7800 0.6800 0.9016
2.8000 0.6800 0.9016
2.8200 0.6800 0.8882
2.8400 0.6800 0.8782
2.8600 0.6800 0.8940
2.8800 0.6800 0.8810
2.9000 0.6800 0.8882
2.9200 0.6800 0.8828
2.9400 0.6800 0.8810
2.9600 0.6800 0.8570
2.9800 0.6800 0.8542
3.0000 0.6800 0.8454
3.0200 0.6800 0.8272
3.0400 0.6800 0.8500
3.0600 0.6800 0.8570
3.0800 0.6800 0.8454
3.1000 0.6800 0.8606
3.1200 0.6800 0.8928
3.1400 0.6800 0.8728
3.1600 0.6800 0.8740
3.1800 0.6800 0.8928
3.2000 0.6800 0.8570
3.2200 0.6800 0.8230
3.2400 0.6800 0.8230
3.2600 0.6800 0.8090
3.2800 0.6800 0.8160
3.3000 0.6800 0.8160
3.3200 0.6800 0.8120
3.3400 0.6800 0.8090
3.3600 0.6800 0.8108
3.3800 0.6800 0.8050
3.4000 0.6800 0.8050
3.4200 0.6800 0.7956
3.4400 0.6800 0.7788
3.4600 0.6800 0.7678
3.4800 0.6800 0.7610
3.5000 0.6800 0.7634
3.5200 0.6800 0.7692
3.5400 0.6800 0.7854
3.5600 0.6800 0.7988
3.5800 0.6800 0.7952
3.6000 0.6800 0.8038
3.6200 0.6800 0.8132
3.6400 0.6800 0.8190
3.6600 0.6800 0.8178
3.6800 0.6800 0.8132
3.7000 0.6800 0.8272
3.7200 0.6800 0.8254
3.7400 0.6800 0.8254
3.7600 0.6800 0.8214
3.7800 0.6800 0.8272
3.8000 0.6800 0.8312
3.8200 0.6800 0.8254
3.8400 0.6800 0.8214
3.8600 0.6800 0.8074
3.8800 0.6800 0.8074
3.9000 0.6800 0.8074
3.9200 0.6800 0.8050
3.9400 0.6800 0.8050
3.9600 0.6800 0.8074
3.9800 0.6800 0.8050
4.0000 0.6800 0.8050
4.0200 0.6800 0.8254
4.0400 0.6800 0.8272
4.0600 0.6800 0.8214
4.0800 0.6800 0.8488
4.1000 0.6800 0.8488
4.1200 0.6800 0.9004
4.1400 0.6800 0.8958
4.1600 0.6800 0.8958
4.1800 0.6800 0.9004
4.2000 0.6800 0.8958
4.2200 0.6800 0.8488
4.2400 0.6800 0.8488
4.2600 0.6800 0.8400
4.2800 0.6800 0.8254
4.3000 0.6800 0.8312
4.3200 0.6800 0.8254
4.3400 0.6800 0.8190
4.3600 0.6800 0.8162
4.3800 0.6800 0.8074
4.4000 0.6800 0.8074
4.4200 0.6800 0.8022
4.4400 0.6800 0.8004
4.4600 0.6800 0.7952
4.4800 0.6800 0.7952
4.5000 0.6800 0.7964
4.5200 0.6800 0.8004
4.5400 0.6800 0.8132
4.5600 0.6800 0.8132
4.5800 0.6800 0.8050
4.6000 0.6800 0.8074
4.6200 0.6800 0.8074
4.6400 0.6800 0.8050
4.6600 0.6800 0.8090
4.6800 0.6800 0.8214
4.7000 0.6800 0.8272
4.7200 0.6800 0.8272
4.7400 0.6800 0.8582
4.7600 0.6800 0.8710
4.7800 0.6800 0.8570
4.8000 0.6800 0.8272
4.8200 0.6800 0.8254
4.8400 0.6800 0.8132
4.8600 0.6800 0.8020
4.8800 0.6800 0.8050
4.9000 0.6800 0.8050
4.9200 0.6800 0.8254
4.9400 0.6800 0.8542
4.9600 0.6800 0.8500
4.9800 0.6800 0.8470
5.0000 0.6800 0.8694
5.0200 0.6800 0.9100
5.0400 0.6800 0.9070
5.0600 0.6800 0.9070
5.0800 0.6800 0.8542
5.1000 0.6800 0.8366
5.1200 0.6800 0.8624
5.1400 0.6800 0.8612
5.1600 0.6800 0.8324
5.1800 0.6800 0.9058
5.2000 0.6800 0.9116
5.2200 0.6800 0.9100
5.2400 0.6800 0.8132
5.2600 0.6800 0.8074
0.0000 0.7000 0.8160
0.0200 0.7000 0.8120
0.0400 0.7000 0.8120
0.0600 0.7000 0.8090
0.0800 0.7000 0.8090
0.1000 0.7000 0.8050
0.1200 0.7000 2.7000
0.1400 0.7000 0.7940
0.1600 0.7000 0.7870
0.1800 0.7000 0.7760
0.2000 0.7000 0.7760
0.2200 0.7000 0.7830
0.2400 0.7000 0.7830
0.2600 0.7000 0.7830
0.2800 0.7000 0.7870
0.3000 0.7000 0.7980
0.3200 0.7000 0.8020
0.3400 0.7000 0.8050
0.3600 0.7000 0.8090
0.3800 0.7000 0.8050
0.4000 0.7000 0.8160
0.4200 0.7000 0.8160
0.4400 0.7000 0.8160
0.4600 0.7000 0.8160
0.4800 0.7000 0.8160
0.5000 0.7000 0.8190
0.5200 0.7000 0.8230
0.5400 0.7000 0.8270
0.5600 0.7000 0.8230
0.5800 0.7000 0.8190
0.6000 0.7000 0.8190
0.6200 0.7000 0.8190
0.6400 0.7000 0.8300
0.6600 0.7000 0.8270
0.6800 0.7000 0.8270
0.7000 0.7000 0.8230
0.7200 0.7000 0.8230
0.7400 0.7000 0.8120
0.7600 0.7000 0.8090
0.7800 0.7000 0.8120
0.8000 0.7000 0.8540
0.8200 0.7000 0.8540
0.8400 0.7000 0.8440
0.8600 0.7000 0.8440
0.8800 0.7000 0.8440
0.9000 0.7000 0.8850
0.9200 0.7000 0.8680
0.9400 0.7000 0.8650
0.9600 0.7000 0.8370
0.9800 0.7000 0.8650
1.0000 0.7000 0.8610
1.0200 0.7000 0.8610
1.0400 0.7000 0.8650
1.0600 0.7000 0.8610
1.0800 0.7000 0.8440
1.1000 0.7000 0.8440
1.1200 0.7000 0.8440
1.1400 0.7000 0.8780
1.1600 0.7000 0.8850
1.1800 0.7000 0.8780
1.2000 0.7000 0.8680
1.2200 0.7000 0.8880
1.2400 0.7000 0.8780
1.2600 0.7000 0.8750
1.2800 0.7000 0.8650
1.3000 0.7000 0.8650
1.3200 0.7000 0.8850
1.3400 0.7000 0.8780
1.3600 0.7000 0.9110
1.3800 0.7000 0.9170
1.4000 0.7000 0.9170
1.4200 0.7000 0.9200
1.4400 0.7000 0.9170
1.4600 0.7000 0.9200
1.4800 0.7000 0.9200
1.5000 0.7000 0.9170
1.5200 0.7000 0.9200
1.5400 0.7000 0.9170
1.5600 0.7000 0.9170
1.5800 0.7000 0.9170
1.6000 0.7000 0.9170
1.6200 0.7000 0.9140
1.6400 0.7000 0.9040
1.6600 0.7000 0.8950
1.6800 0.7000 0.8980
1.7000 0.7000 0.8850
1.7200 0.7000 0.8980
1.7400 0.7000 0.8540
1.7600 0.7000 0.8610
1.7800 0.7000 0.8950
1.8000 0.7000 0.8780
1.8200 0.7000 0.9080
1.8400 0.7000 0.9080
1.8600 0.7000 0.9010
1.8800 0.7000 0.8880
1.9000 0.7000 0.9040
1.9200 0.7000 0.9010
1.9400 0.7000 0.9040
1.9600 0.7000 0.9010
1.9800 0.7000 0.9170
2.0000 0.7000 0.9170
2.0200 0.7000 0.9040
2.0400 0.7000 0.9140
2.0600 0.7000 0.9140
2.0800 0.7000 0.9170
2.1000 0.7000 0.9010
2.1200 0.7000 0.9110
2.1400 0.7000 0.8980
2.1600 0.7000 0.9040
2.1800 0.7000 0.9010
2.2000 0.7000 0.9110
2.2200 0.7000 0.8780
2.2400 0.7000 0.8610
2.2600 0.7000 0.8510
2.2800 0.7000 0.8340
2.3000 0.7000 0.8340
2.3200 0.7000 0.8680
2.3400 0.7000 0.8750
2.3600 0.7000 0.8680
2.3800 0.7000 0.8750
2.4000 0.7000 0.8780
2.4200 0.7000 0.8750
2.4400 0.7000 0.9140
2.4600 0.7000 0.9140
2.4800 0.7000 0.9330
2.5000 0.7000 0.9300
2.5200 0.7000 0.9580
2.5400 0.7000 0.9390
2.5600 0.7000 0.9880
2.5800 0.7000 0.9850
2.6000 0.7000 0.9580
2.6200 0.7000 0.9490
2.6400 0.7000 0.9580
2.6600 0.7000 0.9490
2.6800 0.7000 0.9360
2.7000 0.7000 0.9300
2.7200 0.7000 0.9240
2.7400 0.7000 0.9200
2.7600 0.7000 0.9300
2.7800 0.7000 0.9300
2.8000 0.7000 0.9270
2.8200 0.7000 0.9240
2.8400 0.7000 0.9270
2.8600 0.7000 0.9270
2.8800 0.7000 0.9240
2.9000 0.7000 0.9200
2.9200 0.7000 0.9240
2.9400 0.7000 0.9200
2.9600 0.7000 0.9140
2.9800 0.7000 0.9140
3.0000 0.7000 0.9140
3.0200 0.7000 0.8980
3.0400 0.7000 0.9110
3.0600 0.7000 0.9170
3.0800 0.7000 0.9170
3.1000 0.7000 0.9170
3.1200 0.7000 0.9270
3.1400 0.7000 0.9170
3.1600 0.7000 0.9170
3.1800 0.7000 0.9330
3.2000 0.7000 0.9110
3.2200 0.7000 0.8440
3.2400 0.7000 0.8410
3.2600 0.7000 0.8230
3.2800 0.7000 0.8160
3.3000 0.7000 0.8190
3.3200 0.7000 0.8190
3.3400 0.7000 0.8160
3.3600 0.7000 0.8160
3.3800 0.7000 0.8090
3.4000 0.7000 0.8050
3.4200 0.7000 0.7870
3.4400 0.7000 0.7760
3.4600 0.7000 0.7940
3.4800 0.7000 0.7940
3.5000 0.7000 0.8020
3.5200 0.7000 0.8090
3.5400 0.7000 0.8160
3.5600 0.7000 0.8340
3.5800 0.7000 0.8340
3.6000 0.7000 0.8300
3.6200 0.7000 0.8410
3.6400 0.7000 0.8510
3.6600 0.7000 0.8440
3.6800 0.7000 0.8440
3.7000 0.7000 0.8780
3.7200 0.7000 0.8780
3.7400 0.7000 0.8750
3.7600 0.7000 0.8680
3.7800 0.7000 0.8780
3.8000 0.7000 0.8980
3.8200 0.7000 0.8950
3.8400 0.7000 0.8650
3.8600 0.7000 0.8540
3.8800 0.7000 0.8410
3.9000 0.7000 0.8440
3.9200 0.7000 0.8370
3.9400 0.7000 0.8300
3.9600 0.7000 0.8410
3.9800 0.7000 0.8410
4.0000 0.7000 0.8370
4.0200 0.7000 0.9010
4.0400 0.7000 0.8880
4.0600 0.7000 0.8850
4.0800 0.7000 0.9110
4.1000 0.7000 0.9140
4.1200 0.7000 0.9270
4.1400 0.7000 0.9300
4.1600 0.7000 0.9300
4.1800 0.7000 0.9300
4.2000 0.7000 0.9270
4.2200 0.7000 0.9170
4.2400 0.7000 0.9200
4.2600 0.7000 0.9140
4.2800 0.7000 0.8980
4.3000 0.7000 0.8950
4.3200 0.7000 0.8880
4.3400 0.7000 0.8750
4.3600 0.7000 0.8610
4.3800 0.7000 0.8510
4.4000 0.7000 0.8510
4.4200 0.7000 0.8300
4.4400 0.7000 0.8190
4.4600 0.7000 0.8160
4.4800 0.7000 0.8160
4.5000 0.7000 0.8190
4.5200 0.7000 0.8190
4.5400 0.7000 0.8300
4.5600 0.7000 0.8340
4.5800 0.7000 0.8270
4.6000 0.7000 0.8300
4.6200 0.7000 0.8410
4.6400 0.7000 0.8370
4.6600 0.7000 0.8300
4.6800 0.7000 0.8780
4.7000 0.7000 0.8980
4.7200 0.7000 0.8980
4.7400 0.7000 0.9040
4.7600 0.7000 0.9140
4.7800 0.7000 0.9140
4.8000 0.7000 0.8950
4.8200 0.7000 0.8950
4.8400 0.7000 0.8610
4.8600 0.7000 0.8230
4.8800 0.7000 0.8190
4.9000 0.7000 0.8190
4.9200 0.7000 0.8880
4.9400 0.7000 0.9140
4.9600 0.7000 0.9140
4.9800 0.7000 0.9140
5.0000 0.7000 0.9240
5.0200 0.7000 0.9300
5.0400 0.7000 0.9300
5.0600 0.7000 0.9300
5.0800 0.7000 0.9170
5.1000 0.7000 0.9110
5.1200 0.7000 0.9170
5.1400 0.7000 0.9170
5.1600 0.7000 0.9040
5.1800 0.7000 0.9390
5.2000 0.7000 0.9390
5.2200 0.7000 0.9360
5.2400 0.7000 0.8610
5.2600 0.7000 0.8340
0.0000 0.7200 0.8050
0.0200 0.7200 0.8050
0.0400 0.7200 0.8090
0.0600 0.7200 0.8020
0.0800 0.7200 0.7980
0.1000 0.7200 0.7940
0.1200 0.7200 0.7886
0.1400 0.7200 0.8050
0.1600 0.7200 0.7996
0.1800 0.7200 0.8066
0.2000 0.7200 0.8066
0.2200 0.7200 0.8090
0.2400 0.7200 0.8066
0.2600 0.7200 0.8050
0.2800 0.7200 0.8050
0.3000 0.7200 0.8050
0.3200 0.7200 0.8102
0.3400 0.7200 0.8136
0.3600 0.7200 0.8160
0.3800 0.7200 0.8090
0.4000 0.7200 0.8206
0.4200 0.7200 0.8190
0.4400 0.7200 0.8190
0.4600 0.7200 0.8172
0.4800 0.7200 0.8160
0.5000 0.7200 0.8172
0.5200 0.7200 0.8190
0.5400 0.7200 0.8190
0.5600 0.7200 0.8230
0.5800 0.7200 0.8190
0.6000 0.7200 0.8172
0.6200 0.7200 0.8160
0.6400 0.7200 0.8230
0.6600 0.7200 0.8160
0.6800 0.7200 0.8160
0.7000 0.7200 0.8190
0.7200 0.7200 0.8270
0.7400 0.7200 0.8230
0.7600 0.7200 0.8206
0.7800 0.7200 0.8246
0.8000 0.7200 0.8992
0.8200 0.7200 0.9068
0.8400 0.7200 0.9104
0.8600 0.7200 0.9104
0.8800 0.7200 0.9164
0.9000 0.7200 0.9216
0.9200 0.7200 0.9140
0.9400 0.7200 0.9152
0.9600 0.7200 0.8920
0.9800 0.7200 0.9104
1.0000 0.7200 0.9122
1.0200 0.7200 0.9152
1.0400 0.7200 0.9140
1.0600 0.7200 0.9164
1.0800 0.7200 0.9122
1.1000 0.7200 0.9134
1.1200 0.7200 0.9104
1.1400 0.7200 0.9182
1.1600 0.7200 0.9252
1.1800 0.7200 0.9228
1.2000 0.7200 0.9198
1.2200 0.7200 0.9282
1.2400 0.7200 0.9228
1.2600 0.7200 0.9228
1.2800 0.7200 0.9198
1.3000 0.7200 0.9152
1.3200 0.7200 0.9336
1.3400 0.7200 0.9306
1.3600 0.7200 0.9324
1.3800 0.7200 0.9832
1.4000 0.7200 0.9688
1.4200 0.7200 0.9718
1.4400 0.7200 0.9688
1.4600 0.7200 0.9862
1.4800 0.7200 1.0002
1.5000 0.7200 0.9862
1.5200 0.7200 0.9924
1.5400 0.7200 0.9898
1.5600 0.7200 0.9688
1.5800 0.7200 0.9520
1.6000 0.7200 0.9520
1.6200 0.7200 0.9502
1.6400 0.7200 0.9324
1.6600 0.7200 0.9264
1.6800 0.7200 0.9264
1.7000 0.7200 0.9198
1.7200 0.7200 0.9252
1.7400 0.7200 0.9180
1.7600 0.7200 0.9152
1.7800 0.7200 0.9216
1.8000 0.7200 0.9228
1.8200 0.7200 0.9336
1.8400 0.7200 0.9348
1.8600 0.7200 0.9294
1.8800 0.7200 0.9198
1.9000 0.7200 0.9336
1.9200 0.7200 0.9282
1.9400 0.7200 0.9282
1.9600 0.7200 0.9472
1.9800 0.7200 1.0014
2.0000 0.7200 0.9984
2.0200 0.7200 0.9538
2.0400 0.7200 0.9906
2.0600 0.7200 0.9772
2.0800 0.7200 0.9760
2.1000 0.7200 0.9532
2.1200 0.7200 0.9742
2.1400 0.7200 0.9378
2.1600 0.7200 0.9532
2.1800 0.7200 0.9336
2.2000 0.7200 0.9324
2.2200 0.7200 0.9170
2.2400 0.7200 0.9038
2.2600 0.7200 0.9020
2.2800 0.7200 0.8902
2.3000 0.7200 0.8902
2.3200 0.7200 0.9170
2.3400 0.7200 0.9182
2.3600 0.7200 0.9198
2.3800 0.7200 0.9264
2.4000 0.7200 0.9228
2.4200 0.7200 0.9198
2.4400 0.7200 0.9430
2.4600 0.7200 0.9760
2.4800 0.7200 1.0134
2.5000 0.7200 1.0104
2.5200 0.7200 1.0164
2.5400 0.7200 1.0220
2.5600 0.7200 1.0200
2.5800 0.7200 1.0208
2.6000 0.7200 1.0220
2.6200 0.7200 1.0122
2.6400 0.7200 1.0220
2.6600 0.7200 1.0220
2.6800 0.7200 1.0122
2.7000 0.7200 1.0044
2.7200 0.7200 0.9984
2.7400 0.7200 1.0014
2.7600 0.7200 1.0104
2.7800 0.7200 1.0134
2.8000 0.7200 0.9808
2.8200 0.7200 0.9898
2.8400 0.7200 0.9898
2.8600 0.7200 0.9886
2.8800 0.7200 1.0014
2.9000 0.7200 0.9706
2.9200 0.7200 0.9718
2.9400 0.7200 0.9688
2.9600 0.7200 0.9472
2.9800 0.7200 0.9324
3.0000 0.7200 0.9324
3.0200 0.7200 0.9378
3.0400 0.7200 0.9490
3.0600 0.7200 0.9808
3.0800 0.7200 0.9886
3.1000 0.7200 0.9760
3.1200 0.7200 1.0014
3.1400 0.7200 0.9924
3.1600 0.7200 0.9862
3.1800 0.7200 1.0122
3.2000 0.7200 0.9832
3.2200 0.7200 0.8720
3.2400 0.7200 0.8762
3.2600 0.7200 0.8638
3.2800 0.7200 0.8398
3.3000 0.7200 0.8352
3.3200 0.7200 0.8368
3.3400 0.7200 0.8328
3.3600 0.7200 0.8282
3.3800 0.7200 0.8206
3.4000 0.7200 0.8190
3.4200 0.7200 0.8066
3.4400 0.7200 0.8066
3.4600 0.7200 0.8172
3.4800 0.7200 0.8258
3.5000 0.7200 0.8258
3.5200 0.7200 0.8344
3.5400 0.7200 0.8480
3.5600 0.7200 0.9068
3.5800 0.7200 0.9038
3.6000 0.7200 0.9116
3.6200 0.7200 0.9152
3.6400 0.7200 0.9104
3.6600 0.7200 0.9080
3.6800 0.7200 0.9180
3.7000 0.7200 0.9198
3.7200 0.7200 0.9252
3.7400 0.7200 0.9216
3.7600 0.7200 0.9252
3.7800 0.7200 0.9294
3.8000 0.7200 0.9282
3.8200 0.7200 0.9264
3.8400 0.7200 0.9252
3.8600 0.7200 0.9216
3.8800 0.7200 0.9198
3.9000 0.7200 0.9198
3.9200 0.7200 0.9020
3.9400 0.7200 0.8986
3.9600 0.7200 0.9164
3.9800 0.7200 0.9164
4.0000 0.7200 0.9122
4.0200 0.7200 0.9252
4.0400 0.7200 0.9228
4.0600 0.7200 0.9216
4.0800 0.7200 0.9384
4.1000 0.7200 0.9772
4.1200 0.7200 0.9706
4.1400 0.7200 1.0164
4.1600 0.7200 1.0164
4.1800 0.7200 1.0104
4.2000 0.7200 1.0056
4.2200 0.7200 1.0038
4.2400 0.7200 1.0086
4.2600 0.7200 0.9502
4.2800 0.7200 0.9324
4.3000 0.7200 0.9324
4.3200 0.7200 0.9294
4.3400 0.7200 0.9228
4.3600 0.7200 0.9264
4.3800 0.7200 0.9252
4.4000 0.7200 0.9228
4.4200 0.7200 0.9050
4.4400 0.7200 0.8748
4.4600 0.7200 0.8566
4.4800 0.7200 0.8584
4.5000 0.7200 0.8666
4.5200 0.7200 0.8802
4.5400 0.7200 0.8720
4.5600 0.7200 0.8790
4.5800 0.7200 0.8820
4.6000 0.7200 0.8848
4.6200 0.7200 0.9104
4.6400 0.7200 0.9104
4.6600 0.7200 0.9068
4.6800 0.7200 0.9264
4.7000 0.7200 0.9324
4.7200 0.7200 0.9312
4.7400 0.7200 0.9324
4.7600 0.7200 0.9324
4.7800 0.7200 0.9384
4.8000 0.7200 0.9182
4.8200 0.7200 0.9216
4.8400 0.7200 0.9122
4.8600 0.7200 0.8638
4.8800 0.7200 0.8720
4.9000 0.7200 0.8690
4.9200 0.7200 0.9282
4.9400 0.7200 0.9354
4.9600 0.7200 0.9508
4.9800 0.7200 0.9384
5.0000 0.7200 0.9916
5.0200 0.7200 0.9972
5.0400 0.7200 1.0026
5.0600 0.7200 1.0074
5.0800 0.7200 0.9906
5.1000 0.7200 0.9414
5.1200 0.7200 0.9414
5.1400 0.7200 0.9508
5.1600 0.7200 0.9742
5.1800 0.7200 1.0220
5.2000 0.7200 1.0220
5.2200 0.7200 1.0220
5.2400 0.7200 0.9198
5.2600 0.7200 0.9020
0.0000 0.7400 0.8152
0.0200 0.7400 0.8114
0.0400 0.7400 0.8160
0.0600 0.7400 0.8114
0.0800 0.7400 0.8050
0.1000 0.7400 0.8050
0.1200 0.7400 0.8082
0.1400 0.7400 0.8190
0.1600 0.7400 0.8184
0.1800 0.7400 0.8222
0.2000 0.7400 0.8222
0.2200 0.7400 0.8262
0.2400 0.7400 0.8184
0.2600 0.7400 0.8160
0.2800 0.7400 0.8160
0.3000 0.7400 0.8190
0.3200 0.7400 0.8230
0.3400 0.7400 0.8262
0.3600 0.7400 0.8294
0.3800 0.7400 0.8230
0.4000 0.7400 0.8496
0.4200 0.7400 0.8426
0.4400 0.7400 0.8490
0.4600 0.7400 0.8332
0.4800 0.7400 0.8294
0.5000 0.7400 0.8262
0.5200 0.7400 0.8262
0.5400 0.7400 0.8230
0.5600 0.7400 0.8262
0.5800 0.7400 0.8262
0.6000 0.7400 0.8262
0.6200 0.7400 0.8230
0.6400 0.7400 0.8340
0.6600 0.7400 0.8230
0.6800 0.7400 0.8230
0.7000 0.7400 0.8426
0.7200 0.7400 0.8596
0.7400 0.7400 0.8760
0.7600 0.7400 0.8760
0.7800 0.7400 0.8816
0.8000 0.7400 0.9264
0.8200 0.7400 0.9372
0.8400 0.7400 0.9646
0.8600 0.7400 0.9646
0.8800 0.7400 1.0004
0.9000 0.7400 0.9910
0.9200 0.7400 0.9348
0.9400 0.7400 0.9378
0.9600 0.7400 0.9500
0.9800 0.7400 0.9584
1.0000 0.7400 0.9760
1.0200 0.7400 0.9910
1.0400 0.7400 0.9724
1.0600 0.7400 0.9962
1.0800 0.7400 0.9676
1.1000 0.7400 0.9736
1.1200 0.7400 0.9934
1.1400 0.7400 0.9772
1.1600 0.7400 1.0004
1.1800 0.7400 1.0038
1.2000 0.7400 0.9934
1.2200 0.7400 1.0068
1.2400 0.7400 1.0028
1.2600 0.7400 1.0092
1.2800 0.7400 1.0034
1.3000 0.7400 0.9814
1.3200 0.7400 1.0134
1.3400 0.7400 1.0128
1.3600 0.7400 1.0068
1.3800 0.7400 1.0444
1.4000 0.7400 1.0368
1.4200 0.7400 1.0362
1.4400 0.7400 1.0292
1.4600 0.7400 1.0548
1.4800 0.7400 1.0404
1.5000 0.7400 1.0322
1.5200 0.7400 1.0344
1.5400 0.7400 1.0532
1.5600 0.7400 1.0292
1.5800 0.7400 1.0240
1.6000 0.7400 1.0240
1.6200 0.7400 1.0316
1.6400 0.7400 1.0188
1.6600 0.7400 1.0158
1.6800 0.7400 1.0158
1.7000 0.7400 1.0028
1.7200 0.7400 1.0092
1.7400 0.7400 1.0092
1.7600 0.7400 1.0004
1.7800 0.7400 0.9962
1.8000 0.7400 1.0128
1.8200 0.7400 1.0158
1.8400 0.7400 1.0188
1.8600 0.7400 1.0158
1.8800 0.7400 1.0058
1.9000 0.7400 1.0062
1.9200 0.7400 1.0062
1.9400 0.7400 1.0182
1.9600 0.7400 1.0216
1.9800 0.7400 1.0588
2.0000 0.7400 1.0582
2.0200 0.7400 1.0444
2.0400 0.7400 1.0274
2.0600 0.7400 1.0374
2.0800 0.7400 1.0298
2.1000 0.7400 1.0244
2.1200 0.7400 1.0274
2.1400 0.7400 1.0134
2.1600 0.7400 1.0210
2.1800 0.7400 1.0164
2.2000 0.7400 1.0062
2.2200 0.7400 0.9856
2.2400 0.7400 0.9372
2.2600 0.7400 0.9506
2.2800 0.7400 0.9348
2.3000 0.7400 0.9294
2.3200 0.7400 0.9512
2.3400 0.7400 0.9512
2.3600 0.7400 0.9820
2.3800 0.7400 1.0034
2.4000 0.7400 1.0058
2.4200 0.7400 1.0062
2.4400 0.7400 1.0134
2.4600 0.7400 1.0244
2.4800 0.7400 1.0668
2.5000 0.7400 1.0588
2.5200 0.7400 1.0588
2.5400 0.7400 1.0960
2.5600 0.7400 1.0588
2.5800 0.7400 1.0558
2.6000 0.7400 1.0984
2.6200 0.7400 1.0484
2.6400 0.7400 1.0960
2.6600 0.7400 1.0960
2.6800 0.7400 1.0478
2.7000 0.7400 1.0374
2.7200 0.7400 1.0548
2.7400 0.7400 1.0588
2.7600 0.7400 1.0532
2.7800 0.7400 1.0722
2.8000 0.7400 1.0240
2.8200 0.7400 1.0274
2.8400 0.7400 1.0268
2.8600 0.7400 1.0240
2.8800 0.7400 1.0298
2.9000 0.7400 1.0264
2.9200 0.7400 1.0268
2.9400 0.7400 1.0298
2.9600 0.7400 1.0204
2.9800 0.7400 1.0182
3.0000 0.7400 1.0182
3.0200 0.7400 1.0240
3.0400 0.7400 1.0188
3.0600 0.7400 1.0244
3.0800 0.7400 1.0244
3.1000 0.7400 1.0338
3.1200 0.7400 1.0472
3.1400 0.7400 1.0404
3.1600 0.7400 1.0404
3.1800 0.7400 1.0558
3.2000 0.7400 1.0216
3.2200 0.7400 0.9164
3.2400 0.7400 0.9188
3.2600 0.7400 0.9164
3.2800 0.7400 0.9120
3.3000 0.7400 0.8830
3.3200 0.7400 0.8930
3.3400 0.7400 0.8730
3.3600 0.7400 0.8674
3.3800 0.7400 0.8490
3.4000 0.7400 0.8402
3.4200 0.7400 0.8388
3.4400 0.7400 0.8350
3.4600 0.7400 0.8754
3.4800 0.7400 0.9054
3.5000 0.7400 0.9084
3.5200 0.7400 0.9164
3.5400 0.7400 0.9164
3.5600 0.7400 0.9294
3.5800 0.7400 0.9294
3.6000 0.7400 0.9676
3.6200 0.7400 0.9904
3.6400 0.7400 0.9814
3.6600 0.7400 0.9808
3.6800 0.7400 1.0004
3.7000 0.7400 0.9820
3.7200 0.7400 0.9946
3.7400 0.7400 0.9946
3.7600 0.7400 0.9832
3.7800 0.7400 1.0134
3.8000 0.7400 1.0092
3.8200 0.7400 1.0092
3.8400 0.7400 1.0062
3.8600 0.7400 0.9736
3.8800 0.7400 0.9922
3.9000 0.7400 0.9910
3.9200 0.7400 0.9294
3.9400 0.7400 0.9530
3.9600 0.7400 0.9772
3.9800 0.7400 0.9856
4.0000 0.7400 0.9578
4.0200 0.7400 0.9910
4.0400 0.7400 1.0058
4.0600 0.7400 1.0004
4.0800 0.7400 1.0188
4.1000 0.7400 1.0244
4.1200 0.7400 1.0210
4.1400 0.7400 1.0722
4.1600 0.7400 1.0748
4.1800 0.7400 1.0640
4.2000 0.7400 1.0558
4.2200 0.7400 1.0558
4.2400 0.7400 1.0558
4.2600 0.7400 1.0188
4.2800 0.7400 1.0098
4.3000 0.7400 1.0134
4.3200 0.7400 1.0134
4.3400 0.7400 1.0086
4.3600 0.7400 1.0092
4.3800 0.7400 0.9986
4.4000 0.7400 1.0010
4.4200 0.7400 0.9506
4.4400 0.7400 0.9256
4.4600 0.7400 0.9226
4.4800 0.7400 0.9256
4.5000 0.7400 0.9250
4.5200 0.7400 0.9342
4.5400 0.7400 0.9250
4.5600 0.7400 0.9264
4.5800 0.7400 0.9194
4.6000 0.7400 0.9226
4.6200 0.7400 0.9372
4.6400 0.7400 0.9372
4.6600 0.7400 0.9736
4.6800 0.7400 1.0038
4.7000 0.7400 1.0092
4.7200 0.7400 1.0034
4.7400 0.7400 1.0158
4.7600 0.7400 1.0062
4.7800 0.7400 1.0068
4.8000 0.7400 0.9676
4.8200 0.7400 0.9736
4.8400 0.7400 0.9372
4.8600 0.7400 0.9164
4.8800 0.7400 0.9226
4.9000 0.7400 0.9188
4.9200 0.7400 1.0092
4.9400 0.7400 1.0092
4.9600 0.7400 1.0134
4.9800 0.7400 1.0098
5.0000 0.7400 1.0344
5.0200 0.7400 1.0478
5.0400 0.7400 1.0558
5.0600 0.7400 1.0628
5.0800 0.7400 1.0448
5.1000 0.7400 1.0134
5.1200 0.7400 1.0128
5.1400 0.7400 1.0134
5.1600 0.7400 1.0268
5.1800 0.7400 1.1004
5.2000 0.7400 1.0890
5.2200 0.7400 1.0884
5.2400 0.7400 0.9844
5.2600 0.7400 0.9348
0.0000 0.7600 0.8384
0.0200 0.7600 0.8314
0.0400 0.7600 0.8430
0.0600 0.7600 0.8244
0.0800 0.7600 0.8198
0.1000 0.7600 0.8198
0.1200 0.7600 0.8198
0.1400 0.7600 0.8624
0.1600 0.7600 0.8814
0.1800 0.7600 0.8800
0.2000 0.7600 0.8776
0.2200 0.7600 0.8906
0.2400 0.7600 0.8638
0.2600 0.7600 0.8568
0.2800 0.7600 0.8568
0.3000 0.7600 0.8776
0.3200 0.7600 0.8770
0.3400 0.7600 0.8876
0.3600 0.7600 0.8900
0.3800 0.7600 0.8776
0.4000 0.7600 0.8962
0.4200 0.7600 0.9024
0.4400 0.7600 0.9024
0.4600 0.7600 0.8870
0.4800 0.7600 0.8670
0.5000 0.7600 0.8656
0.5200 0.7600 0.8624
0.5400 0.7600 0.8562
0.5600 0.7600 0.8624
0.5800 0.7600 0.8416
0.6000 0.7600 0.8440
0.6200 0.7600 0.8460
0.6400 0.7600 0.8794
0.6600 0.7600 0.8670
0.6800 0.7600 0.8624
0.7000 0.7600 0.8900
0.7200 0.7600 0.9048
0.7400 0.7600 0.9208
0.7600 0.7600 0.9208
0.7800 0.7600 0.9300
0.8000 0.7600 0.9986
0.8200 0.7600 1.0180
0.8400 0.7600 1.0268
0.8600 0.7600 1.0232
0.8800 0.7600 1.0498
0.9000 0.7600 1.0226
0.9200 0.7600 1.0152
0.9400 0.7600 1.0152
0.9600 0.7600 1.0176
0.9800 0.7600 1.0176
1.0000 0.7600 1.0226
1.0200 0.7600 1.0226
1.0400 0.7600 1.0226
1.0600 0.7600 1.0220
1.0800 0.7600 1.0146
1.1000 0.7600 1.0146
1.1200 0.7600 1.0350
1.1400 0.7600 1.0204
1.1600 0.7600 1.0204
1.1800 0.7600 1.0226
1.2000 0.7600 1.0268
1.2200 0.7600 1.0262
1.2400 0.7600 1.0436
1.2600 0.7600 1.0436
1.2800 0.7600 1.0226
1.3000 0.7600 1.0262
1.3200 0.7600 1.0286
1.3400 0.7600 1.0292
1.3600 0.7600 1.0296
1.3800 0.7600 1.1036
1.4000 0.7600 1.1086
1.4200 0.7600 1.1124
1.4400 0.7600 1.1120
1.4600 0.7600 1.1284
1.4800 0.7600 1.1180
1.5000 0.7600 1.1070
1.5200 0.7600 1.1070
1.5400 0.7600 1.1086
1.5600 0.7600 1.1064
1.5800 0.7600 1.0940
1.6000 0.7600 1.0940
1.6200 0.7600 1.1064
1.6400 0.7600 1.0940
1.6600 0.7600 1.0516
1.6800 0.7600 1.0570
1.7000 0.7600 1.0372
1.7200 0.7600 1.0580
1.7400 0.7600 1.0638
1.7600 0.7600 1.0580
1.7800 0.7600 1.0412
1.8000 0.7600 1.0602
1.8200 0.7600 1.0638
1.8400 0.7600 1.0704
1.8600 0.7600 1.0570
1.8800 0.7600 1.0602
1.9000 0.7600 1.0412
1.9200 0.7600 1.0492
1.9400 0.7600 1.0990
1.9600 0.7600 1.0962
1.9800 0.7600 1.1124
2.0000 0.7600 1.1146
2.0200 0.7600 1.1036
2.0400 0.7600 1.0940
2.0600 0.7600 1.0980
2.0800 0.7600 1.0940
2.1000 0.7600 1.0780
2.1200 0.7600 1.0678
2.1400 0.7600 1.0220
2.1600 0.7600 1.0516
2.1800 0.7600 1.0430
2.2000 0.7600 1.0424
2.2200 0.7600 1.0262
2.2400 0.7600 1.0116
2.2600 0.7600 1.0116
2.2800 0.7600 1.0038
2.3000 0.7600 1.0008
2.3200 0.7600 1.0152
2.3400 0.7600 1.0152
2.3600 0.7600 1.0226
2.3800 0.7600 1.0382
2.4000 0.7600 1.0436
2.4200 0.7600 1.0372
2.4400 0.7600 1.0344
2.4600 0.7600 1.0602
2.4800 0.7600 1.1086
2.5000 0.7600 1.1064
2.5200 0.7600 1.1014
2.5400 0.7600 1.1086
2.5600 0.7600 1.1206
2.5800 0.7600 1.1180
2.6000 0.7600 1.1220
2.6200 0.7600 1.1090
2.6400 0.7600 1.1140
2.6600 0.7600 1.1114
2.6800 0.7600 1.1070
2.7000 0.7600 1.1036
2.7200 0.7600 1.1120
2.7400 0.7600 1.1146
2.7600 0.7600 1.1234
2.7800 0.7600 1.1140
2.8000 0.7600 1.1070
2.8200 0.7600 1.0956
2.8400 0.7600 1.0940
2.8600 0.7600 1.0996
2.8800 0.7600 1.0962
2.9000 0.7600 1.1040
2.9200 0.7600 1.1020
2.9400 0.7600 1.1020
2.9600 0.7600 1.0916
2.9800 0.7600 1.0962
3.0000 0.7600 1.0962
3.0200 0.7600 1.1014
3.0400 0.7600 1.0910
3.0600 0.7600 1.0916
3.0800 0.7600 1.0940
3.1000 0.7600 1.0986
3.1200 0.7600 1.1064
3.1400 0.7600 1.1020
3.1600 0.7600 1.1020
3.1800 0.7600 1.1060
3.2000 0.7600 1.0638
3.2200 0.7600 1.0122
3.2400 0.7600 1.0122
3.2600 0.7600 0.9706
3.2800 0.7600 0.9664
3.3000 0.7600 0.9208
3.3200 0.7600 0.9246
3.3400 0.7600 0.9184
3.3600 0.7600 0.9176
3.3800 0.7600 0.9054
3.4000 0.7600 0.9024
3.4200 0.7600 0.9146
3.4400 0.7600 0.9184
3.4600 0.7600 0.9300
3.4800 0.7600 0.9604
3.5000 0.7600 0.9694
3.5200 0.7600 0.9718
3.5400 0.7600 0.9962
3.5600 0.7600 0.9956
3.5800 0.7600 0.9980
3.6000 0.7600 1.0176
3.6200 0.7600 1.0320
3.6400 0.7600 1.0614
3.6600 0.7600 1.0492
3.6800 0.7600 1.0286
3.7000 0.7600 1.0204
3.7200 0.7600 1.0220
3.7400 0.7600 1.0226
3.7600 0.7600 1.0296
3.7800 0.7600 1.0436
3.8000 0.7600 1.0406
3.8200 0.7600 1.0516
3.8400 0.7600 1.0292
3.8600 0.7600 1.0226
3.8800 0.7600 1.0204
3.9000 0.7600 1.0204
3.9200 0.7600 1.0062
3.9400 0.7600 1.0204
3.9600 0.7600 1.0226
3.9800 0.7600 1.0204
4.0000 0.7600 1.0296
4.0200 0.7600 1.0256
4.0400 0.7600 1.0350
4.0600 0.7600 1.0268
4.0800 0.7600 1.0580
4.1000 0.7600 1.0780
4.1200 0.7600 1.1020
4.1400 0.7600 1.1170
4.1600 0.7600 1.1140
4.1800 0.7600 1.1086
4.2000 0.7600 1.1064
4.2200 0.7600 1.0986
4.2400 0.7600 1.0980
4.2600 0.7600 1.0894
4.2800 0.7600 1.0412
4.3000 0.7600 1.0580
4.3200 0.7600 1.0602
4.3400 0.7600 1.0626
4.3600 0.7600 1.0448
4.3800 0.7600 1.0226
4.4000 0.7600 1.0232
4.4200 0.7600 1.0116
4.4400 0.7600 1.0062
4.4600 0.7600 1.0008
4.4800 0.7600 1.0062
4.5000 0.7600 1.0062
4.5200 0.7600 1.0146
4.5400 0.7600 1.0156
4.5600 0.7600 1.0152
4.5800 0.7600 1.0038
4.6000 0.7600 0.9950
4.6200 0.7600 1.0086
4.6400 0.7600 1.0032
4.6600 0.7600 1.0200
4.6800 0.7600 1.0372
4.7000 0.7600 1.0602
4.7200 0.7600 1.0498
4.7400 0.7600 1.0780
4.7600 0.7600 1.0316
4.7800 0.7600 1.0372
4.8000 0.7600 1.0326
4.8200 0.7600 1.0268
4.8400 0.7600 1.0146
4.8600 0.7600 0.9986
4.8800 0.7600 1.0098
4.9000 0.7600 1.0038
4.9200 0.7600 1.0436
4.9400 0.7600 1.0522
4.9600 0.7600 1.0614
4.9800 0.7600 1.0586
5.0000 0.7600 1.1064
5.0200 0.7600 1.1180
5.0400 0.7600 1.1174
5.0600 0.7600 1.1196
5.0800 0.7600 1.1010
5.1000 0.7600 1.0916
5.1200 0.7600 1.0522
5.1400 0.7600 1.0596
5.1600 0.7600 1.0986
5.1800 0.7600 1.1330
5.2000 0.7600 1.1196
5.2200 0.7600 1.1174
5.2400 0.7600 1.0256
5.2600 0.7600 1.0116
0.0000 0.7800 0.9016
0.0200 0.7800 0.8986
0.0400 0.7800 0.9052
0.0600 0.7800 0.8882
0.0800 0.7800 0.8800
0.1000 0.7800 0.8828
0.1200 0.7800 0.8728
0.1400 0.7800 0.9128
0.1600 0.7800 0.9224
0.1800 0.7800 0.9260
0.2000 0.7800 0.9212
0.2200 0.7800 0.9414
0.2400 0.7800 0.9312
0.2600 0.7800 0.9402
0.2800 0.7800 0.9402
0.3000 0.7800 0.9342
0.3200 0.7800 0.9414
0.3400 0.7800 0.9342
0.3600 0.7800 0.9384
0.3800 0.7800 0.9224
0.4000 0.7800 0.9276
0.4200 0.7800 0.9306
0.4400 0.7800 0.9318
0.4600 0.7800 0.9212
0.4800 0.7800 0.9158
0.5000 0.7800 0.9116
0.5200 0.7800 0.9116
0.5400 0.7800 0.9082
0.5600 0.7800 0.9146
0.5800 0.7800 0.8910
0.6000 0.7800 0.8910
0.6200 0.7800 0.8940
0.6400 0.7800 0.9176
0.6600 0.7800 0.9128
0.6800 0.7800 0.9116
0.7000 0.7800 0.9212
0.7200 0.7800 0.9276
0.7400 0.7800 0.9742
0.7600 0.7800 0.9814
0.7800 0.7800 1.0074
0.8000 0.7800 1.0456
0.8200 0.7800 1.0978
0.8400 0.7800 1.0986
0.8600 0.7800 1.0948
0.8800 0.7800 1.1048
0.9000 0.7800 1.0948
0.9200 0.7800 1.0620
0.9400 0.7800 1.0686
0.9600 0.7800 1.0536
0.9800 0.7800 1.0742
1.0000 0.7800 1.0792
1.0200 0.7800 1.0724
1.0400 0.7800 1.0948
1.0600 0.7800 1.0792
1.0800 0.7800 1.0504
1.1000 0.7800 1.0456
1.1200 0.7800 1.0910
1.1400 0.7800 1.0566
1.1600 0.7800 1.0742
1.1800 0.7800 1.0742
1.2000 0.7800 1.0948
1.2200 0.7800 1.0948
1.2400 0.7800 1.0968
1.2600 0.7800 1.0998
1.2800 0.7800 1.0724
1.3000 0.7800 1.0856
1.3200 0.7800 1.0786
1.3400 0.7800 1.0880
1.3600 0.7800 1.1028
1.3800 0.7800 1.1440
1.4000 0.7800 1.1610
1.4200 0.7800 1.1650
1.4400 0.7800 1.1668
1.4600 0.7800 1.1820
1.4800 0.7800 1.1794
1.5000 0.7800 1.1572
1.5200 0.7800 1.1472
1.5400 0.7800 1.1502
1.5600 0.7800 1.1332
1.5800 0.7800 1.1202
1.6000 0.7800 1.1140
1.6200 0.7800 1.1502
1.6400 0.7800 1.1110
1.6600 0.7800 1.1022
1.6800 0.7800 1.1040
1.7000 0.7800 1.0960
1.7200 0.7800 1.1098
1.7400 0.7800 1.1072
1.7600 0.7800 1.1040
1.7800 0.7800 1.1052
1.8000 0.7800 1.1202
1.8200 0.7800 1.1072
1.8400 0.7800 1.1072
1.8600 0.7800 1.1040
1.8800 0.7800 1.1152
1.9000 0.7800 1.1140
1.9200 0.7800 1.1152
1.9400 0.7800 1.1332
1.9600 0.7800 1.1390
1.9800 0.7800 1.1692
2.0000 0.7800 1.1724
2.0200 0.7800 1.1494
2.0400 0.7800 1.1258
2.0600 0.7800 1.1122
2.0800 0.7800 1.1090
2.1000 0.7800 1.1152
2.1200 0.7800 1.1040
2.1400 0.7800 1.0928
2.1600 0.7800 1.0930
2.1800 0.7800 1.0828
2.2000 0.7800 1.1090
2.2200 0.7800 1.0880
2.2400 0.7800 1.0358
2.2600 0.7800 1.0358
2.2800 0.7800 1.0328
2.3000 0.7800 1.0554
2.3200 0.7800 1.0536
2.3400 0.7800 1.0554
2.3600 0.7800 1.0940
2.3800 0.7800 1.1040
2.4000 0.7800 1.1060
2.4200 0.7800 1.1040
2.4400 0.7800 1.1052
2.4600 0.7800 1.1110
2.4800 0.7800 1.1622
2.5000 0.7800 1.1544
2.5200 0.7800 1.1452
2.5400 0.7800 1.1572
2.5600 0.7800 1.1794
2.5800 0.7800 1.1794
2.6000 0.7800 1.1680
2.6200 0.7800 1.1730
2.6400 0.7800 1.1680
2.6600 0.7800 1.1652
2.6800 0.7800 1.1782
2.7000 0.7800 1.1420
2.7200 0.7800 1.1770
2.7400 0.7800 1.1782
2.7600 0.7800 1.1820
2.7800 0.7800 1.1650
2.8000 0.7800 1.1622
2.8200 0.7800 1.1320
2.8400 0.7800 1.1270
2.8600 0.7800 1.1590
2.8800 0.7800 1.1544
2.9000 0.7800 1.1652
2.9200 0.7800 1.1572
2.9400 0.7800 1.1440
2.9600 0.7800 1.1190
2.9800 0.7800 1.1270
3.0000 0.7800 1.1270
3.0200 0.7800 1.1202
3.0400 0.7800 1.1282
3.0600 0.7800 1.1338
3.0800 0.7800 1.1290
3.1000 0.7800 1.1178
3.1200 0.7800 1.1370
3.1400 0.7800 1.1390
3.1600 0.7800 1.1302
3.1800 0.7800 1.1270
3.2000 0.7800 1.1170
3.2200 0.7800 1.0868
3.2400 0.7800 1.0886
3.2600 0.7800 1.0376
3.2800 0.7800 1.0230
3.3000 0.7800 0.9898
3.3200 0.7800 0.9934
3.3400 0.7800 0.9880
3.3600 0.7800 0.9712
3.3800 0.7800 0.9396
3.4000 0.7800 0.9384
3.4200 0.7800 0.9580
3.4400 0.7800 0.9904
3.4600 0.7800 1.0000
3.4800 0.7800 1.0212
3.5000 0.7800 1.0200
3.5200 0.7800 1.0188
3.5400 0.7800 1.0328
3.5600 0.7800 1.0328
3.5800 0.7800 1.0346
3.6000 0.7800 1.0886
3.6200 0.7800 1.0960
3.6400 0.7800 1.1110
3.6600 0.7800 1.1072
3.6800 0.7800 1.0804
3.7000 0.7800 1.0784
3.7200 0.7800 1.0548
3.7400 0.7800 1.0450
3.7600 0.7800 1.1090
3.7800 0.7800 1.0960
3.8000 0.7800 1.0910
3.8200 0.7800 1.0918
3.8400 0.7800 1.0786
3.8600 0.7800 1.0792
3.8800 0.7800 1.0742
3.9000 0.7800 1.0772
3.9200 0.7800 1.0516
3.9400 0.7800 1.0754
3.9600 0.7800 1.0868
3.9800 0.7800 1.0662
4.0000 0.7800 1.0960
4.0200 0.7800 1.0978
4.0400 0.7800 1.0948
4.0600 0.7800 1.0940
4.0800 0.7800 1.1040
4.1000 0.7800 1.1152
4.1200 0.7800 1.1352
4.1400 0.7800 1.1680
4.1600 0.7800 1.1592
4.1800 0.7800 1.1680
4.2000 0.7800 1.1564
4.2200 0.7800 1.1110
4.2400 0.7800 1.1110
4.2600 0.7800 1.1270
4.2800 0.7800 1.1128
4.3000 0.7800 1.1098
4.3200 0.7800 1.1098
4.3400 0.7800 1.1040
4.3600 0.7800 1.1060
4.3800 0.7800 1.0940
4.4000 0.7800 1.0948
4.4200 0.7800 1.0504
4.4400 0.7800 1.0492
4.4600 0.7800 1.0358
4.4800 0.7800 1.0358
4.5000 0.7800 1.0370
4.5200 0.7800 1.0504
4.5400 0.7800 1.0772
4.5600 0.7800 1.0686
4.5800 0.7800 1.0742
4.6000 0.7800 1.0256
4.6200 0.7800 1.0418
4.6400 0.7800 1.0274
4.6600 0.7800 1.0504
4.6800 0.7800 1.1128
4.7000 0.7800 1.1282
4.7200 0.7800 1.1282
4.7400 0.7800 1.1152
4.7600 0.7800 1.0986
4.7800 0.7800 1.1152
4.8000 0.7800 1.1010
4.8200 0.7800 1.0986
4.8400 0.7800 1.0504
4.8600 0.7800 1.0220
4.8800 0.7800 1.0566
4.9000 0.7800 1.0340
4.9200 0.7800 1.1040
4.9400 0.7800 1.1250
4.9600 0.7800 1.1258
4.9800 0.7800 1.1220
5.0000 0.7800 1.1692
5.0200 0.7800 1.1864
5.0400 0.7800 1.1812
5.0600 0.7800 1.1832
5.0800 0.7800 1.1494
5.1000 0.7800 1.1370
5.1200 0.7800 1.1072
5.1400 0.7800 1.1072
5.1600 0.7800 1.1382
5.1800 0.7800 1.1820
5.2000 0.7800 1.1750
5.2200 0.7800 1.1724
5.2400 0.7800 1.0868
5.2600 0.7800 1.0504
0.0000 0.8000 0.9390
0.0200 0.8000 0.9390
0.0400 0.8000 0.9640
0.0600 0.8000 0.9360
0.0800 0.8000 0.9330
0.1000 0.8000 0.9360
0.1200 0.8000 0.9420
0.1400 0.8000 0.9580
0.1600 0.8000 0.9760
0.1800 0.8000 1.0050
0.2000 0.8000 1.0050
0.2200 0.8000 1.0140
0.2400 0.8000 1.0140
0.2600 0.8000 1.0200
0.2800 0.8000 1.0170
0.3000 0.8000 1.0110
0.3200 0.8000 1.0140
0.3400 0.8000 1.0080
0.3600 0.8000 1.0080
0.3800 0.8000 0.9790
0.4000 0.8000 0.9940
0.4200 0.8000 0.9970
0.4400 0.8000 0.9940
0.4600 0.8000 0.9850
0.4800 0.8000 0.9640
0.5000 0.8000 0.9580
0.5200 0.8000 0.9670
0.5400 0.8000 0.9330
0.5600 0.8000 0.9490
0.5800 0.8000 0.9390
0.6000 0.8000 0.9490
0.6200 0.8000 0.9640
0.6400 0.8000 0.9700
0.6600 0.8000 0.9790
0.6800 0.8000 0.9790
0.7000 0.8000 0.9940
0.7200 0.8000 0.9940
0.7400 0.8000 1.0200
0.7600 0.8000 1.0200
0.7800 0.8000 1.0360
0.8000 0.8000 1.1160
0.8200 0.8000 1.1410
0.8400 0.8000 1.1260
0.8600 0.8000 1.1380
0.8800 0.8000 1.1410
0.9000 0.8000 1.1310
0.9200 0.8000 1.1130
0.9400 0.8000 1.1160
0.9600 0.8000 1.1080
0.9800 0.8000 1.1180
1.0000 0.8000 1.1160
1.0200 0.8000 1.1110
1.0400 0.8000 1.1410
1.0600 0.8000 1.1160
1.0800 0.8000 1.1110
1.1000 0.8000 1.1130
1.1200 0.8000 1.1080
1.1400 0.8000 1.1080
1.1600 0.8000 1.1330
1.1800 0.8000 1.1310
1.2000 0.8000 1.1260
1.2200 0.8000 1.1410
1.2400 0.8000 1.1430
1.2600 0.8000 1.1480
1.2800 0.8000 1.1310
1.3000 0.8000 1.1180
1.3200 0.8000 1.1230
1.3400 0.8000 1.1230
1.3600 0.8000 1.1720
1.3800 0.8000 1.1970
1.4000 0.8000 1.2130
1.4200 0.8000 1.2130
1.4400 0.8000 1.2130
1.4600 0.8000 1.2350
1.4800 0.8000 1.2170
1.5000 0.8000 1.1860
1.5200 0.8000 1.1840
1.5400 0.8000 1.1880
1.5600 0.8000 1.1840
1.5800 0.8000 1.1810
1.6000 0.8000 1.1740
1.6200 0.8000 1.1840
1.6400 0.8000 1.1500
1.6600 0.8000 1.1580
1.6800 0.8000 1.1550
1.7000 0.8000 1.1330
1.7200 0.8000 1.1620
1.7400 0.8000 1.1650
1.7600 0.8000 1.1500
1.7800 0.8000 1.1790
1.8000 0.8000 1.1810
1.8200 0.8000 1.1720
1.8400 0.8000 1.1720
1.8600 0.8000 1.1700
1.8800 0.8000 1.1790
1.9000 0.8000 1.1790
1.9200 0.8000 1.1790
1.9400 0.8000 1.2130
1.9600 0.8000 1.1880
1.9800 0.8000 1.2060
2.0000 0.8000 1.2020
2.0200 0.8000 1.2150
2.0400 0.8000 1.2060
2.0600 0.8000 1.1700
2.0800 0.8000 1.1650
2.1000 0.8000 1.1840
2.1200 0.8000 1.1790
2.1400 0.8000 1.1790
2.1600 0.8000 1.1550
2.1800 0.8000 1.1500
2.2000 0.8000 1.1740
2.2200 0.8000 1.1130
2.2400 0.8000 1.1110
2.2600 0.8000 1.1110
2.2800 0.8000 1.1060
2.3000 0.8000 1.1110
2.3200 0.8000 1.1130
2.3400 0.8000 1.1130
2.3600 0.8000 1.1550
2.3800 0.8000 1.1580
2.4000 0.8000 1.1770
2.4200 0.8000 1.1670
2.4400 0.8000 1.1740
2.4600 0.8000 1.2020
2.4800 0.8000 1.2130
2.5000 0.8000 1.2280
2.5200 0.8000 1.2130
2.5400 0.8000 1.2220
2.5600 0.8000 1.2460
2.5800 0.8000 1.2460
2.6000 0.8000 1.2170
2.6200 0.8000 1.2430
2.6400 0.8000 1.2390
2.6600 0.8000 1.2390
2.6800 0.8000 1.2480
2.7000 0.8000 1.2130
2.7200 0.8000 1.2410
2.7400 0.8000 1.2370
2.7600 0.8000 1.2350
2.7800 0.8000 1.2090
2.8000 0.8000 1.2240
2.8200 0.8000 1.2000
2.8400 0.8000 1.1970
2.8600 0.8000 1.1900
2.8800 0.8000 1.2130
2.9000 0.8000 1.2090
2.9200 0.8000 1.2020
2.9400 0.8000 1.1860
2.9600 0.8000 1.1810
2.9800 0.8000 1.1790
3.0000 0.8000 1.1790
3.0200 0.8000 1.1700
3.0400 0.8000 1.1860
3.0600 0.8000 1.1880
3.0800 0.8000 1.1860
3.1000 0.8000 1.1860
3.1200 0.8000 1.2060
3.1400 0.8000 1.1810
3.1600 0.8000 1.1770
3.1800 0.8000 1.1810
3.2000 0.8000 1.1790
3.2200 0.8000 1.1410
3.2400 0.8000 1.1430
3.2600 0.8000 1.1110
3.2800 0.8000 1.0980
3.3000 0.8000 1.0580
3.3200 0.8000 1.0560
3.3400 0.8000 1.0310
3.3600 0.8000 1.0220
3.3800 0.8000 1.0110
3.4000 0.8000 1.0110
3.4200 0.8000 1.0170
3.4400 0.8000 1.0220
3.4600 0.8000 1.0220
3.4800 0.8000 1.0950
3.5000 0.8000 1.0930
3.5200 0.8000 1.0900
3.5400 0.8000 1.0980
3.5600 0.8000 1.1060
3.5800 0.8000 1.1080
3.6000 0.8000 1.1330
3.6200 0.8000 1.1330
3.6400 0.8000 1.1670
3.6600 0.8000 1.1620
3.6800 0.8000 1.1310
3.7000 0.8000 1.1480
3.7200 0.8000 1.1080
3.7400 0.8000 1.1010
3.7600 0.8000 1.1500
3.7800 0.8000 1.1330
3.8000 0.8000 1.1210
3.8200 0.8000 1.1110
3.8400 0.8000 1.1080
3.8600 0.8000 1.1080
3.8800 0.8000 1.1110
3.9000 0.8000 1.1130
3.9200 0.8000 1.1160
3.9400 0.8000 1.1160
3.9600 0.8000 1.1210
3.9800 0.8000 1.1180
4.0000 0.8000 1.1330
4.0200 0.8000 1.1500
4.0400 0.8000 1.1580
4.0600 0.8000 1.1650
4.0800 0.8000 1.1580
4.1000 0.8000 1.1840
4.1200 0.8000 1.1840
4.1400 0.8000 1.2060
4.1600 0.8000 1.2060
4.1800 0.8000 1.2060
4.2000 0.8000 1.2020
4.2200 0.8000 1.1790
4.2400 0.8000 1.1790
4.2600 0.8000 1.1740
4.2800 0.8000 1.1790
4.3000 0.8000 1.1700
4.3200 0.8000 1.1720
4.3400 0.8000 1.1550
4.3600 0.8000 1.1650
4.3800 0.8000 1.1410
4.4000 0.8000 1.1430
4.4200 0.8000 1.1130
4.4400 0.8000 1.1080
4.4600 0.8000 1.1010
4.4800 0.8000 1.1010
4.5000 0.8000 1.1010
4.5200 0.8000 1.1080
4.5400 0.8000 1.1160
4.5600 0.8000 1.1110
4.5800 0.8000 1.1230
4.6000 0.8000 1.1080
4.6200 0.8000 1.1230
4.6400 0.8000 1.1210
4.6600 0.8000 1.1430
4.6800 0.8000 1.1790
4.7000 0.8000 1.1840
4.7200 0.8000 1.1810
4.7400 0.8000 1.1770
4.7600 0.8000 1.1580
4.7800 0.8000 1.1770
4.8000 0.8000 1.1480
4.8200 0.8000 1.1430
4.8400 0.8000 1.1080
4.8600 0.8000 1.0850
4.8800 0.8000 1.1210
4.9000 0.8000 1.1110
4.9200 0.8000 1.1580
4.9400 0.8000 1.1840
4.9600 0.8000 1.2000
4.9800 0.8000 1.2000
5.0000 0.8000 1.2390
5.0200 0.8000 1.2480
5.0400 0.8000 1.2500
5.0600 0.8000 1.2520
5.0800 0.8000 1.2170
5.1000 0.8000 1.1860
5.1200 0.8000 1.1770
5.1400 0.8000 1.1770
5.1600 0.8000 1.1880
5.1800 0.8000 1.2460
5.2000 0.8000 1.2310
5.2200 0.8000 1.2240
5.2400 0.8000 1.1230
5.2600 0.8000 1.1180
0.0000 0.8200 1.0056
0.0200 0.8200 1.0074
0.0400 0.8200 1.0152
0.0600 0.8200 1.0056
0.0800 0.8200 1.0026
0.1000 0.8200 1.0026
0.1200 0.8200 1.0122
0.1400 0.8200 1.0122
0.1600 0.8200 1.0164
0.1800 0.8200 1.0600
0.2000 0.8200 1.0516
0.2200 0.8200 1.0696
0.2400 0.8200 1.0844
0.2600 0.8200 1.0802
0.2800 0.8200 1.0790
0.3000 0.8200 1.0434
0.3200 0.8200 1.0404
0.3400 0.8200 1.0608
0.3600 0.8200 1.0516
0.3800 0.8200 1.0244
0.4000 0.8200 1.0232
0.4200 0.8200 1.0262
0.4400 0.8200 1.0244
0.4600 0.8200 1.0220
0.4800 0.8200 1.0134
0.5000 0.8200 1.0182
0.5200 0.8200 1.0208
0.5400 0.8200 0.9990
0.5600 0.8200 1.0074
0.5800 0.8200 1.0074
0.6000 0.8200 1.0092
0.6200 0.8200 1.0200
0.6400 0.8200 1.0164
0.6600 0.8200 1.0182
0.6800 0.8200 1.0182
0.7000 0.8200 1.0220
0.7200 0.8200 1.0208
0.7400 0.8200 1.0932
0.7600 0.8200 1.0908
0.7800 0.8200 1.0992
0.8000 0.8200 1.1608
0.8200 0.8200 1.1810
0.8400 0.8200 1.1786
0.8600 0.8200 1.1838
0.8800 0.8200 1.1822
0.9000 0.8200 1.1770
0.9200 0.8200 1.1778
0.9400 0.8200 1.1778
0.9600 0.8200 1.1590
0.9800 0.8200 1.1690
1.0000 0.8200 1.1698
1.0200 0.8200 1.1678
1.0400 0.8200 1.1798
1.0600 0.8200 1.1640
1.0800 0.8200 1.1652
1.1000 0.8200 1.1698
1.1200 0.8200 1.1598
1.1400 0.8200 1.1420
1.1600 0.8200 1.1838
1.1800 0.8200 1.1838
1.2000 0.8200 1.1778
1.2200 0.8200 1.1810
1.2400 0.8200 1.2096
1.2600 0.8200 1.2064
1.2800 0.8200 1.1838
1.3000 0.8200 1.2214
1.3200 0.8200 1.2166
1.3400 0.8200 1.2142
1.3600 0.8200 1.1876
1.3800 0.8200 1.2496
1.4000 0.8200 1.2556
1.4200 0.8200 1.2568
1.4400 0.8200 1.2556
1.4600 0.8200 1.2548
1.4800 0.8200 1.2556
1.5000 0.8200 1.2624
1.5200 0.8200 1.2612
1.5400 0.8200 1.2536
1.5600 0.8200 1.2088
1.5800 0.8200 1.2418
1.6000 0.8200 1.2394
1.6200 0.8200 1.2226
1.6400 0.8200 1.2064
1.6600 0.8200 1.1920
1.6800 0.8200 1.1928
1.7000 0.8200 1.1856
1.7200 0.8200 1.1928
1.7400 0.8200 1.2122
1.7600 0.8200 1.2122
1.7800 0.8200 1.2450
1.8000 0.8200 1.2284
1.8200 0.8200 1.2256
1.8400 0.8200 1.2324
1.8600 0.8200 1.2178
1.8800 0.8200 1.2186
1.9000 0.8200 1.2426
1.9200 0.8200 1.2394
1.9400 0.8200 1.2508
1.9600 0.8200 1.2488
1.9800 0.8200 1.2508
2.0000 0.8200 1.2488
2.0200 0.8200 1.2480
2.0400 0.8200 1.2536
2.0600 0.8200 1.2316
2.0800 0.8200 1.2292
2.1000 0.8200 1.2438
2.1200 0.8200 1.2268
2.1400 0.8200 1.2198
2.1600 0.8200 1.2036
2.1800 0.8200 1.2114
2.2000 0.8200 1.2096
2.2200 0.8200 1.1748
2.2400 0.8200 1.1760
2.2600 0.8200 1.1728
2.2800 0.8200 1.1560
2.3000 0.8200 1.1548
2.3200 0.8200 1.1760
2.3400 0.8200 1.1760
2.3600 0.8200 1.1876
2.3800 0.8200 1.1888
2.4000 0.8200 1.1938
2.4200 0.8200 1.1938
2.4400 0.8200 1.2064
2.4600 0.8200 1.2488
2.4800 0.8200 1.2488
2.5000 0.8200 1.2508
2.5200 0.8200 1.2556
2.5400 0.8200 1.2560
2.5600 0.8200 1.3034
2.5800 0.8200 1.2954
2.6000 0.8200 1.2902
2.6200 0.8200 1.2758
2.6400 0.8200 1.2722
2.6600 0.8200 1.2722
2.6800 0.8200 1.2640
2.7000 0.8200 1.2528
2.7200 0.8200 1.2668
2.7400 0.8200 1.2636
2.7600 0.8200 1.2568
2.7800 0.8200 1.2548
2.8000 0.8200 1.2548
2.8200 0.8200 1.2450
2.8400 0.8200 1.2430
2.8600 0.8200 1.2438
2.8800 0.8200 1.2500
2.9000 0.8200 1.2488
2.9200 0.8200 1.2476
2.9400 0.8200 1.2374
2.9600 0.8200 1.2394
2.9800 0.8200 1.2342
3.0000 0.8200 1.2256
3.0200 0.8200 1.2186
3.0400 0.8200 1.2386
3.0600 0.8200 1.2308
3.0800 0.8200 1.2146
3.1000 0.8200 1.2468
3.1200 0.8200 1.2536
3.1400 0.8200 1.2292
3.1600 0.8200 1.2150
3.1800 0.8200 1.2426
3.2000 0.8200 1.2096
3.2200 0.8200 1.1778
3.2400 0.8200 1.1778
3.2600 0.8200 1.1608
3.2800 0.8200 1.1362
3.3000 0.8200 1.1092
3.3200 0.8200 1.1092
3.3400 0.8200 1.0950
3.3600 0.8200 1.0974
3.3800 0.8200 1.0742
3.4000 0.8200 1.0742
3.4200 0.8200 1.0742
3.4400 0.8200 1.0722
3.4600 0.8200 1.0950
3.4800 0.8200 1.1130
3.5000 0.8200 1.1118
3.5200 0.8200 1.1188
3.5400 0.8200 1.1188
3.5600 0.8200 1.1590
3.5800 0.8200 1.1652
3.6000 0.8200 1.1778
3.6200 0.8200 1.1856
3.6400 0.8200 1.1848
3.6600 0.8200 1.1856
3.6800 0.8200 1.1798
3.7000 0.8200 1.1798
3.7200 0.8200 1.1768
3.7400 0.8200 1.1710
3.7600 0.8200 1.2018
3.7800 0.8200 1.2122
3.8000 0.8200 1.1778
3.8200 0.8200 1.1760
3.8400 0.8200 1.1748
3.8600 0.8200 1.1710
3.8800 0.8200 1.1678
3.9000 0.8200 1.1698
3.9200 0.8200 1.1698
3.9400 0.8200 1.1652
3.9600 0.8200 1.1698
3.9800 0.8200 1.1690
4.0000 0.8200 1.1892
4.0200 0.8200 1.2096
4.0400 0.8200 1.2272
4.0600 0.8200 1.2284
4.0800 0.8200 1.2292
4.1000 0.8200 1.2394
4.1200 0.8200 1.2394
4.1400 0.8200 1.2576
4.1600 0.8200 1.2596
4.1800 0.8200 1.2450
4.2000 0.8200 1.2516
4.2200 0.8200 1.2334
4.2400 0.8200 1.2342
4.2600 0.8200 1.1864
4.2800 0.8200 1.2198
4.3000 0.8200 1.1946
4.3200 0.8200 1.1946
4.3400 0.8200 1.1856
4.3600 0.8200 1.1876
4.3800 0.8200 1.1822
4.4000 0.8200 1.1856
4.4200 0.8200 1.1578
4.4400 0.8200 1.1438
4.4600 0.8200 1.1142
4.4800 0.8200 1.1092
4.5000 0.8200 1.1262
4.5200 0.8200 1.1548
4.5400 0.8200 1.1640
4.5600 0.8200 1.1532
4.5800 0.8200 1.1810
4.6000 0.8200 1.1686
4.6200 0.8200 1.1778
4.6400 0.8200 1.1778
4.6600 0.8200 1.1888
4.6800 0.8200 1.2272
4.7000 0.8200 1.2214
4.7200 0.8200 1.2214
4.7400 0.8200 1.2198
4.7600 0.8200 1.1970
4.7800 0.8200 1.2096
4.8000 0.8200 1.1978
4.8200 0.8200 1.1970
4.8400 0.8200 1.1728
4.8600 0.8200 1.1308
4.8800 0.8200 1.1810
4.9000 0.8200 1.1798
4.9200 0.8200 1.2052
4.9400 0.8200 1.2342
4.9600 0.8200 1.2536
4.9800 0.8200 1.2536
5.0000 0.8200 1.2528
5.0200 0.8200 1.2616
5.0400 0.8200 1.2782
5.0600 0.8200 1.2802
5.0800 0.8200 1.2548
5.1000 0.8200 1.2374
5.1200 0.8200 1.2418
5.1400 0.8200 1.2418
5.1600 0.8200 1.2418
5.1800 0.8200 1.2580
5.2000 0.8200 1.2568
5.2200 0.8200 1.2568
5.2400 0.8200 1.1740
5.2600 0.8200 1.1728
0.0000 0.8400 1.0328
0.0200 0.8400 1.0298
0.0400 0.8400 1.0566
0.0600 0.8400 1.0328
0.0800 0.8400 1.0328
0.1000 0.8400 1.0344
0.1200 0.8400 1.0350
0.1400 0.8400 1.0668
0.1600 0.8400 1.0722
0.1800 0.8400 1.1050
0.2000 0.8400 1.1026
0.2200 0.8400 1.1076
0.2400 0.8400 1.1120
0.2600 0.8400 1.1076
0.2800 0.8400 1.1076
0.3000 0.8400 1.1004
0.3200 0.8400 1.0974
0.3400 0.8400 1.1050
0.3600 0.8400 1.1026
0.3800 0.8400 1.0914
0.4000 0.8400 1.0964
0.4200 0.8400 1.0964
0.4400 0.8400 1.0936
0.4600 0.8400 1.0960
0.4800 0.8400 1.0788
0.5000 0.8400 1.0794
0.5200 0.8400 1.0794
0.5400 0.8400 1.0298
0.5600 0.8400 1.0322
0.5800 0.8400 1.0216
0.6000 0.8400 1.0220
0.6200 0.8400 1.0600
0.6400 0.8400 1.0328
0.6600 0.8400 1.0542
0.6800 0.8400 1.0542
0.7000 0.8400 1.0722
0.7200 0.8400 1.0830
0.7400 0.8400 1.1316
0.7600 0.8400 1.1294
0.7800 0.8400 1.1200
0.8000 0.8400 1.1936
0.8200 0.8400 1.2258
0.8400 0.8400 1.2344
0.8600 0.8400 1.2352
0.8800 0.8400 1.2206
0.9000 0.8400 1.1920
0.9200 0.8400 1.1940
0.9400 0.8400 1.1936
0.9600 0.8400 1.1876
0.9800 0.8400 1.1860
1.0000 0.8400 1.1940
1.0200 0.8400 1.1936
1.0400 0.8400 1.2072
1.0600 0.8400 1.1856
1.0800 0.8400 1.1936
1.1000 0.8400 1.1940
1.1200 0.8400 1.1980
1.1400 0.8400 1.1952
1.1600 0.8400 1.2442
1.1800 0.8400 1.2462
1.2000 0.8400 1.2442
1.2200 0.8400 1.2324
1.2400 0.8400 1.2496
1.2600 0.8400 1.2496
1.2800 0.8400 1.2292
1.3000 0.8400 1.2632
1.3200 0.8400 1.2592
1.3400 0.8400 1.2592
1.3600 0.8400 1.2292
1.3800 0.8400 1.2754
1.4000 0.8400 1.2758
1.4200 0.8400 1.2802
1.4400 0.8400 1.3058
1.4600 0.8400 1.2680
1.4800 0.8400 1.3018
1.5000 0.8400 1.3196
1.5200 0.8400 1.3196
1.5400 0.8400 1.3078
1.5600 0.8400 1.2470
1.5800 0.8400 1.2576
1.6000 0.8400 1.2556
1.6200 0.8400 1.2676
1.6400 0.8400 1.2496
1.6600 0.8400 1.2418
1.6800 0.8400 1.2402
1.7000 0.8400 1.2076
1.7200 0.8400 1.2398
1.7400 0.8400 1.2516
1.7600 0.8400 1.2532
1.7800 0.8400 1.2596
1.8000 0.8400 1.2652
1.8200 0.8400 1.2540
1.8400 0.8400 1.2576
1.8600 0.8400 1.2608
1.8800 0.8400 1.2556
1.9000 0.8400 1.2754
1.9200 0.8400 1.2696
1.9400 0.8400 1.2676
1.9600 0.8400 1.2660
1.9800 0.8400 1.2958
2.0000 0.8400 1.2962
2.0200 0.8400 1.2592
2.0400 0.8400 1.2930
2.0600 0.8400 1.2652
2.0800 0.8400 1.2728
2.1000 0.8400 1.3050
2.1200 0.8400 1.2512
2.1400 0.8400 1.2496
2.1600 0.8400 1.2422
2.1800 0.8400 1.2496
2.2000 0.8400 1.2496
2.2200 0.8400 1.2458
2.2400 0.8400 1.2202
2.2600 0.8400 1.2108
2.2800 0.8400 1.2324
2.3000 0.8400 1.2188
2.3200 0.8400 1.2406
2.3400 0.8400 1.2390
2.3600 0.8400 1.2398
2.3800 0.8400 1.2374
2.4000 0.8400 1.2328
2.4200 0.8400 1.2352
2.4400 0.8400 1.2496
2.4600 0.8400 1.2560
2.4800 0.8400 1.2680
2.5000 0.8400 1.2660
2.5200 0.8400 1.3078
2.5400 0.8400 1.2738
2.5600 0.8400 1.3352
2.5800 0.8400 1.3372
2.6000 0.8400 1.3172
2.6200 0.8400 1.3172
2.6400 0.8400 1.3138
2.6600 0.8400 1.3154
2.6800 0.8400 1.3082
2.7000 0.8400 1.2660
2.7200 0.8400 1.3138
2.7400 0.8400 1.3138
2.7600 0.8400 1.3046
2.7800 0.8400 1.2938
2.8000 0.8400 1.2734
2.8200 0.8400 1.2556
2.8400 0.8400 1.2560
2.8600 0.8400 1.2576
2.8800 0.8400 1.2612
2.9000 0.8400 1.2580
2.9200 0.8400 1.2576
2.9400 0.8400 1.2612
2.9600 0.8400 1.2612
2.9800 0.8400 1.2556
3.0000 0.8400 1.2516
3.0200 0.8400 1.2576
3.0400 0.8400 1.2536
3.0600 0.8400 1.2532
3.0800 0.8400 1.2466
3.1000 0.8400 1.2628
3.1200 0.8400 1.2818
3.1400 0.8400 1.3030
3.1600 0.8400 1.3030
3.1800 0.8400 1.2870
3.2000 0.8400 1.2552
3.2200 0.8400 1.2076
3.2400 0.8400 1.2132
3.2600 0.8400 1.1952
3.2800 0.8400 1.1826
3.3000 0.8400 1.1684
3.3200 0.8400 1.1684
3.3400 0.8400 1.1390
3.3600 0.8400 1.1290
3.3800 0.8400 1.1076
3.4000 0.8400 1.1054
3.4200 0.8400 1.1054
3.4400 0.8400 1.0998
3.4600 0.8400 1.1390
3.4800 0.8400 1.1684
3.5000 0.8400 1.1652
3.5200 0.8400 1.1636
3.5400 0.8400 1.1820
3.5600 0.8400 1.2042
3.5800 0.8400 1.2042
3.6000 0.8400 1.2218
3.6200 0.8400 1.2162
3.6400 0.8400 1.2076
3.6600 0.8400 1.2116
3.6800 0.8400 1.1990
3.7000 0.8400 1.2218
3.7200 0.8400 1.2418
3.7400 0.8400 1.2466
3.7600 0.8400 1.2496
3.7800 0.8400 1.2496
3.8000 0.8400 1.2278
3.8200 0.8400 1.2254
3.8400 0.8400 1.2328
3.8600 0.8400 1.1966
3.8800 0.8400 1.2250
3.9000 0.8400 1.2282
3.9200 0.8400 1.2282
3.9400 0.8400 1.1956
3.9600 0.8400 1.2250
3.9800 0.8400 1.2218
4.0000 0.8400 1.2512
4.0200 0.8400 1.2556
4.0400 0.8400 1.2612
4.0600 0.8400 1.2612
4.0800 0.8400 1.2576
4.1000 0.8400 1.2676
4.1200 0.8400 1.2750
4.1400 0.8400 1.3126
4.1600 0.8400 1.3134
4.1800 0.8400 1.2592
4.2000 0.8400 1.2814
4.2200 0.8400 1.2572
4.2400 0.8400 1.2572
4.2600 0.8400 1.2462
4.2800 0.8400 1.2536
4.3000 0.8400 1.2352
4.3200 0.8400 1.2352
4.3400 0.8400 1.2202
4.3600 0.8400 1.2328
4.3800 0.8400 1.2154
4.4000 0.8400 1.2258
4.4200 0.8400 1.1856
4.4400 0.8400 1.1856
4.4600 0.8400 1.1700
4.4800 0.8400 1.1772
4.5000 0.8400 1.1732
4.5200 0.8400 1.1952
4.5400 0.8400 1.1830
4.5600 0.8400 1.1802
4.5800 0.8400 1.2138
4.6000 0.8400 1.2258
4.6200 0.8400 1.2108
4.6400 0.8400 1.2202
4.6600 0.8400 1.2382
4.6800 0.8400 1.2572
4.7000 0.8400 1.2532
4.7200 0.8400 1.2532
4.7400 0.8400 1.2556
4.7600 0.8400 1.2450
4.7800 0.8400 1.2496
4.8000 0.8400 1.2422
4.8200 0.8400 1.2398
4.8400 0.8400 1.2324
4.8600 0.8400 1.1952
4.8800 0.8400 1.1994
4.9000 0.8400 1.1994
4.9200 0.8400 1.2552
4.9400 0.8400 1.2612
4.9600 0.8400 1.2978
4.9800 0.8400 1.3014
5.0000 0.8400 1.2696
5.0200 0.8400 1.3118
5.0400 0.8400 1.3138
5.0600 0.8400 1.3138
5.0800 0.8400 1.2914
5.1000 0.8400 1.2576
5.1200 0.8400 1.2734
5.1400 0.8400 1.2656
5.1600 0.8400 1.2680
5.1800 0.8400 1.2818
5.2000 0.8400 1.3034
5.2200 0.8400 1.3078
5.2400 0.8400 1.1956
5.2600 0.8400 1.2132
0.0000 0.8600 1.0934
0.0200 0.8600 1.0894
0.0400 0.8600 1.1036
0.0600 0.8600 1.0962
0.0800 0.8600 1.0986
0.1000 0.8600 1.0986
0.1200 0.8600 1.0990
0.1400 0.8600 1.1206
0.1600 0.8600 1.1124
0.1800 0.8600 1.1594
0.2000 0.8600 1.1548
0.2200 0.8600 1.1674
0.2400 0.8600 1.1774
0.2600 0.8600 1.1494
0.2800 0.8600 1.1500
0.3000 0.8600 1.1350
0.3200 0.8600 1.1250
0.3400 0.8600 1.1454
0.3600 0.8600 1.1428
0.3800 0.8600 1.1206
0.4000 0.8600 1.1330
0.4200 0.8600 1.1428
0.4400 0.8600 1.1400
0.4600 0.8600 1.1516
0.4800 0.8600 1.1250
0.5000 0.8600 1.1090
0.5200 0.8600 1.1090
0.5400 0.8600 1.1014
0.5600 0.8600 1.1040
0.5800 0.8600 1.1024
0.6000 0.8600 1.1024
0.6200 0.8600 1.1020
0.6400 0.8600 1.0860
0.6600 0.8600 1.1014
0.6800 0.8600 1.1014
0.7000 0.8600 1.1064
0.7200 0.8600 1.1230
0.7400 0.8600 1.1800
0.7600 0.8600 1.1800
0.7800 0.8600 1.1848
0.8000 0.8600 1.2508
0.8200 0.8600 1.2544
0.8400 0.8600 1.2584
0.8600 0.8600 1.2564
0.8800 0.8600 1.2544
0.9000 0.8600 1.2424
0.9200 0.8600 1.2472
0.9400 0.8600 1.2468
0.9600 0.8600 1.2362
0.9800 0.8600 1.2238
1.0000 0.8600 1.2468
1.0200 0.8600 1.2444
1.0400 0.8600 1.2484
1.0600 0.8600 1.2392
1.0800 0.8600 1.2398
1.1000 0.8600 1.2358
1.1200 0.8600 1.2548
1.1400 0.8600 1.2614
1.1600 0.8600 1.2930
1.1800 0.8600 1.2962
1.2000 0.8600 1.2914
1.2200 0.8600 1.2874
1.2400 0.8600 1.2608
1.2600 0.8600 1.2624
1.2800 0.8600 1.2634
1.3000 0.8600 1.3018
1.3200 0.8600 1.3132
1.3400 0.8600 1.3132
1.3600 0.8600 1.3046
1.3800 0.8600 1.3204
1.4000 0.8600 1.3172
1.4200 0.8600 1.3192
1.4400 0.8600 1.3298
1.4600 0.8600 1.3132
1.4800 0.8600 1.3180
1.5000 0.8600 1.3398
1.5200 0.8600 1.3382
1.5400 0.8600 1.3232
1.5600 0.8600 1.3260
1.5800 0.8600 1.3116
1.6000 0.8600 1.3066
1.6200 0.8600 1.3148
1.6400 0.8600 1.2722
1.6600 0.8600 1.2564
1.6800 0.8600 1.2524
1.7000 0.8600 1.2420
1.7200 0.8600 1.2564
1.7400 0.8600 1.2604
1.7600 0.8600 1.2608
1.7800 0.8600 1.2982
1.8000 0.8600 1.3276
1.8200 0.8600 1.2970
1.8400 0.8600 1.2986
1.8600 0.8600 1.3148
1.8800 0.8600 1.3116
1.9000 0.8600 1.3144
1.9200 0.8600 1.3148
1.9400 0.8600 1.3148
1.9600 0.8600 1.3302
1.9800 0.8600 1.3324
2.0000 0.8600 1.3264
2.0200 0.8600 1.3148
2.0400 0.8600 1.3228
2.0600 0.8600 1.3252
2.0800 0.8600 1.3228
2.1000 0.8600 1.3220
2.1200 0.8600 1.3120
2.1400 0.8600 1.3030
2.1600 0.8600 1.2914
2.1800 0.8600 1.2990
2.2000 0.8600 1.3026
2.2200 0.8600 1.3136
2.2400 0.8600 1.2508
2.2600 0.8600 1.2488
2.2800 0.8600 1.2870
2.3000 0.8600 1.2966
2.3200 0.8600 1.2722
2.3400 0.8600 1.2702
2.3600 0.8600 1.2970
2.3800 0.8600 1.2730
2.4000 0.8600 1.2614
2.4200 0.8600 1.2734
2.4400 0.8600 1.2734
2.4600 0.8600 1.2986
2.4800 0.8600 1.3212
2.5000 0.8600 1.3188
2.5200 0.8600 1.3390
2.5400 0.8600 1.3482
2.5600 0.8600 1.3832
2.5800 0.8600 1.3832
2.6000 0.8600 1.3592
2.6200 0.8600 1.3624
2.6400 0.8600 1.3644
2.6600 0.8600 1.3624
2.6800 0.8600 1.3256
2.7000 0.8600 1.3256
2.7200 0.8600 1.3386
2.7400 0.8600 1.3314
2.7600 0.8600 1.3574
2.7800 0.8600 1.3232
2.8000 0.8600 1.3184
2.8200 0.8600 1.2966
2.8400 0.8600 1.3042
2.8600 0.8600 1.3062
2.8800 0.8600 1.3100
2.9000 0.8600 1.2906
2.9200 0.8600 1.2914
2.9400 0.8600 1.3098
2.9600 0.8600 1.3078
2.9800 0.8600 1.2706
3.0000 0.8600 1.2584
3.0200 0.8600 1.3058
3.0400 0.8600 1.3098
3.0600 0.8600 1.3140
3.0800 0.8600 1.3108
3.1000 0.8600 1.3116
3.1200 0.8600 1.3148
3.1400 0.8600 1.3308
3.1600 0.8600 1.3330
3.1800 0.8600 1.3272
3.2000 0.8600 1.3116
3.2200 0.8600 1.2544
3.2400 0.8600 1.2544
3.2600 0.8600 1.2488
3.2800 0.8600 1.2388
3.3000 0.8600 1.2106
3.3200 0.8600 1.2148
3.3400 0.8600 1.1910
3.3600 0.8600 1.1844
3.3800 0.8600 1.1548
3.4000 0.8600 1.1438
3.4200 0.8600 1.1548
3.4400 0.8600 1.1784
3.4600 0.8600 1.1884
3.4800 0.8600 1.2184
3.5000 0.8600 1.2148
3.5200 0.8600 1.1898
3.5400 0.8600 1.2298
3.5600 0.8600 1.2544
3.5800 0.8600 1.2524
3.6000 0.8600 1.2584
3.6200 0.8600 1.2548
3.6400 0.8600 1.2548
3.6600 0.8600 1.2512
3.6800 0.8600 1.2404
3.7000 0.8600 1.2588
3.7200 0.8600 1.2722
3.7400 0.8600 1.2870
3.7600 0.8600 1.2966
3.7800 0.8600 1.2790
3.8000 0.8600 1.2990
3.8200 0.8600 1.2914
3.8400 0.8600 1.2914
3.8600 0.8600 1.2492
3.8800 0.8600 1.2750
3.9000 0.8600 1.2722
3.9200 0.8600 1.2564
3.9400 0.8600 1.2424
3.9600 0.8600 1.2580
3.9800 0.8600 1.2544
4.0000 0.8600 1.2794
4.0200 0.8600 1.2962
4.0400 0.8600 1.3018
4.0600 0.8600 1.3038
4.0800 0.8600 1.3022
4.1000 0.8600 1.3228
4.1200 0.8600 1.3358
4.1400 0.8600 1.3472
4.1600 0.8600 1.3514
4.1800 0.8600 1.3208
4.2000 0.8600 1.3208
4.2200 0.8600 1.3188
4.2400 0.8600 1.3172
4.2600 0.8600 1.3100
4.2800 0.8600 1.2806
4.3000 0.8600 1.2544
4.3200 0.8600 1.2544
4.3400 0.8600 1.2548
4.3600 0.8600 1.2544
4.3800 0.8600 1.2528
4.4000 0.8600 1.2544
4.4200 0.8600 1.2330
4.4400 0.8600 1.2382
4.4600 0.8600 1.2326
4.4800 0.8600 1.2404
4.5000 0.8600 1.2198
4.5200 0.8600 1.2440
4.5400 0.8600 1.2388
4.5600 0.8600 1.2334
4.5800 0.8600 1.2504
4.6000 0.8600 1.2564
4.6200 0.8600 1.2528
4.6400 0.8600 1.2544
4.6600 0.8600 1.2614
4.6800 0.8600 1.2990
4.7000 0.8600 1.3042
4.7200 0.8600 1.3062
4.7400 0.8600 1.3116
4.7600 0.8600 1.2686
4.7800 0.8600 1.2882
4.8000 0.8600 1.2592
4.8200 0.8600 1.2588
4.8400 0.8600 1.2588
4.8600 0.8600 1.2544
4.8800 0.8600 1.2468
4.9000 0.8600 1.2488
4.9200 0.8600 1.2986
4.9400 0.8600 1.3116
4.9600 0.8600 1.3204
4.9800 0.8600 1.3204
5.0000 0.8600 1.3188
5.0200 0.8600 1.3386
5.0400 0.8600 1.3362
5.0600 0.8600 1.3390
5.0800 0.8600 1.3232
5.1000 0.8600 1.3144
5.1200 0.8600 1.3184
5.1400 0.8600 1.3184
5.1600 0.8600 1.3168
5.1800 0.8600 1.3244
5.2000 0.8600 1.3272
5.2200 0.8600 1.3298
5.2400 0.8600 1.2576
5.2600 0.8600 1.2548
0.0000 0.8800 1.1140
0.0200 0.8800 1.1140
0.0400 0.8800 1.1370
0.0600 0.8800 1.1270
0.0800 0.8800 1.1270
0.1000 0.8800 1.1290
0.1200 0.8800 1.1332
0.1400 0.8800 1.1782
0.1600 0.8800 1.1770
0.1800 0.8800 1.2196
0.2000 0.8800 1.2114
0.2200 0.8800 1.2042
0.2400 0.8800 1.1980
0.2600 0.8800 1.1864
0.2800 0.8800 1.1852
0.3000 0.8800 1.1864
0.3200 0.8800 1.1820
0.3400 0.8800 1.1840
0.3600 0.8800 1.1828
0.3800 0.8800 1.1852
0.4000 0.8800 1.1864
0.4200 0.8800 1.1828
0.4400 0.8800 1.1820
0.4600 0.8800 1.1852
0.4800 0.8800 1.1820
0.5000 0.8800 1.1712
0.5200 0.8800 1.1742
0.5400 0.8800 1.1210
0.5600 0.8800 1.1574
0.5800 0.8800 1.1794
0.6000 0.8800 1.1770
0.6200 0.8800 1.1562
0.6400 0.8800 1.1228
0.6600 0.8800 1.1420
0.6800 0.8800 1.1382
0.7000 0.8800 1.1594
0.7200 0.8800 1.1864
0.7400 0.8800 1.2126
0.7600 0.8800 1.2062
0.7800 0.8800 1.2414
0.8000 0.8800 1.2810
0.8200 0.8800 1.2926
0.8400 0.8800 1.3034
0.8600 0.8800 1.2926
0.8800 0.8800 1.2970
0.9000 0.8800 1.3046
0.9200 0.8800 1.3086
0.9400 0.8800 1.3042
0.9600 0.8800 1.2754
0.9800 0.8800 1.2616
1.0000 0.8800 1.3160
1.0200 0.8800 1.3148
1.0400 0.8800 1.2774
1.0600 0.8800 1.2754
1.0800 0.8800 1.2552
1.1000 0.8800 1.2500
1.1200 0.8800 1.2834
1.1400 0.8800 1.3114
1.1600 0.8800 1.3192
1.1800 0.8800 1.3184
1.2000 0.8800 1.3184
1.2200 0.8800 1.3180
1.2400 0.8800 1.3046
1.2600 0.8800 1.2986
1.2800 0.8800 1.3094
1.3000 0.8800 1.3136
1.3200 0.8800 1.3180
1.3400 0.8800 1.3148
1.3600 0.8800 1.3370
1.3800 0.8800 1.3640
1.4000 0.8800 1.3704
1.4200 0.8800 1.3730
1.4400 0.8800 1.3994
1.4600 0.8800 1.3324
1.4800 0.8800 1.3508
1.5000 0.8800 1.3594
1.5200 0.8800 1.3594
1.5400 0.8800 1.3442
1.5600 0.8800 1.3720
1.5800 0.8800 1.3370
1.6000 0.8800 1.3316
1.6200 0.8800 1.3362
1.6400 0.8800 1.3192
1.6600 0.8800 1.3030
1.6800 0.8800 1.2894
1.7000 0.8800 1.2592
1.7200 0.8800 1.3086
1.7400 0.8800 1.3140
1.7600 0.8800 1.3152
1.7800 0.8800 1.3140
1.8000 0.8800 1.3730
1.8200 0.8800 1.3354
1.8400 0.8800 1.3362
1.8600 0.8800 1.3284
1.8800 0.8800 1.3566
1.9000 0.8800 1.3304
1.9200 0.8800 1.3324
1.9400 0.8800 1.3370
1.9600 0.8800 1.3782
1.9800 0.8800 1.3390
2.0000 0.8800 1.3260
2.0200 0.8800 1.3304
2.0400 0.8800 1.3442
2.0600 0.8800 1.3488
2.0800 0.8800 1.3382
2.1000 0.8800 1.3272
2.1200 0.8800 1.3524
2.1400 0.8800 1.3324
2.1600 0.8800 1.3288
2.1800 0.8800 1.3264
2.2000 0.8800 1.3256
2.2200 0.8800 1.3252
2.2400 0.8800 1.2938
2.2600 0.8800 1.2910
2.2800 0.8800 1.3136
2.3000 0.8800 1.3152
2.3200 0.8800 1.3074
2.3400 0.8800 1.3042
2.3600 0.8800 1.3212
2.3800 0.8800 1.3152
2.4000 0.8800 1.3136
2.4200 0.8800 1.3192
2.4400 0.8800 1.3192
2.4600 0.8800 1.3288
2.4800 0.8800 1.3762
2.5000 0.8800 1.3762
2.5200 0.8800 1.3882
2.5400 0.8800 1.4152
2.5600 0.8800 1.4218
2.5800 0.8800 1.4198
2.6000 0.8800 1.4152
2.6200 0.8800 1.3964
2.6400 0.8800 1.3886
2.6600 0.8800 1.3832
2.6800 0.8800 1.3660
2.7000 0.8800 1.3724
2.7200 0.8800 1.3738
2.7400 0.8800 1.3704
2.7600 0.8800 1.3758
2.7800 0.8800 1.3606
2.8000 0.8800 1.3574
2.8200 0.8800 1.3378
2.8400 0.8800 1.3418
2.8600 0.8800 1.3244
2.8800 0.8800 1.3394
2.9000 0.8800 1.3184
2.9200 0.8800 1.3172
2.9400 0.8800 1.3200
2.9600 0.8800 1.3212
2.9800 0.8800 1.3406
3.0000 0.8800 1.3308
3.0200 0.8800 1.3212
3.0400 0.8800 1.3312
3.0600 0.8800 1.3500
3.0800 0.8800 1.3542
3.1000 0.8800 1.3386
3.1200 0.8800 1.3350
3.1400 0.8800 1.3696
3.1600 0.8800 1.3704
3.1800 0.8800 1.3704
3.2000 0.8800 1.3362
3.2200 0.8800 1.3046
3.2400 0.8800 1.3018
3.2600 0.8800 1.2774
3.2800 0.8800 1.2650
3.3000 0.8800 1.2596
3.3200 0.8800 1.2584
3.3400 0.8800 1.2298
3.3600 0.8800 1.2256
3.3800 0.8800 1.2114
3.4000 0.8800 1.2114
3.4200 0.8800 1.1992
3.4400 0.8800 1.2306
3.4600 0.8800 1.2374
3.4800 0.8800 1.2524
3.5000 0.8800 1.2504
3.5200 0.8800 1.2524
3.5400 0.8800 1.2572
3.5600 0.8800 1.2934
3.5800 0.8800 1.2842
3.6000 0.8800 1.3066
3.6200 0.8800 1.3136
3.6400 0.8800 1.3184
3.6600 0.8800 1.3164
3.6800 0.8800 1.2938
3.7000 0.8800 1.3114
3.7200 0.8800 1.3164
3.7400 0.8800 1.3152
3.7600 0.8800 1.3212
3.7800 0.8800 1.3192
3.8000 0.8800 1.3316
3.8200 0.8800 1.3264
3.8400 0.8800 1.3244
3.8600 0.8800 1.3216
3.8800 0.8800 1.3140
3.9000 0.8800 1.3136
3.9200 0.8800 1.2934
3.9400 0.8800 1.2886
3.9600 0.8800 1.2926
3.9800 0.8800 1.2766
4.0000 0.8800 1.3136
4.0200 0.8800 1.3152
4.0400 0.8800 1.3130
4.0600 0.8800 1.3130
4.0800 0.8800 1.3212
4.1000 0.8800 1.3680
4.1200 0.8800 1.3750
4.1400 0.8800 1.3802
4.1600 0.8800 1.3808
4.1800 0.8800 1.3794
4.2000 0.8800 1.3574
4.2200 0.8800 1.3696
4.2400 0.8800 1.3714
4.2600 0.8800 1.3362
4.2800 0.8800 1.3172
4.3000 0.8800 1.3160
4.3200 0.8800 1.3148
4.3400 0.8800 1.3184
4.3600 0.8800 1.3098
4.3800 0.8800 1.3046
4.4000 0.8800 1.3030
4.4200 0.8800 1.2754
4.4400 0.8800 1.2754
4.4600 0.8800 1.2778
4.4800 0.8800 1.2766
4.5000 0.8800 1.2878
4.5200 0.8800 1.2778
4.5400 0.8800 1.2762
4.5600 0.8800 1.2766
4.5800 0.8800 1.2742
4.6000 0.8800 1.2998
4.6200 0.8800 1.3054
4.6400 0.8800 1.3066
4.6600 0.8800 1.3074
4.6800 0.8800 1.3212
4.7000 0.8800 1.3264
4.7200 0.8800 1.3256
4.7400 0.8800 1.3316
4.7600 0.8800 1.3204
4.7800 0.8800 1.3316
4.8000 0.8800 1.3136
4.8200 0.8800 1.3114
4.8400 0.8800 1.3022
4.8600 0.8800 1.3086
4.8800 0.8800 1.3066
4.9000 0.8800 1.3066
4.9200 0.8800 1.3192
4.9400 0.8800 1.3430
4.9600 0.8800 1.3618
4.9800 0.8800 1.3542
5.0000 0.8800 1.3590
5.0200 0.8800 1.3816
5.0400 0.8800 1.3732
5.0600 0.8800 1.3738
5.0800 0.8800 1.3606
5.1000 0.8800 1.3280
5.1200 0.8800 1.3370
5.1400 0.8800 1.3350
5.1600 0.8800 1.3418
5.1800 0.8800 1.3916
5.2000 0.8800 1.3900
5.2200 0.8800 1.3920
5.2400 0.8800 1.3192
5.2600 0.8800 1.3046
0.0000 0.9000 1.1720
0.0200 0.9000 1.1740
0.0400 0.9000 1.1790
0.0600 0.9000 1.1840
0.0800 0.9000 1.1840
0.1000 0.9000 1.1860
0.1200 0.9000 1.1860
0.1400 0.9000 1.1860
0.1600 0.9000 1.2280
0.1800 0.9000 1.2540
0.2000 0.9000 1.2520
0.2200 0.9000 1.2540
0.2400 0.9000 1.2480
0.2600 0.9000 1.2390
0.2800 0.9000 1.2350
0.3000 0.9000 1.2350
0.3200 0.9000 1.2130
0.3400 0.9000 1.2060
0.3600 0.9000 1.2000
0.3800 0.9000 1.2170
0.4000 0.9000 1.2310
0.4200 0.9000 1.2060
0.4400 0.9000 1.2020
0.4600 0.9000 1.2370
0.4800 0.9000 1.2240
0.5000 0.9000 1.1970
0.5200 0.9000 1.2000
0.5400 0.9000 1.1790
0.5600 0.9000 1.1930
0.5800 0.9000 1.2130
0.6000 0.9000 1.2020
0.6200 0.9000 1.1880
0.6400 0.9000 1.1970
0.6600 0.9000 1.2020
0.6800 0.9000 1.2020
0.7000 0.9000 1.1900
0.7200 0.9000 1.2460
0.7400 0.9000 1.2520
0.7600 0.9000 1.2500
0.7800 0.9000 1.2620
0.8000 0.9000 1.3110
0.8200 0.9000 1.3070
0.8400 0.9000 1.3240
0.8600 0.9000 1.3200
0.8800 0.9000 1.3180
0.9000 0.9000 1.3260
0.9200 0.9000 1.3390
0.9400 0.9000 1.3470
0.9600 0.9000 1.3450
0.9800 0.9000 1.3180
1.0000 0.9000 1.3610
1.0200 0.9000 1.3610
1.0400 0.9000 1.3220
1.0600 0.9000 1.3180
1.0800 0.9000 1.3070
1.1000 0.9000 1.2950
1.1200 0.9000 1.3140
1.1400 0.9000 1.3340
1.1600 0.9000 1.3570
1.1800 0.9000 1.3520
1.2000 0.9000 1.3470
1.2200 0.9000 1.3470
1.2400 0.9000 1.3200
1.2600 0.9000 1.3220
1.2800 0.9000 1.3340
1.3000 0.9000 1.3200
1.3200 0.9000 1.3240
1.3400 0.9000 1.3200
1.3600 0.9000 1.3820
1.3800 0.9000 1.3910
1.4000 0.9000 1.4080
1.4200 0.9000 1.4110
1.4400 0.9000 1.4290
1.4600 0.9000 1.3630
1.4800 0.9000 1.3890
1.5000 0.9000 1.3740
1.5200 0.9000 1.3790
1.5400 0.9000 1.3650
1.5600 0.9000 1.3790
1.5800 0.9000 1.3740
1.6000 0.9000 1.3700
1.6200 0.9000 1.3840
1.6400 0.9000 1.3810
1.6600 0.9000 1.3700
1.6800 0.9000 1.3560
1.7000 0.9000 1.3130
1.7200 0.9000 1.3520
1.7400 0.9000 1.3720
1.7600 0.9000 1.3740
1.7800 0.9000 1.3200
1.8000 0.9000 1.3940
1.8200 0.9000 1.3810
1.8400 0.9000 1.3860
1.8600 0.9000 2.7000
1.8800 0.9000 1.3880
1.9000 0.9000 1.3770
1.9200 0.9000 1.3810
1.9400 0.9000 1.3720
1.9600 0.9000 1.4110
1.9800 0.9000 2.7000
2.0000 0.9000 1.3180
2.0200 0.9000 1.3560
2.0400 0.9000 1.3630
2.0600 0.9000 1.3570
2.0800 0.9000 1.3450
2.1000 0.9000 2.7000
2.1200 0.9000 1.3840
2.1400 0.9000 1.3750
2.1600 0.9000 1.3810
2.1800 0.9000 1.3790
2.2000 0.9000 1.3630
2.2200 0.9000 1.3520
2.2400 0.9000 1.3280
2.2600 0.9000 1.3220
2.2800 0.9000 1.3200
2.3000 0.9000 1.3320
2.3200 0.9000 1.3200
2.3400 0.9000 1.3180
2.3600 0.9000 1.3390
2.3800 0.9000 1.3430
2.4000 0.9000 1.3520
2.4200 0.9000 1.3570
2.4400 0.9000 1.3450
2.4600 0.9000 1.4060
2.4800 0.9000 1.4060
2.5000 0.9000 1.4130
2.5200 0.9000 1.4340
2.5400 0.9000 1.4330
2.5600 0.9000 1.4310
2.5800 0.9000 1.4280
2.6000 0.9000 1.4340
2.6200 0.9000 1.4280
2.6400 0.9000 1.4250
2.6600 0.9000 1.4180
2.6800 0.9000 2.7000
2.7000 0.9000 2.7000
2.7200 0.9000 1.3890
2.7400 0.9000 2.7000
2.7600 0.9000 1.3960
2.7800 0.9000 1.3810
2.8000 0.9000 1.4030
2.8200 0.9000 1.4230
2.8400 0.9000 1.4260
2.8600 0.9000 1.3790
2.8800 0.9000 1.3770
2.9000 0.9000 2.7000
2.9200 0.9000 2.7000
2.9400 0.9000 1.3570
2.9600 0.9000 1.3630
2.9800 0.9000 1.3770
3.0000 0.9000 1.3740
3.0200 0.9000 1.3520
3.0400 0.9000 1.3680
3.0600 0.9000 1.3810
3.0800 0.9000 1.3810
3.1000 0.9000 1.3880
3.1200 0.9000 1.3740
3.1400 0.9000 1.3890
3.1600 0.9000 1.3910
3.1800 0.9000 1.3820
3.2000 0.9000 1.3720
3.2200 0.9000 1.3370
3.2400 0.9000 1.3300
3.2600 0.9000 1.3220
3.2800 0.9000 1.3090
3.3000 0.9000 1.3130
3.3200 0.9000 1.3130
3.3400 0.9000 1.2460
3.3600 0.9000 1.2430
3.3800 0.9000 1.2520
3.4000 0.9000 1.2520
3.4200 0.9000 1.2480
3.4400 0.9000 1.2620
3.4600 0.9000 1.2770
3.4800 0.9000 1.3030
3.5000 0.9000 1.3030
3.5200 0.9000 1.3030
3.5400 0.9000 1.2950
3.5600 0.9000 1.3140
3.5800 0.9000 1.3140
3.6000 0.9000 1.3370
3.6200 0.9000 1.3320
3.6400 0.9000 1.3450
3.6600 0.9000 1.3390
3.6800 0.9000 1.3390
3.7000 0.9000 1.3300
3.7200 0.9000 1.3520
3.7400 0.9000 1.3520
3.7600 0.9000 1.3500
3.7800 0.9000 1.3570
3.8000 0.9000 1.3740
3.8200 0.9000 1.3720
3.8400 0.9000 1.3650
3.8600 0.9000 1.3740
3.8800 0.9000 1.3430
3.9000 0.9000 1.3470
3.9200 0.9000 1.3180
3.9400 0.9000 1.3240
3.9600 0.9000 1.3240
3.9800 0.9000 1.3220
4.0000 0.9000 1.3390
4.0200 0.9000 1.3370
4.0400 0.9000 1.3200
4.0600 0.9000 1.3200
4.0800 0.9000 1.3470
4.1000 0.9000 1.3880
4.1200 0.9000 1.4010
4.1400 0.9000 1.4080
4.1600 0.9000 1.4130
4.1800 0.9000 1.4250
4.2000 0.9000 1.3860
4.2200 0.9000 1.3910
4.2400 0.9000 1.4000
4.2600 0.9000 1.3740
4.2800 0.9000 1.3340
4.3000 0.9000 1.3430
4.3200 0.9000 1.3470
4.3400 0.9000 1.3720
4.3600 0.9000 1.3280
4.3800 0.9000 1.3240
4.4000 0.9000 1.3260
4.4200 0.9000 1.3200
4.4400 0.9000 1.3180
4.4600 0.9000 1.3280
4.4800 0.9000 1.3300
4.5000 0.9000 1.3220
4.5200 0.9000 1.3300
4.5400 0.9000 1.3180
4.5600 0.9000 1.3180
4.5800 0.9000 1.3140
4.6000 0.9000 1.3200
4.6200 0.9000 1.3200
4.6400 0.9000 1.3200
4.6600 0.9000 1.3200
4.6800 0.9000 1.3720
4.7000 0.9000 1.3740
4.7200 0.9000 1.3700
4.7400 0.9000 1.3650
4.7600 0.9000 1.3720
4.7800 0.9000 1.3770
4.8000 0.9000 1.3370
4.8200 0.9000 1.3320
4.8400 0.9000 1.3160
4.8600 0.9000 1.3280
4.8800 0.9000 1.3300
4.9000 0.9000 1.3280
4.9200 0.9000 1.3740
4.9400 0.9000 1.3940
4.9600 0.9000 1.3960
4.9800 0.9000 1.3910
5.0000 0.9000 1.3790
5.0200 0.9000 1.4180
5.0400 0.9000 1.3940
5.0600 0.9000 1.3890
5.0800 0.9000 1.3790
5.1000 0.9000 1.3450
5.1200 0.9000 1.3820
5.1400 0.9000 2.7000
5.1600 0.9000 1.3860
5.1800 0.9000 1.4290
5.2000 0.9000 1.4340
5.2200 0.9000 1.4340
5.2400 0.9000 1.3390
5.2600 0.9000 1.3340
0.0000 0.9200 1.1868
0.0200 0.9200 1.1840
0.0400 0.9200 1.1888
0.0600 0.9200 1.2024
0.0800 0.9200 1.1946
0.1000 0.9200 1.1982
0.1200 0.9200 1.2024
0.1400 0.9200 1.1880
0.1600 0.9200 1.2568
0.1800 0.9200 1.2678
0.2000 0.9200 1.2698
0.2200 0.9200 1.2926
0.2400 0.9200 1.2774
0.2600 0.9200 1.2548
0.2800 0.9200 1.2540
0.3000 0.9200 1.2548
0.3200 0.9200 1.2418
0.3400 0.9200 1.2468
0.3600 0.9200 1.2438
0.3800 0.9200 1.2480
0.4000 0.9200 1.2540
0.4200 0.9200 1.2468
0.4400 0.9200 1.2430
0.4600 0.9200 1.2560
0.4800 0.9200 1.2508
0.5000 0.9200 1.2386
0.5200 0.9200 1.2418
0.5400 0.9200 1.2048
0.5600 0.9200 1.2170
0.5800 0.9200 1.2468
0.6000 0.9200 1.2430
0.6200 0.9200 1.2284
0.6400 0.9200 1.2378
0.6600 0.9200 1.2430
0.6800 0.9200 1.2418
0.7000 0.9200 1.2450
0.7200 0.9200 1.2640
0.7400 0.9200 1.2890
0.7600 0.9200 2.7000
0.7800 0.9200 1.3106
0.8000 0.9200 1.3200
0.8200 0.9200 1.3176
0.8400 0.9200 1.3728
0.8600 0.9200 1.3704
0.8800 0.9200 1.3534
0.9000 0.9200 1.3490
0.9200 0.9200 1.3708
0.9400 0.9200 1.3740
0.9600 0.9200 1.3814
0.9800 0.9200 2.7000
1.0000 0.9200 1.3790
1.0200 0.9200 1.3778
1.0400 0.9200 1.3708
1.0600 0.9200 1.3506
1.0800 0.9200 1.3384
1.1000 0.9200 1.3364
1.1200 0.9200 1.3510
1.1400 0.9200 1.3688
1.1600 0.9200 1.3770
1.1800 0.9200 1.3740
1.2000 0.9200 1.3752
1.2200 0.9200 1.3810
1.2400 0.9200 1.3752
1.2600 0.9200 1.3830
1.2800 0.9200 1.3822
1.3000 0.9200 1.3752
1.3200 0.9200 1.3728
1.3400 0.9200 2.1708
1.3600 0.9200 2.1892
1.3800 0.9200 1.4268
1.4000 0.9200 1.4318
1.4200 0.9200 1.4318
1.4400 0.9200 1.4360
1.4600 0.9200 2.1752
1.4800 0.9200 1.4272
1.5000 0.9200 1.3964
1.5200 0.9200 1.4158
1.5400 0.9200 2.7000
1.5600 0.9200 1.3930
1.5800 0.9200 1.3814
1.6000 0.9200 1.3770
1.6200 0.9200 1.4176
1.6400 0.9200 1.4100
1.6600 0.9200 1.3872
1.6800 0.9200 1.3814
1.7000 0.9200 1.3798
1.7200 0.9200 1.3810
1.7400 0.9200 1.3848
1.7600 0.9200 1.3872
1.7800 0.9200 2.7000
1.8000 0.9200 1.4168
1.8200 0.9200 1.4176
1.8400 0.9200 1.4192
1.8600 0.9200 2.7000
1.8800 0.9200 1.4168
1.9000 0.9200 1.4100
1.9200 0.9200 1.4180
1.9400 0.9200 2.1724
1.9600 0.9200 1.4342
1.9800 0.9200 2.7000
2.0000 0.9200 2.7000
2.0200 0.9200 2.1716
2.0400 0.9200 1.3728
2.0600 0.9200 1.3564
2.0800 0.9200 1.3378
2.1000 0.9200 2.7000
2.1200 0.9200 1.4150
2.1400 0.9200 1.4088
2.1600 0.9200 1.4150
2.1800 0.9200 1.4138
2.2000 0.9200 1.3798
2.2200 0.9200 1.3822
2.2400 0.9200 2.7000
2.2600 0.9200 1.3662
2.2800 0.9200 1.3248
2.3000 0.9200 1.3508
2.3200 0.9200 2.7000
2.3400 0.9200 2.7000
2.3600 0.9200 1.3650
2.3800 0.9200 1.3740
2.4000 0.9200 1.3822
2.4200 0.9200 1.3802
2.4400 0.9200 1.3810
2.4600 0.9200 1.4268
2.4800 0.9200 1.4268
2.5000 0.9200 1.4310
2.5200 0.9200 1.4690
2.5400 0.9200 1.4428
2.5600 0.9200 1.4330
2.5800 0.9200 1.4334
2.6000 0.9200 1.4524
2.6200 0.9200 1.4368
2.6400 0.9200 1.4398
2.6600 0.9200 1.4372
2.6800 0.9200 2.7000
2.7000 0.9200 2.7000
2.7200 0.9200 2.7000
2.7400 0.9200 2.7000
2.7600 0.9200 1.4254
2.7800 0.9200 1.4212
2.8000 0.9200 1.4268
2.8200 0.9200 1.4368
2.8400 0.9200 1.4402
2.8600 0.9200 1.4012
2.8800 0.9200 1.3910
2.9000 0.9200 2.7000
2.9200 0.9200 2.7000
2.9400 0.9200 2.7000
2.9600 0.9200 1.3814
2.9800 0.9200 1.3898
3.0000 0.9200 2.7000
3.0200 0.9200 2.7000
3.0400 0.9200 2.7000
3.0600 0.9200 1.4212
3.0800 0.9200 1.4150
3.1000 0.9200 2.1884
3.1200 0.9200 1.3922
3.1400 0.9200 1.4068
3.1600 0.9200 1.4150
3.1800 0.9200 1.4030
3.2000 0.9200 1.3822
3.2200 0.9200 1.3750
3.2400 0.9200 1.3720
3.2600 0.9200 1.3586
3.2800 0.9200 1.8720
3.3000 0.9200 1.3268
3.3200 0.9200 1.3256
3.3400 0.9200 1.2556
3.3600 0.9200 1.2430
3.3800 0.9200 1.2734
3.4000 0.9200 1.2734
3.4200 0.9200 1.2686
3.4400 0.9200 1.3026
3.4600 0.9200 1.3148
3.4800 0.9200 1.3200
3.5000 0.9200 1.3208
3.5200 0.9200 1.3188
3.5400 0.9200 1.3208
3.5600 0.9200 1.3276
3.5800 0.9200 1.3360
3.6000 0.9200 1.3752
3.6200 0.9200 1.3696
3.6400 0.9200 1.3778
3.6600 0.9200 1.3758
3.6800 0.9200 1.3778
3.7000 0.9200 1.3778
3.7200 0.9200 1.3810
3.7400 0.9200 1.3814
3.7600 0.9200 1.3830
3.7800 0.9200 1.3790
3.8000 0.9200 1.3836
3.8200 0.9200 1.3856
3.8400 0.9200 2.1728
3.8600 0.9200 1.3810
3.8800 0.9200 1.3822
3.9000 0.9200 1.3872
3.9200 0.9200 1.3732
3.9400 0.9200 1.3662
3.9600 0.9200 1.3684
3.9800 0.9200 1.3684
4.0000 0.9200 1.3798
4.0200 0.9200 1.3744
4.0400 0.9200 1.3478
4.0600 0.9200 1.3376
4.0800 0.9200 2.1716
4.1000 0.9200 2.1824
4.1200 0.9200 1.4242
4.1400 0.9200 1.4260
4.1600 0.9200 1.4280
4.1800 0.9200 1.4396
4.2000 0.9200 1.4250
4.2200 0.9200 1.4188
4.2400 0.9200 1.4254
4.2600 0.9200 2.1724
4.2800 0.9200 1.3798
4.3000 0.9200 1.3752
4.3200 0.9200 1.3758
4.3400 0.9200 2.1724
4.3600 0.9200 1.3572
4.3800 0.9200 1.3524
4.4000 0.9200 1.3572
4.4200 0.9200 1.3654
4.4400 0.9200 1.3478
4.4600 0.9200 1.3508
4.4800 0.9200 1.3536
4.5000 0.9200 1.3564
4.5200 0.9200 1.3770
4.5400 0.9200 1.3478
4.5600 0.9200 1.3490
4.5800 0.9200 1.3402
4.6000 0.9200 1.8882
4.6200 0.9200 1.3458
4.6400 0.9200 1.3394
4.6600 0.9200 1.3564
4.6800 0.9200 1.3828
4.7000 0.9200 1.3980
4.7200 0.9200 1.3892
4.7400 0.9200 2.1708
4.7600 0.9200 1.3884
4.7800 0.9200 1.3910
4.8000 0.9200 1.3798
4.8200 0.9200 2.1724
4.8400 0.9200 1.8804
4.8600 0.9200 1.3654
4.8800 0.9200 1.3662
4.9000 0.9200 1.3670
4.9200 0.9200 2.7000
4.9400 0.9200 1.4238
4.9600 0.9200 1.4268
4.9800 0.9200 1.4268
5.0000 0.9200 2.7000
5.0200 0.9200 1.4306
5.0400 0.9200 1.4268
5.0600 0.9200 1.4268
5.0800 0.9200 2.1892
5.1000 0.9200 1.3676
5.1200 0.9200 2.7000
5.1400 0.9200 2.7000
5.1600 0.9200 2.7000
5.1800 0.9200 1.4588
5.2000 0.9200 1.4712
5.2200 0.9200 1.4660
5.2400 0.9200 1.3708
5.2600 0.9200 1.3728
0.0000 0.9400 1.2084
0.0200 0.9400 1.1994
0.0400 0.9400 1.2116
0.0600 0.9400 1.2358
0.0800 0.9400 1.2138
0.1000 0.9400 1.2210
0.1200 0.9400 1.2280
0.1400 0.9400 1.2016
0.1600 0.9400 2.4138
0.1800 0.9400 2.4150
0.2000 0.9400 2.4150
0.2200 0.9400 2.4202
0.2400 0.9400 2.4202
0.2600 0.9400 2.4120
0.2800 0.9400 2.4120
0.3000 0.9400 2.4134
0.3200 0.9400 1.2500
0.3400 0.9400 1.2560
0.3600 0.9400 1.2560
0.3800 0.9400 1.2580
0.4000 0.9400 2.4120
0.4200 0.9400 1.2540
0.4400 0.9400 1.2540
0.4600 0.9400 2.4120
0.4800 0.9400 1.2540
0.5000 0.9400 1.2536
0.5200 0.9400 1.2540
0.5400 0.9400 1.2240
0.5600 0.9400 1.2240
0.5800 0.9400 1.2540
0.6000 0.9400 1.2540
0.6200 0.9400 1.2500
0.6400 0.9400 1.2480
0.6600 0.9400 1.2500
0.6800 0.9400 1.2500
0.7000 0.9400 1.2560
0.7200 0.9400 2.4150
0.7400 0.9400 2.4218
0.7600 0.9400 2.4226
0.7800 0.9400 2.4236
0.8000 0.9400 2.4256
0.8200 0.9400 2.4294
0.8400 0.9400 2.7000
0.8600 0.9400 2.7000
0.8800 0.9400 2.7000
0.9000 0.9400 2.7000
0.9200 0.9400 2.7000
0.9400 0.9400 2.7000
0.9600 0.9400 2.7000
0.9800 0.9400 2.7000
1.0000 0.9400 2.7000
1.0200 0.9400 2.7000
1.0400 0.9400 2.7000
1.0600 0.9400 2.7000
1.0800 0.9400 2.7000
1.1000 0.9400 2.7000
1.1200 0.9400 2.7000
1.1400 0.9400 2.7000
1.1600 0.9400 2.7000
1.1800 0.9400 2.7000
1.2000 0.9400 2.7000
1.2200 0.9400 2.7000
1.2400 0.9400 2.7000
1.2600 0.9400 2.7000
1.2800 0.9400 2.7000
1.3000 0.9400 2.7000
1.3200 0.9400 2.7000
1.3400 0.9400 2.7000
1.3600 0.9400 2.7000
1.3800 0.9400 2.7000
1.4000 0.9400 2.7000
1.4200 0.9400 2.7000
1.4400 0.9400 2.7000
1.4600 0.9400 2.7000
1.4800 0.9400 2.7000
1.5000 0.9400 2.7000
1.5200 0.9400 2.7000
1.5400 0.9400 2.7000
1.5600 0.9400 2.7000
1.5800 0.9400 2.7000
1.6000 0.9400 2.7000
1.6200 0.9400 2.7000
1.6400 0.9400 2.7000
1.6600 0.9400 2.7000
1.6800 0.9400 2.7000
1.7000 0.9400 2.7000
1.7200 0.9400 2.7000
1.7400 0.9400 2.7000
1.7600 0.9400 2.7000
1.7800 0.9400 2.7000
1.8000 0.9400 2.7000
1.8200 0.9400 2.7000
1.8400 0.9400 2.7000
1.8600 0.9400 2.7000
1.8800 0.9400 2.7000
1.9000 0.9400 2.7000
1.9200 0.9400 2.7000
1.9400 0.9400 2.7000
1.9600 0.9400 2.7000
1.9800 0.9400 2.7000
2.0000 0.9400 2.7000
2.0200 0.9400 2.7000
2.0400 0.9400 2.7000
2.0600 0.9400 2.7000
2.0800 0.9400 2.7000
2.1000 0.9400 2.7000
2.1200 0.9400 2.7000
2.1400 0.9400 2.7000
2.1600 0.9400 2.7000
2.1800 0.9400 2.7000
2.2000 0.9400 2.7000
2.2200 0.9400 2.7000
2.2400 0.9400 2.7000
2.2600 0.9400 2.7000
2.2800 0.9400 2.4260
2.3000 0.9400 2.7000
2.3200 0.9400 2.7000
2.3400 0.9400 2.7000
2.3600 0.9400 2.7000
2.3800 0.9400 2.7000
2.4000 0.9400 2.7000
2.4200 0.9400 2.7000
2.4400 0.9400 2.7000
2.4600 0.9400 2.7000
2.4800 0.9400 2.7000
2.5000 0.9400 2.7000
2.5200 0.9400 2.7000
2.5400 0.9400 2.7000
2.5600 0.9400 2.7000
2.5800 0.9400 2.7000
2.6000 0.9400 2.7000
2.6200 0.9400 2.7000
2.6400 0.9400 2.7000
2.6600 0.9400 2.7000
2.6800 0.9400 2.7000
2.7000 0.9400 2.7000
2.7200 0.9400 2.7000
2.7400 0.9400 2.7000
2.7600 0.9400 2.7000
2.7800 0.9400 2.7000
2.8000 0.9400 2.7000
2.8200 0.9400 2.7000
2.8400 0.9400 2.7000
2.8600 0.9400 2.7000
2.8800 0.9400 2.7000
2.9000 0.9400 2.7000
2.9200 0.9400 2.7000
2.9400 0.9400 2.7000
2.9600 0.9400 2.7000
2.9800 0.9400 2.7000
3.0000 0.9400 2.7000
3.0200 0.9400 2.7000
3.0400 0.9400 2.7000
3.0600 0.9400 2.7000
3.0800 0.9400 2.7000
3.1000 0.9400 2.7000
3.1200 0.9400 2.7000
3.1400 0.9400 2.7000
3.1600 0.9400 2.7000
3.1800 0.9400 2.7000
3.2000 0.9400 2.7000
3.2200 0.9400 2.7000
3.2400 0.9400 2.7000
3.2600 0.9400 2.4314
3.2800 0.9400 2.4260
3.3000 0.9400 2.4278
3.3200 0.9400 2.4274
3.3400 0.9400 2.4194
3.3600 0.9400 1.2480
3.3800 0.9400 2.4202
3.4000 0.9400 2.4202
3.4200 0.9400 2.4194
3.4400 0.9400 2.4226
3.4600 0.9400 2.4252
3.4800 0.9400 2.4244
3.5000 0.9400 2.4244
3.5200 0.9400 2.4252
3.5400 0.9400 2.4274
3.5600 0.9400 2.4294
3.5800 0.9400 2.7000
3.6000 0.9400 2.7000
3.6200 0.9400 2.7000
3.6400 0.9400 2.7000
3.6600 0.9400 2.7000
3.6800 0.9400 2.7000
3.7000 0.9400 2.7000
3.7200 0.9400 2.7000
3.7400 0.9400 2.7000
3.7600 0.9400 2.7000
3.7800 0.9400 2.7000
3.8000 0.9400 2.7000
3.8200 0.9400 2.7000
3.8400 0.9400 2.7000
3.8600 0.9400 2.7000
3.8800 0.9400 2.7000
3.9000 0.9400 2.7000
3.9200 0.9400 2.7000
3.9400 0.9400 2.7000
3.9600 0.9400 2.7000
3.9800 0.9400 2.7000
4.0000 0.9400 2.7000
4.0200 0.9400 2.7000
4.0400 0.9400 2.7000
4.0600 0.9400 2.7000
4.0800 0.9400 2.7000
4.1000 0.9400 2.7000
4.1200 0.9400 2.7000
4.1400 0.9400 2.7000
4.1600 0.9400 2.7000
4.1800 0.9400 2.7000
4.2000 0.9400 2.7000
4.2200 0.9400 2.7000
4.2400 0.9400 2.7000
4.2600 0.9400 2.7000
4.2800 0.9400 2.7000
4.3000 0.9400 2.7000
4.3200 0.9400 2.7000
4.3400 0.9400 2.7000
4.3600 0.9400 2.7000
4.3800 0.9400 2.7000
4.4000 0.9400 2.7000
4.4200 0.9400 2.7000
4.4400 0.9400 2.7000
4.4600 0.9400 2.4312
4.4800 0.9400 2.4312
4.5000 0.9400 2.7000
4.5200 0.9400 2.7000
4.5400 0.9400 2.7000
4.5600 0.9400 2.7000
4.5800 0.9400 2.7000
4.6000 0.9400 2.7000
4.6200 0.9400 2.7000
4.6400 0.9400 2.7000
4.6600 0.9400 2.7000
4.6800 0.9400 2.7000
4.7000 0.9400 2.7000
4.7200 0.9400 2.7000
4.7400 0.9400 2.7000
4.7600 0.9400 2.7000
4.7800 0.9400 2.7000
4.8000 0.9400 2.7000
4.8200 0.9400 2.7000
4.8400 0.9400 2.7000
4.8600 0.9400 2.7000
4.8800 0.9400 2.7000
4.9000 0.9400 2.7000
4.9200 0.9400 2.7000
4.9400 0.9400 2.7000
4.9600 0.9400 2.7000
4.9800 0.9400 2.7000
5.0000 0.9400 2.7000
5.0200 0.9400 2.7000
5.0400 0.9400 2.7000
5.0600 0.9400 2.7000
5.0800 0.9400 2.7000
5.1000 0.9400 2.7000
5.1200 0.9400 2.7000
5.1400 0.9400 2.7000
5.1600 0.9400 2.7000
5.1800 0.9400 2.7000
5.2000 0.9400 2.7000
5.2200 0.9400 2.7000
5.2400 0.9400 2.7000
5.2600 0.9400 2.7000
0.0000 0.9600 2.7000
0.0200 0.9600 2.7000
0.0400 0.9600 2.7000
0.0600 0.9600 2.7000
0.0800 0.9600 2.7000
0.1000 0.9600 2.7000
0.1200 0.9600 2.7000
0.1400 0.9600 2.7000
0.1600 0.9600 2.7000
0.1800 0.9600 2.7000
0.2000 0.9600 2.7000
0.2200 0.9600 2.7000
0.2400 0.9600 2.7000
0.2600 0.9600 2.7000
0.2800 0.9600 2.7000
0.3000 0.9600 2.7000
0.3200 0.9600 2.7000
0.3400 0.9600 2.7000
0.3600 0.9600 2.7000
0.3800 0.9600 2.7000
0.4000 0.9600 2.7000
0.4200 0.9600 2.7000
0.4400 0.9600 2.7000
0.4600 0.9600 2.7000
0.4800 0.9600 2.7000
0.5000 0.9600 2.7000
0.5200 0.9600 2.7000
0.5400 0.9600 2.7000
0.5600 0.9600 2.7000
0.5800 0.9600 2.7000
0.6000 0.9600 2.7000
0.6200 0.9600 2.7000
0.6400 0.9600 2.7000
0.6600 0.9600 2.7000
0.6800 0.9600 2.7000
0.7000 0.9600 2.7000
0.7200 0.9600 2.7000
0.7400 0.9600 2.7000
0.7600 0.9600 2.7000
0.7800 0.9600 2.7000
0.8000 0.9600 2.7000
0.8200 0.9600 2.7000
0.8400 0.9600 2.7000
0.8600 0.9600 2.7000
0.8800 0.9600 2.7000
0.9000 0.9600 2.7000
0.9200 0.9600 2.7000
0.9400 0.9600 2.7000
0.9600 0.9600 2.7000
0.9800 0.9600 2.7000
1.0000 0.9600 2.7000
1.0200 0.9600 2.7000
1.0400 0.9600 2.7000
1.0600 0.9600 2.7000
1.0800 0.9600 2.7000
1.1000 0.9600 2.7000
1.1200 0.9600 2.7000
1.1400 0.9600 2.7000
1.1600 0.9600 2.7000
1.1800 0.9600 2.7000
1.2000 0.9600 2.7000
1.2200 0.9600 2.7000
1.2400 0.9600 2.7000
1.2600 0.9600 2.7000
1.2800 0.9600 2.7000
1.3000 0.9600 2.7000
1.3200 0.9600 2.7000
1.3400 0.9600 2.7000
1.3600 0.9600 2.7000
1.3800 0.9600 2.7000
1.4000 0.9600 2.7000
1.4200 0.9600 2.7000
1.4400 0.9600 2.7000
1.4600 0.9600 2.7000
1.4800 0.9600 2.7000
1.5000 0.9600 2.7000
1.5200 0.9600 2.7000
1.5400 0.9600 2.7000
1.5600 0.9600 2.7000
1.5800 0.9600 2.7000
1.6000 0.9600 2.7000
1.6200 0.9600 2.7000
1.6400 0.9600 2.7000
1.6600 0.9600 2.7000
1.6800 0.9600 2.7000
1.7000 0.9600 2.7000
1.7200 0.9600 2.7000
1.7400 0.9600 2.7000
1.7600 0.9600 2.7000
1.7800 0.9600 2.7000
1.8000 0.9600 2.7000
1.8200 0.9600 2.7000
1.8400 0.9600 2.7000
1.8600 0.9600 2.7000
1.8800 0.9600 2.7000
1.9000 0.9600 2.7000
1.9200 0.9600 2.7000
1.9400 0.9600 2.7000
1.9600 0.9600 2.7000
1.9800 0.9600 2.7000
2.0000 0.9600 2.7000
2.0200 0.9600 2.7000
2.0400 0.9600 2.7000
2.0600 0.9600 2.7000
2.0800 0.9600 2.7000
2.1000 0.9600 2.7000
2.1200 0.9600 2.7000
2.1400 0.9600 2.7000
2.1600 0.9600 2.7000
2.1800 0.9600 2.7000
2.2000 0.9600 2.7000
2.2200 0.9600 2.7000
2.2400 0.9600 2.7000
2.2600 0.9600 2.7000
2.2800 0.9600 2.7000
2.3000 0.9600 2.7000
2.3200 0.9600 2.7000
2.3400 0.9600 2.7000
2.3600 0.9600 2.7000
2.3800 0.9600 2.7000
2.4000 0.9600 2.7000
2.4200 0.9600 2.7000
2.4400 0.9600 2.7000
2.4600 0.9600 2.7000
2.4800 0.9600 2.7000
2.5000 0.9600 2.7000
2.5200 0.9600 2.7000
2.5400 0.9600 2.7000
2.5600 0.9600 2.7000
2.5800 0.9600 2.7000
2.6000 0.9600 2.7000
2.6200 0.9600 2.7000
2.6400 0.9600 2.7000
2.6600 0.9600 2.7000
2.6800 0.9600 2.7000
2.7000 0.9600 2.7000
2.7200 0.9600 2.7000
2.7400 0.9600 2.7000
2.7600 0.9600 2.7000
2.7800 0.9600 2.7000
2.8000 0.9600 2.7000
2.8200 0.9600 2.7000
2.8400 0.9600 2.7000
2.8600 0.9600 2.7000
2.8800 0.9600 2.7000
2.9000 0.9600 2.7000
2.9200 0.9600 2.7000
2.9400 0.9600 2.7000
2.9600 0.9600 2.7000
2.9800 0.9600 2.7000
3.0000 0.9600 2.7000
3.0200 0.9600 2.7000
3.0400 0.9600 2.7000
3.0600 0.9600 2.7000
3.0800 0.9600 2.7000
3.1000 0.9600 2.7000
3.1200 0.9600 2.7000
3.1400 0.9600 2.7000
3.1600 0.9600 2.7000
3.1800 0.9600 2.7000
3.2000 0.9600 2.7000
3.2200 0.9600 2.7000
3.2400 0.9600 2.7000
3.2600 0.9600 2.7000
3.2800 0.9600 2.7000
3.3000 0.9600 2.7000
3.3200 0.9600 2.7000
3.3400 0.9600 2.7000
3.3600 0.9600 2.7000
3.3800 0.9600 2.7000
3.4000 0.9600 2.7000
3.4200 0.9600 2.7000
3.4400 0.9600 2.7000
3.4600 0.9600 2.7000
3.4800 0.9600 2.7000
3.5000 0.9600 2.7000
3.5200 0.9600 2.7000
3.5400 0.9600 2.7000
3.5600 0.9600 2.7000
3.5800 0.9600 2.7000
3.6000 0.9600 2.7000
3.6200 0.9600 2.7000
3.6400 0.9600 2.7000
3.6600 0.9600 2.7000
3.6800 0.9600 2.7000
3.7000 0.9600 2.7000
3.7200 0.9600 2.7000
3.7400 0.9600 2.7000
3.7600 0.9600 2.7000
3.7800 0.9600 2.7000
3.8000 0.9600 2.7000
3.8200 0.9600 2.7000
3.8400 0.9600 2.7000
3.8600 0.9600 2.7000
3.8800 0.9600 2.7000
3.9000 0.9600 2.7000
3.9200 0.9600 2.7000
3.9400 0.9600 2.7000
3.9600 0.9600 2.7000
3.9800 0.9600 2.7000
4.0000 0.9600 2.7000
4.0200 0.9600 2.7000
4.0400 0.9600 2.7000
4.0600 0.9600 2.7000
4.0800 0.9600 2.7000
4.1000 0.9600 2.7000
4.1200 0.9600 2.7000
4.1400 0.9600 2.7000
4.1600 0.9600 2.7000
4.1800 0.9600 2.7000
4.2000 0.9600 2.7000
4.2200 0.9600 2.7000
4.2400 0.9600 2.7000
4.2600 0.9600 2.7000
4.2800 0.9600 2.7000
4.3000 0.9600 2.7000
4.3200 0.9600 2.7000
4.3400 0.9600 2.7000
4.3600 0.9600 2.7000
4.3800 0.9600 2.7000
4.4000 0.9600 2.7000
4.4200 0.9600 2.7000
4.4400 0.9600 2.7000
4.4600 0.9600 2.7000
4.4800 0.9600 2.7000
4.5000 0.9600 2.7000
4.5200 0.9600 2.7000
4.5400 0.9600 2.7000
4.5600 0.9600 2.7000
4.5800 0.9600 2.7000
4.6000 0.9600 2.7000
4.6200 0.9600 2.7000
4.6400 0.9600 2.7000
4.6600 0.9600 2.7000
4.6800 0.9600 2.7000
4.7000 0.9600 2.7000
4.7200 0.9600 2.7000
4.7400 0.9600 2.7000
4.7600 0.9600 2.7000
4.7800 0.9600 2.7000
4.8000 0.9600 2.7000
4.8200 0.9600 2.7000
4.8400 0.9600 2.7000
4.8600 0.9600 2.7000
4.8800 0.9600 2.7000
4.9000 0.9600 2.7000
4.9200 0.9600 2.7000
4.9400 0.9600 2.7000
4.9600 0.9600 2.7000
4.9800 0.9600 2.7000
5.0000 0.9600 2.7000
5.0200 0.9600 2.7000
5.0400 0.9600 2.7000
5.0600 0.9600 2.7000
5.0800 0.9600 2.7000
5.1000 0.9600 2.7000
5.1200 0.9600 2.7000
5.1400 0.9600 2.7000
5.1600 0.9600 2.7000
5.1800 0.9600 2.7000
5.2000 0.9600 2.7000
5.2200 0.9600 2.7000
5.2400 0.9600 2.7000
5.2600 0.9600 2.7000
0.0000 0.9800 2.7000
0.0200 0.9800 2.7000
0.0400 0.9800 2.7000
0.0600 0.9800 2.7000
0.0800 0.9800 2.7000
0.1000 0.9800 2.7000
0.1200 0.9800 2.7000
0.1400 0.9800 2.7000
0.1600 0.9800 2.7000
0.1800 0.9800 2.7000
0.2000 0.9800 2.7000
0.2200 0.9800 2.7000
0.2400 0.9800 2.7000
0.2600 0.9800 2.7000
0.2800 0.9800 2.7000
0.3000 0.9800 2.7000
0.3200 0.9800 2.7000
0.3400 0.9800 2.7000
0.3600 0.9800 2.7000
0.3800 0.9800 2.7000
0.4000 0.9800 2.7000
0.4200 0.9800 2.7000
0.4400 0.9800 2.7000
0.4600 0.9800 2.7000
0.4800 0.9800 2.7000
0.5000 0.9800 2.7000
0.5200 0.9800 2.7000
0.5400 0.9800 2.7000
0.5600 0.9800 2.7000
0.5800 0.9800 2.7000
0.6000 0.9800 2.7000
0.6200 0.9800 2.7000
0.6400 0.9800 2.7000
0.6600 0.9800 2.7000
0.6800 0.9800 2.7000
0.7000 0.9800 2.7000
0.7200 0.9800 2.7000
0.7400 0.9800 2.7000
0.7600 0.9800 2.7000
0.7800 0.9800 2.7000
0.8000 0.9800 2.7000
0.8200 0.9800 2.7000
0.8400 0.9800 2.7000
0.8600 0.9800 2.7000
0.8800 0.9800 2.7000
0.9000 0.9800 2.7000
0.9200 0.9800 2.7000
0.9400 0.9800 2.7000
0.9600 0.9800 2.7000
0.9800 0.9800 2.7000
1.0000 0.9800 2.7000
1.0200 0.9800 2.7000
1.0400 0.9800 2.7000
1.0600 0.9800 2.7000
1.0800 0.9800 2.7000
1.1000 0.9800 2.7000
1.1200 0.9800 2.7000
1.1400 0.9800 2.7000
1.1600 0.9800 2.7000
1.1800 0.9800 2.7000
1.2000 0.9800 2.7000
1.2200 0.9800 2.7000
1.2400 0.9800 2.7000
1.2600 0.9800 2.7000
1.2800 0.9800 2.7000
1.3000 0.9800 2.7000
1.3200 0.9800 2.7000
1.3400 0.9800 2.7000
1.3600 0.9800 2.7000
1.3800 0.9800 2.7000
1.4000 0.9800 2.7000
1.4200 0.9800 2.7000
1.4400 0.9800 2.7000
1.4600 0.9800 2.7000
1.4800 0.9800 2.7000
1.5000 0.9800 2.7000
1.5200 0.9800 2.7000
1.5400 0.9800 2.7000
1.5600 0.9800 2.7000
1.5800 0.9800 2.7000
1.6000 0.9800 2.7000
1.6200 0.9800 2.7000
1.6400 0.9800 2.7000
1.6600 0.9800 2.7000
1.6800 0.9800 2.7000
1.7000 0.9800 2.7000
1.7200 0.9800 2.7000
1.7400 0.9800 2.7000
1.7600 0.9800 2.7000
1.7800 0.9800 2.7000
1.8000 0.9800 2.7000
1.8200 0.9800 2.7000
1.8400 0.9800 2.7000
1.8600 0.9800 2.7000
1.8800 0.9800 2.7000
1.9000 0.9800 2.7000
1.9200 0.9800 2.7000
1.9400 0.9800 2.7000
1.9600 0.9800 2.7000
1.9800 0.9800 2.7000
2.0000 0.9800 2.7000
2.0200 0.9800 2.7000
2.0400 0.9800 2.7000
2.0600 0.9800 2.7000
2.0800 0.9800 2.7000
2.1000 0.9800 2.7000
2.1200 0.9800 2.7000
2.1400 0.9800 2.7000
2.1600 0.9800 2.7000
2.1800 0.9800 2.7000
2.2000 0.9800 2.7000
2.2200 0.9800 2.7000
2.2400 0.9800 2.7000
2.2600 0.9800 2.7000
2.2800 0.9800 2.7000
2.3000 0.9800 2.7000
2.3200 0.9800 2.7000
2.3400 0.9800 2.7000
2.3600 0.9800 2.7000
2.3800 0.9800 2.7000
2.4000 0.9800 2.7000
2.4200 0.9800 2.7000
2.4400 0.9800 2.7000
2.4600 0.9800 2.7000
2.4800 0.9800 2.7000
2.5000 0.9800 2.7000
2.5200 0.9800 2.7000
2.5400 0.9800 2.7000
2.5600 0.9800 2.7000
2.5800 0.9800 2.7000
2.6000 0.9800 2.7000
2.6200 0.9800 2.7000
2.6400 0.9800 2.7000
2.6600 0.9800 2.7000
2.6800 0.9800 2.7000
2.7000 0.9800 2.7000
2.7200 0.9800 2.7000
2.7400 0.9800 2.7000
2.7600 0.9800 2.7000
2.7800 0.9800 2.7000
2.8000 0.9800 2.7000
2.8200 0.9800 2.7000
2.8400 0.9800 2.7000
2.8600 0.9800 2.7000
2.8800 0.9800 2.7000
2.9000 0.9800 2.7000
2.9200 0.9800 2.7000
2.9400 0.9800 2.7000
2.9600 0.9800 2.7000
2.9800 0.9800 2.7000
3.0000 0.9800 2.7000
3.0200 0.9800 2.7000
3.0400 0.9800 2.7000
3.0600 0.9800 2.7000
3.0800 0.9800 2.7000
3.1000 0.9800 2.7000
3.1200 0.9800 2.7000
3.1400 0.9800 2.7000
3.1600 0.9800 2.7000
3.1800 0.9800 2.7000
3.2000 0.9800 2.7000
3.2200 0.9800 2.7000
3.2400 0.9800 2.7000
3.2600 0.9800 2.7000
3.2800 0.9800 2.7000
3.3000 0.9800 2.7000
3.3200 0.9800 2.7000
3.3400 0.9800 2.7000
3.3600 0.9800 2.7000
3.3800 0.9800 2.7000
3.4000 0.9800 2.7000
3.4200 0.9800 2.7000
3.4400 0.9800 2.7000
3.4600 0.9800 2.7000
3.4800 0.9800 2.7000
3.5000 0.9800 2.7000
3.5200 0.9800 2.7000
3.5400 0.9800 2.7000
3.5600 0.9800 2.7000
3.5800 0.9800 2.7000
3.6000 0.9800 2.7000
3.6200 0.9800 2.7000
3.6400 0.9800 2.7000
3.6600 0.9800 2.7000
3.6800 0.9800 2.7000
3.7000 0.9800 2.7000
3.7200 0.9800 2.7000
3.7400 0.9800 2.7000
3.7600 0.9800 2.7000
3.7800 0.9800 2.7000
3.8000 0.9800 2.7000
3.8200 0.9800 2.7000
3.8400 0.9800 2.7000
3.8600 0.9800 2.7000
3.8800 0.9800 2.7000
3.9000 0.9800 2.7000
3.9200 0.9800 2.7000
3.9400 0.9800 2.7000
3.9600 0.9800 2.7000
3.9800 0.9800 2.7000
4.0000 0.9800 2.7000
4.0200 0.9800 2.7000
4.0400 0.9800 2.7000
4.0600 0.9800 2.7000
4.0800 0.9800 2.7000
4.1000 0.9800 2.7000
4.1200 0.9800 2.7000
4.1400 0.9800 2.7000
4.1600 0.9800 2.7000
4.1800 0.9800 2.7000
4.2000 0.9800 2.7000
4.2200 0.9800 2.7000
4.2400 0.9800 2.7000
4.2600 0.9800 2.7000
4.2800 0.9800 2.7000
4.3000 0.9800 2.7000
4.3200 0.9800 2.7000
4.3400 0.9800 2.7000
4.3600 0.9800 2.7000
4.3800 0.9800 2.7000
4.4000 0.9800 2.7000
4.4200 0.9800 2.7000
4.4400 0.9800 2.7000
4.4600 0.9800 2.7000
4.4800 0.9800 2.7000
4.5000 0.9800 2.7000
4.5200 0.9800 2.7000
4.5400 0.9800 2.7000
4.5600 0.9800 2.7000
4.5800 0.9800 2.7000
4.6000 0.9800 2.7000
4.6200 0.9800 2.7000
4.6400 0.9800 2.7000
4.6600 0.9800 2.7000
4.6800 0.9800 2.7000
4.7000 0.9800 2.7000
4.7200 0.9800 2.7000
4.7400 0.9800 2.7000
4.7600 0.9800 2.7000
4.7800 0.9800 2.7000
4.8000 0.9800 2.7000
4.8200 0.9800 2.7000
4.8400 0.9800 2.7000
4.8600 0.9800 2.7000
4.8800 0.9800 2.7000
4.9000 0.9800 2.7000
4.9200 0.9800 2.7000
4.9400 0.9800 2.7000
4.9600 0.9800 2.7000
4.9800 0.9800 2.7000
5.0000 0.9800 2.7000
5.0200 0.9800 2.7000
5.0400 0.9800 2.7000
5.0600 0.9800 2.7000
5.0800 0.9800 2.7000
5.1000 0.9800 2.7000
5.1200 0.9800 2.7000
5.1400 0.9800 2.7000
5.1600 0.9800 2.7000
5.1800 0.9800 2.7000
5.2000 0.9800 2.7000
5.2200 0.9800 2.7000
5.2400 0.9800 2.7000
5.2600 0.9800 2.7000
